iteration,steps,train/approx_kl,train/illegal_action_loss,train/imp_opp_after,train/imp_opp_before,train/policy_entropy,train/score
0,32768.0,0.0017803879454731941,0.06555621325969696,-1.6200000047683716,-1.4299999475479126,0.3708598017692566,20.600000381469727
1,65536.0,0.0011627300409600139,0.03610004857182503,-1.2200000286102295,-1.6200000047683716,0.42533156275749207,25.299999237060547
2,98304.0,0.0010648713214322925,0.06025061383843422,0.019999999552965164,-1.2200000286102295,0.3895748555660248,23.299999237060547
3,131072.0,0.0013379254378378391,0.0394175685942173,-0.47999998927116394,0.019999999552965164,0.4018069803714752,35.099998474121094
4,163840.0,0.000765972479712218,0.042418550699949265,-0.28999999165534973,-0.47999998927116394,0.4093848466873169,29.099998474121094
5,196608.0,0.0011482581030577421,0.10810501128435135,0.41999998688697815,-0.28999999165534973,0.3945545256137848,29.599998474121094
6,229376.0,0.0009878084529191256,0.06484202295541763,0.6499999761581421,0.41999998688697815,0.4064822793006897,35.39999771118164
7,262144.0,0.0009102261974476278,0.06827357411384583,0.6399999856948853,0.6499999761581421,0.4063815176486969,32.89999771118164
8,294912.0,0.0007626492879353464,0.1829206645488739,0.4699999988079071,0.6399999856948853,0.40112975239753723,37.39999771118164
9,327680.0,0.0010280462447553873,0.176386758685112,0.6499999761581421,0.4699999988079071,0.444368451833725,39.39999771118164
10,360448.0,0.0010398116428405046,0.08140074461698532,0.429999977350235,0.6499999761581421,0.4374568462371826,36.89999771118164
11,393216.0,0.000805896706879139,0.148825541138649,0.8700000047683716,0.429999977350235,0.4203718304634094,36.89999771118164
12,425984.0,0.0007470335112884641,0.17590419948101044,0.6599999666213989,0.8700000047683716,0.4434061050415039,36.89999771118164
13,458752.0,0.0009632240398786962,0.13720113039016724,0.5600000023841858,0.6599999666213989,0.40503039956092834,38.599998474121094
14,491520.0,0.001119784777984023,0.2813163697719574,0.550000011920929,0.5600000023841858,0.4379447102546692,38.599998474121094
15,524288.0,0.0007064648088999093,0.09599556028842926,0.7099999785423279,0.550000011920929,0.4083787202835083,38.599998474121094
16,557056.0,0.0007068982813507318,0.16861268877983093,0.8199999928474426,0.7099999785423279,0.4048829674720764,34.099998474121094
17,589824.0,0.0011445109266787767,0.2505961060523987,0.8199999928474426,0.8199999928474426,0.442474901676178,36.599998474121094
18,622592.0,0.0011241771280765533,0.19698110222816467,0.3499999940395355,0.8199999928474426,0.4271652102470398,36.599998474121094
19,655360.0,0.0012680391082540154,0.6407352685928345,0.35999998450279236,0.3499999940395355,0.4000740945339203,27.099998474121094
20,688128.0,0.0008726438391022384,0.12375721335411072,0.5799999833106995,0.35999998450279236,0.40035444498062134,23.299999237060547
21,720896.0,0.0011716249864548445,0.3067820370197296,0.6800000071525574,0.5799999833106995,0.4109904170036316,21.399999618530273
22,753664.0,0.0010790701489895582,0.2576045095920563,0.4599999785423279,0.6800000071525574,0.426236629486084,17.799999237060547
23,786432.0,0.0010160653619095683,0.47038087248802185,0.8799999952316284,0.4599999785423279,0.384610116481781,21.899999618530273
24,819200.0,0.001268099877052009,0.3497428297996521,0.6899999976158142,0.8799999952316284,0.3955319821834564,15.5
25,851968.0,0.0008648481452837586,0.5306068062782288,0.8299999833106995,0.6899999976158142,0.3996703624725342,16.100000381469727
26,884736.0,0.0009312921320088208,0.24569255113601685,0.9199999570846558,0.8299999833106995,0.4696727395057678,13.199999809265137
27,917504.0,0.0009837881661951542,0.30734318494796753,0.8799999952316284,0.9199999570846558,0.4597259759902954,12.5
28,950272.0,0.0009622614597901702,0.307259738445282,1.1200000047683716,0.8799999952316284,0.4383702278137207,11.5
29,983040.0,0.0009542732732370496,0.6971766948699951,1.1899999380111694,1.1200000047683716,0.43272799253463745,11.0
30,1015808.0,0.0006398467230610549,0.4224538803100586,1.5199999809265137,1.1899999380111694,0.3821330666542053,12.5
31,1048576.0,0.0010776396375149488,0.6911672353744507,1.649999976158142,1.5199999809265137,0.4226061999797821,16.19999885559082
32,1081344.0,0.001174491597339511,0.4059920012950897,1.6699999570846558,1.649999976158142,0.38916853070259094,17.799999237060547
33,1114112.0,0.0010910535929724574,0.8008778691291809,2.059999942779541,1.6699999570846558,0.4248998761177063,16.299999237060547
34,1146880.0,0.0008568637422285974,0.595359206199646,2.2200000286102295,2.059999942779541,0.3995620608329773,18.600000381469727
35,1179648.0,0.000984359416179359,0.8217201232910156,1.5199999809265137,2.2200000286102295,0.42406603693962097,18.600000381469727
36,1212416.0,0.001302934717386961,0.7459496259689331,2.0,1.5199999809265137,0.39918893575668335,28.299999237060547
37,1245184.0,0.0007615693029947579,0.8513473272323608,2.2799999713897705,2.0,0.4604242444038391,31.19999885559082
38,1277952.0,0.001061383169144392,0.9181890487670898,2.759999990463257,2.2799999713897705,0.4479462504386902,27.69999885559082
39,1310720.0,0.00110681913793087,0.9713979363441467,2.559999942779541,2.759999990463257,0.39558684825897217,29.299999237060547
40,1343488.0,0.0009020458674058318,0.7630735635757446,2.919999837875366,2.559999942779541,0.43327194452285767,29.299999237060547
41,1376256.0,0.0007808133959770203,1.0853614807128906,3.3299999237060547,2.919999837875366,0.42882710695266724,32.20000076293945
42,1409024.0,0.001154465600848198,1.0809352397918701,2.8899998664855957,3.3299999237060547,0.43957769870758057,30.69999885559082
43,1441792.0,0.0007607686566188931,1.2170069217681885,2.8999998569488525,2.8899998664855957,0.4369611442089081,16.799999237060547
44,1474560.0,0.0012059289729222655,1.0130698680877686,3.009999990463257,2.8999998569488525,0.4054514467716217,34.79999923706055
45,1507328.0,0.0013614280615001917,1.0271377563476562,3.009999990463257,3.009999990463257,0.4086359441280365,25.299999237060547
46,1540096.0,0.0008264976786449552,0.9238595962524414,3.429999828338623,3.009999990463257,0.44962072372436523,35.5
47,1572864.0,0.0008722955826669931,1.1745039224624634,3.359999895095825,3.429999828338623,0.4218771457672119,38.79999923706055
48,1605632.0,0.0006822662544436753,1.3922830820083618,3.129999876022339,3.359999895095825,0.4339149594306946,28.599998474121094
49,1638400.0,0.0012169218389317393,1.1834547519683838,3.1599998474121094,3.129999876022339,0.4061436057090759,31.099998474121094
50,1671168.0,0.0013176886131986976,1.3571795225143433,3.0,3.1599998474121094,0.41024214029312134,28.69999885559082
51,1703936.0,0.0011417961213737726,1.4146450757980347,2.4700000286102295,3.0,0.39919307827949524,29.899999618530273
52,1736704.0,0.0008364807581529021,1.3307288885116577,3.109999895095825,2.4700000286102295,0.38654088973999023,30.799999237060547
53,1769472.0,0.0013891805429011583,1.072860598564148,4.009999752044678,3.109999895095825,0.401028037071228,29.799999237060547
54,1802240.0,0.0014269959647208452,1.1551839113235474,3.509999990463257,4.009999752044678,0.4178333878517151,26.5
55,1835008.0,0.0010097625199705362,1.5010197162628174,3.419999837875366,3.509999990463257,0.4380457401275635,29.099998474121094
56,1867776.0,0.001335536828264594,1.3101983070373535,3.359999895095825,3.419999837875366,0.37513482570648193,29.599998474121094
57,1900544.0,0.0017619743011891842,1.1079721450805664,3.9700000286102295,3.359999895095825,0.43673521280288696,30.399999618530273
58,1933312.0,0.0009762089466676116,1.1174087524414062,4.029999732971191,3.9700000286102295,0.3706531822681427,36.39999771118164
59,1966080.0,0.0009313079644925892,1.0355602502822876,3.6599998474121094,4.029999732971191,0.3831915557384491,28.5
60,1998848.0,0.001374541432596743,1.7650636434555054,3.0799999237060547,3.6599998474121094,0.35978829860687256,30.0
61,2031616.0,0.0010042444337159395,1.6152976751327515,3.619999885559082,3.0799999237060547,0.4088026285171509,29.399999618530273
62,2064384.0,0.0008214215631596744,1.3067342042922974,3.740000009536743,3.619999885559082,0.41757404804229736,50.0
63,2097152.0,0.0011797570623457432,1.7621488571166992,3.679999828338623,3.740000009536743,0.38166677951812744,51.69999694824219
64,2129920.0,0.0009471720550209284,1.659778356552124,3.990000009536743,3.679999828338623,0.3851374685764313,52.79999923706055
65,2162688.0,0.000703189056366682,1.4263174533843994,4.659999847412109,3.990000009536743,0.38069748878479004,51.69999694824219
66,2195456.0,0.0011478655505925417,1.6682358980178833,3.759999990463257,4.659999847412109,0.3879513740539551,37.79999923706055
67,2228224.0,0.0009424311574548483,1.2731446027755737,3.7099997997283936,3.759999990463257,0.40235739946365356,40.0
68,2260992.0,0.0013076738687232137,1.4349472522735596,3.7699999809265137,3.7099997997283936,0.4032939374446869,38.20000076293945
69,2293760.0,0.0008275706204585731,1.8031041622161865,3.0,3.7699999809265137,0.36744728684425354,22.899999618530273
70,2326528.0,0.0009459012071602046,1.3253264427185059,3.429999828338623,3.0,0.3984715938568115,35.20000076293945
71,2359296.0,0.000972944893874228,1.7491827011108398,3.5199999809265137,3.429999828338623,0.36922982335090637,30.19999885559082
72,2392064.0,0.0012832360807806253,2.0993292331695557,3.819999933242798,3.5199999809265137,0.3710714280605316,47.20000076293945
73,2424832.0,0.0011649224907159805,1.7378565073013306,3.109999895095825,3.819999933242798,0.40392327308654785,43.20000076293945
74,2457600.0,0.0010864147916436195,2.0673789978027344,3.3499999046325684,3.109999895095825,0.38030779361724854,33.599998474121094
75,2490368.0,0.001179167884401977,1.6281447410583496,2.9800000190734863,3.3499999046325684,0.3729839026927948,33.099998474121094
76,2523136.0,0.0008921354310587049,1.6681019067764282,3.0299999713897705,2.9800000190734863,0.3667148947715759,32.89999771118164
77,2555904.0,0.0009010903886519372,1.4061166048049927,3.679999828338623,3.0299999713897705,0.3457512855529785,28.099998474121094
78,2588672.0,0.0008596150437369943,1.785508632659912,2.5399999618530273,3.679999828338623,0.3884299397468567,35.29999923706055
79,2621440.0,0.001206075306981802,1.9131478071212769,3.0899999141693115,2.5399999618530273,0.38543999195098877,32.0
80,2654208.0,0.0007523419335484505,1.7860097885131836,2.8899998664855957,3.0899999141693115,0.34516000747680664,43.0
81,2686976.0,0.0009725209092721343,1.4872872829437256,3.369999885559082,2.8899998664855957,0.37080755829811096,34.89999771118164
82,2719744.0,0.0008484959835186601,1.5773296356201172,3.0399999618530273,3.369999885559082,0.3613840937614441,28.399999618530273
83,2752512.0,0.001096879132091999,1.995582938194275,3.5,3.0399999618530273,0.36920711398124695,28.799999237060547
84,2785280.0,0.0012286126147955656,1.5651558637619019,4.019999980926514,3.5,0.389986515045166,29.5
85,2818048.0,0.001223276136443019,1.6706806421279907,4.259999752044678,4.019999980926514,0.36439770460128784,27.19999885559082
86,2850816.0,0.0010401604231446981,1.8627325296401978,4.019999980926514,4.259999752044678,0.38061201572418213,34.89999771118164
87,2883584.0,0.0011026578722521663,1.6932487487792969,4.400000095367432,4.019999980926514,0.38590922951698303,39.89999771118164
88,2916352.0,0.001423223060555756,1.7933393716812134,3.919999837875366,4.400000095367432,0.35368531942367554,29.69999885559082
89,2949120.0,0.0010103682288900018,1.727945327758789,3.1999998092651367,3.919999837875366,0.36076486110687256,30.599998474121094
90,2981888.0,0.0007373826811090112,1.8039053678512573,3.0199999809265137,3.1999998092651367,0.36208879947662354,39.599998474121094
91,3014656.0,0.001091507263481617,1.7657166719436646,3.5799999237060547,3.0199999809265137,0.3711347281932831,37.0
92,3047424.0,0.0010110187577083707,1.4890213012695312,3.3399999141693115,3.5799999237060547,0.3637281656265259,40.099998474121094
93,3080192.0,0.0007666923338547349,1.7241315841674805,3.419999837875366,3.3399999141693115,0.37464767694473267,43.099998474121094
94,3112960.0,0.001012926222756505,2.205925464630127,3.3499999046325684,3.419999837875366,0.37455612421035767,47.599998474121094
95,3145728.0,0.001252835150808096,1.9040042161941528,3.0999999046325684,3.3499999046325684,0.3601163625717163,48.79999923706055
96,3178496.0,0.0008130359929054976,2.001133918762207,2.950000047683716,3.0999999046325684,0.35307776927948,44.599998474121094
97,3211264.0,0.0010508305858820677,2.0950915813446045,2.990000009536743,2.950000047683716,0.34725797176361084,45.79999923706055
98,3244032.0,0.0008215461857616901,2.131075143814087,3.569999933242798,2.990000009536743,0.3643149733543396,40.5
99,3276800.0,0.0012319425586611032,1.674038290977478,3.3899998664855957,3.569999933242798,0.34647735953330994,44.099998474121094
100,3309568.0,0.001401740126311779,2.100221872329712,3.43999981880188,3.3899998664855957,0.39464443922042847,44.29999923706055
101,3342336.0,0.0013324195751920342,1.5640958547592163,2.990000009536743,3.43999981880188,0.37997549772262573,42.099998474121094
102,3375104.0,0.0006456729606725276,2.05487322807312,2.7899999618530273,2.990000009536743,0.3476487696170807,31.299999237060547
103,3407872.0,0.001140217063948512,2.2781982421875,2.7300000190734863,2.7899999618530273,0.3702585995197296,27.799999237060547
104,3440640.0,0.0013450185069814324,2.059692859649658,2.919999837875366,2.7300000190734863,0.3567681312561035,27.799999237060547
105,3473408.0,0.0011221289169043303,1.9224071502685547,3.2300000190734863,2.919999837875366,0.3072229325771332,27.599998474121094
106,3506176.0,0.0012055792612954974,1.9256653785705566,2.950000047683716,3.2300000190734863,0.3480762839317322,42.20000076293945
107,3538944.0,0.0010915922466665506,2.09808611869812,3.679999828338623,2.950000047683716,0.33885645866394043,30.19999885559082
108,3571712.0,0.0009654820314608514,1.7902593612670898,3.609999895095825,3.679999828338623,0.36249274015426636,42.89999771118164
109,3604480.0,0.0010868499521166086,2.1302566528320312,3.9099998474121094,3.609999895095825,0.3576659560203552,43.39999771118164
110,3637248.0,0.0009738624794408679,1.7728188037872314,3.9499998092651367,3.9099998474121094,0.32917505502700806,40.79999923706055
111,3670016.0,0.0013318369165062904,2.123971700668335,3.8399999141693115,3.9499998092651367,0.32525864243507385,39.79999923706055
112,3702784.0,0.0011893169721588492,2.1381947994232178,3.7799999713897705,3.8399999141693115,0.32875657081604004,43.70000076293945
113,3735552.0,0.0009636696195229888,2.1178131103515625,4.019999980926514,3.7799999713897705,0.3669414520263672,43.099998474121094
114,3768320.0,0.0013062478974461555,1.718069076538086,4.069999694824219,4.019999980926514,0.3443511128425598,45.39999771118164
115,3801088.0,0.001006963662803173,1.8850167989730835,3.7899999618530273,4.069999694824219,0.3515859842300415,45.39999771118164
116,3833856.0,0.00077106524258852,1.8236796855926514,3.859999895095825,3.7899999618530273,0.32437944412231445,52.89999771118164
117,3866624.0,0.0011661669705063105,1.9575837850570679,3.7899999618530273,3.859999895095825,0.3400554955005646,52.89999771118164
118,3899392.0,0.0011202224995940924,1.974668025970459,3.8499999046325684,3.7899999618530273,0.3298931121826172,52.89999771118164
119,3932160.0,0.000985416118055582,1.9257808923721313,3.8499999046325684,3.8499999046325684,0.33749711513519287,51.599998474121094
120,3964928.0,0.001003733486868441,1.6435381174087524,3.919999837875366,3.8499999046325684,0.3488674759864807,52.89999771118164
121,3997696.0,0.0025427634827792645,1.6894258260726929,3.759999990463257,3.919999837875366,0.3609059453010559,50.70000076293945
122,4030464.0,0.0010493920417502522,1.741890549659729,3.759999990463257,3.759999990463257,0.3253205418586731,48.79999923706055
123,4063232.0,0.0012635784223675728,1.6574840545654297,3.7799999713897705,3.759999990463257,0.33607983589172363,46.5
124,4096000.0,0.0006445483304560184,1.6888082027435303,3.7899999618530273,3.7799999713897705,0.34621065855026245,46.5
125,4128768.0,0.0013538387138396502,1.4207830429077148,3.8399999141693115,3.7899999618530273,0.3229614496231079,46.5
126,4161536.0,0.0011617786949500442,2.1246044635772705,3.759999990463257,3.8399999141693115,0.34357067942619324,44.0
127,4194304.0,0.0005939115071669221,2.058915615081787,3.809999942779541,3.759999990463257,0.3775651454925537,45.89999771118164
128,4227072.0,0.0012857289984822273,2.11657977104187,3.7799999713897705,3.809999942779541,0.32355445623397827,47.5
129,4259840.0,0.0007784601184539497,2.010960340499878,3.7699999809265137,3.7799999713897705,0.35167914628982544,50.70000076293945
130,4292608.0,0.0008239703602157533,1.850126028060913,3.7899999618530273,3.7699999809265137,0.30781131982803345,50.70000076293945
131,4325376.0,0.0007356202695518732,1.90805184841156,3.7699999809265137,3.7899999618530273,0.30603986978530884,50.70000076293945
132,4358144.0,0.000716362614184618,1.7627143859863281,3.809999942779541,3.7699999809265137,0.30237889289855957,45.29999923706055
133,4390912.0,0.0007587868603877723,2.159674882888794,3.859999895095825,3.809999942779541,0.290817528963089,47.20000076293945
134,4423680.0,0.0010874464642256498,1.854720950126648,4.019999980926514,3.859999895095825,0.3407552242279053,46.29999923706055
135,4456448.0,0.0007939199567772448,1.8687185049057007,3.559999942779541,4.019999980926514,0.33429470658302307,45.599998474121094
136,4489216.0,0.0007234663935378194,1.5530624389648438,3.990000009536743,3.559999942779541,0.3079072833061218,46.29999923706055
137,4521984.0,0.0012396404054015875,1.7284221649169922,3.3899998664855957,3.990000009536743,0.3281659781932831,47.599998474121094
138,4554752.0,0.0006127791712060571,1.7891910076141357,3.069999933242798,3.3899998664855957,0.30016300082206726,45.29999923706055
139,4587520.0,0.0008004634873941541,1.890214204788208,3.3499999046325684,3.069999933242798,0.33885419368743896,38.599998474121094
140,4620288.0,0.0010375571437180042,1.8150122165679932,3.429999828338623,3.3499999046325684,0.2982207238674164,38.599998474121094
141,4653056.0,0.0008595386752858758,1.8866440057754517,3.4099998474121094,3.429999828338623,0.3000085949897766,38.599998474121094
142,4685824.0,0.0008273352868855,1.670663595199585,3.5999999046325684,3.4099998474121094,0.3249608874320984,38.599998474121094
143,4718592.0,0.0009294530609622598,1.6879912614822388,3.68999981880188,3.5999999046325684,0.31375494599342346,41.0
144,4751360.0,0.0006905829068273306,1.8366589546203613,3.669999837875366,3.68999981880188,0.29830026626586914,35.5
145,4784128.0,0.0007120398804545403,1.3165454864501953,4.039999961853027,3.669999837875366,0.3432754576206207,34.20000076293945
146,4816896.0,0.0008809748105704784,1.67482328414917,4.150000095367432,4.039999961853027,0.33346909284591675,36.0
147,4849664.0,0.0010473182192072272,1.6026153564453125,3.7799999713897705,4.150000095367432,0.3075955808162689,37.29999923706055
148,4882432.0,0.0008947144960984588,1.7602962255477905,4.239999771118164,3.7799999713897705,0.31534355878829956,35.70000076293945
149,4915200.0,0.0014094046782702208,1.722385287284851,3.809999942779541,4.239999771118164,0.3167807459831238,35.79999923706055
150,4947968.0,0.0007878168835304677,1.7409111261367798,4.119999885559082,3.809999942779541,0.2955520749092102,35.79999923706055
151,4980736.0,0.0008179107098840177,1.893805742263794,4.079999923706055,4.119999885559082,0.3322848677635193,35.79999923706055
152,5013504.0,0.0013791749952360988,1.7027826309204102,3.869999885559082,4.079999923706055,0.3007466197013855,41.20000076293945
153,5046272.0,0.0013375645503401756,1.586594581604004,4.230000019073486,3.869999885559082,0.34104791283607483,41.20000076293945
154,5079040.0,0.0010322416201233864,1.761015772819519,3.7099997997283936,4.230000019073486,0.3242949843406677,41.20000076293945
155,5111808.0,0.0008740508928894997,1.7873597145080566,3.75,3.7099997997283936,0.30100017786026,39.70000076293945
156,5144576.0,0.0009387556929141283,1.7052420377731323,3.75,3.75,0.31378209590911865,39.70000076293945
157,5177344.0,0.0009913259418681264,1.7545361518859863,3.7300000190734863,3.75,0.28660184144973755,45.099998474121094
158,5210112.0,0.0008948610629886389,1.6943976879119873,3.379999876022339,3.7300000190734863,0.29520541429519653,46.20000076293945
159,5242880.0,0.001089849160052836,1.6054538488388062,3.93999981880188,3.379999876022339,0.32958969473838806,46.29999923706055
160,5275648.0,0.0011816378682851791,1.7323193550109863,3.3499999046325684,3.93999981880188,0.29998278617858887,43.20000076293945
161,5308416.0,0.0006591963465325534,1.1222718954086304,3.490000009536743,3.3499999046325684,0.276141881942749,41.39999771118164
162,5341184.0,0.0012332419864833355,1.6231106519699097,3.259999990463257,3.490000009536743,0.33760643005371094,42.0
163,5373952.0,0.0013018420431762934,1.4805126190185547,3.5999999046325684,3.259999990463257,0.3017962872982025,41.89999771118164
164,5406720.0,0.0010623667621985078,1.5637692213058472,3.5799999237060547,3.5999999046325684,0.2864997684955597,35.29999923706055
165,5439488.0,0.0010303030721843243,1.9621338844299316,3.7099997997283936,3.5799999237060547,0.3185344934463501,37.79999923706055
166,5472256.0,0.0008048827294260263,1.6501948833465576,3.009999990463257,3.7099997997283936,0.29500412940979004,38.5
167,5505024.0,0.0009877104312181473,1.6433005332946777,3.4600000381469727,3.009999990463257,0.3309185802936554,35.79999923706055
168,5537792.0,0.0014343047514557838,1.9780044555664062,3.3899998664855957,3.4600000381469727,0.32331711053848267,35.79999923706055
169,5570560.0,0.0010426286607980728,1.6000394821166992,3.18999981880188,3.3899998664855957,0.33537375926971436,38.5
170,5603328.0,0.0008094293298199773,1.8214467763900757,3.3499999046325684,3.18999981880188,0.3285565674304962,34.20000076293945
171,5636096.0,0.0009776828810572624,1.664001703262329,3.049999952316284,3.3499999046325684,0.3182716369628906,52.29999923706055
172,5668864.0,0.0020648613572120667,1.7588272094726562,3.5399999618530273,3.049999952316284,0.31134530901908875,35.79999923706055
173,5701632.0,0.0011064631398767233,1.957901120185852,3.18999981880188,3.5399999618530273,0.3080665171146393,33.29999923706055
174,5734400.0,0.0010089140851050615,1.8050267696380615,3.0999999046325684,3.18999981880188,0.3002793788909912,35.79999923706055
175,5767168.0,0.0012570279650390148,1.6118505001068115,2.8899998664855957,3.0999999046325684,0.3033430576324463,34.099998474121094
176,5799936.0,0.0011972890933975577,1.9317833185195923,2.690000057220459,2.8899998664855957,0.3129955530166626,32.79999923706055
177,5832704.0,0.0008279843023046851,1.7206811904907227,3.069999933242798,2.690000057220459,0.3144043982028961,40.599998474121094
178,5865472.0,0.000812206999398768,1.6913299560546875,3.1599998474121094,3.069999933242798,0.30623435974121094,38.099998474121094
179,5898240.0,0.0010233630891889334,1.8346943855285645,2.700000047683716,3.1599998474121094,0.3106063902378082,36.39999771118164
180,5931008.0,0.0007698009721934795,1.9907832145690918,2.7100000381469727,2.700000047683716,0.2959837317466736,49.39999771118164
181,5963776.0,0.0009949058294296265,1.8814265727996826,2.679999828338623,2.7100000381469727,0.30312010645866394,49.29999923706055
182,5996544.0,0.000950122601352632,1.9866604804992676,3.059999942779541,2.679999828338623,0.33437836170196533,27.799999237060547
183,6029312.0,0.000800794456154108,1.4766898155212402,3.169999837875366,3.059999942779541,0.31255102157592773,42.0
184,6062080.0,0.001148107461631298,1.6125110387802124,3.0799999237060547,3.169999837875366,0.2918979823589325,46.79999923706055
185,6094848.0,0.0010342664318159223,2.0422236919403076,2.9700000286102295,3.0799999237060547,0.3171667456626892,38.599998474121094
186,6127616.0,0.0013957167975604534,1.8718518018722534,2.7100000381469727,2.9700000286102295,0.32340049743652344,44.29999923706055
187,6160384.0,0.0010636185761541128,1.825507640838623,3.0399999618530273,2.7100000381469727,0.2641369104385376,44.29999923706055
188,6193152.0,0.000760647002607584,1.4265333414077759,3.1399998664855957,3.0399999618530273,0.29527556896209717,44.89999771118164
189,6225920.0,0.0009864764288067818,1.8081434965133667,3.359999895095825,3.1399998664855957,0.3243979513645172,31.799999237060547
190,6258688.0,0.0007655779481865466,1.6198140382766724,3.4600000381469727,3.359999895095825,0.31246086955070496,34.89999771118164
191,6291456.0,0.0010543586686253548,1.921683669090271,3.5299999713897705,3.4600000381469727,0.29635506868362427,22.5
192,6324224.0,0.0013727640034630895,1.8356220722198486,3.559999942779541,3.5299999713897705,0.31757304072380066,21.5
193,6356992.0,0.0007553797331638634,1.9033597707748413,3.5399999618530273,3.559999942779541,0.31257855892181396,30.5
194,6389760.0,0.0006188711267895997,1.6899363994598389,2.669999837875366,3.5399999618530273,0.2962614893913269,30.5
195,6422528.0,0.0010859963949769735,2.007399797439575,2.4099998474121094,2.669999837875366,0.30489370226860046,35.39999771118164
196,6455296.0,0.0007322560995817184,1.93147611618042,2.7699999809265137,2.4099998474121094,0.3123290538787842,29.69999885559082
197,6488064.0,0.001075610052794218,2.0365684032440186,2.7699999809265137,2.7699999809265137,0.2931560277938843,35.5
198,6520832.0,0.0011137435212731361,1.7226649522781372,2.700000047683716,2.7699999809265137,0.3287509083747864,37.0
199,6553600.0,0.0008397215278819203,2.0852904319763184,2.6499998569488525,2.700000047683716,0.3214387893676758,33.89999771118164
200,6586368.0,0.0008042958215810359,1.9588358402252197,2.25,2.6499998569488525,0.28259867429733276,25.69999885559082
201,6619136.0,0.0010956309270113707,1.6794450283050537,2.5899999141693115,2.25,0.3087533116340637,30.399999618530273
202,6651904.0,0.0012074747355654836,1.7032122611999512,2.700000047683716,2.5899999141693115,0.3113928437232971,32.29999923706055
203,6684672.0,0.0010538867209106684,1.9657816886901855,2.450000047683716,2.700000047683716,0.30753862857818604,37.29999923706055
204,6717440.0,0.0016782376915216446,2.1269123554229736,2.9700000286102295,2.450000047683716,0.29704296588897705,35.29999923706055
205,6750208.0,0.000825312570668757,2.0611236095428467,2.690000057220459,2.9700000286102295,0.3140240013599396,34.39999771118164
206,6782976.0,0.001404425478540361,1.9603908061981201,2.569999933242798,2.690000057220459,0.2985132932662964,36.20000076293945
207,6815744.0,0.0011865326669067144,2.1858417987823486,2.569999933242798,2.569999933242798,0.3188091516494751,36.89999771118164
208,6848512.0,0.001196391647681594,1.9251524209976196,2.5,2.569999933242798,0.31177085638046265,47.599998474121094
209,6881280.0,0.0012851261999458075,2.0331344604492188,2.619999885559082,2.5,0.3028033673763275,31.099998474121094
210,6914048.0,0.0012503282632678747,2.0605640411376953,2.4600000381469727,2.619999885559082,0.2973828613758087,42.5
211,6946816.0,0.0008655916899442673,1.7000703811645508,2.869999885559082,2.4600000381469727,0.2842077612876892,35.70000076293945
212,6979584.0,0.0009500773157924414,2.0281455516815186,2.450000047683716,2.869999885559082,0.29513901472091675,35.70000076293945
213,7012352.0,0.0011369700077921152,1.8091304302215576,2.3399999141693115,2.450000047683716,0.30560368299484253,29.5
214,7045120.0,0.0008874438935890794,2.051504611968994,2.4099998474121094,2.3399999141693115,0.2851859927177429,26.099998474121094
215,7077888.0,0.0007951065781526268,1.9325144290924072,2.5199999809265137,2.4099998474121094,0.2897414565086365,30.399999618530273
216,7110656.0,0.0010438926983624697,1.5490189790725708,2.450000047683716,2.5199999809265137,0.2799091041088104,33.599998474121094
217,7143424.0,0.0009706865530461073,2.1190359592437744,2.25,2.450000047683716,0.2968943119049072,31.299999237060547
218,7176192.0,0.001066794851794839,1.6369889974594116,2.549999952316284,2.25,0.31100618839263916,37.29999923706055
219,7208960.0,0.0009494094410911202,2.0378189086914062,2.859999895095825,2.549999952316284,0.32006752490997314,32.79999923706055
220,7241728.0,0.001611118670552969,1.8417905569076538,2.93999981880188,2.859999895095825,0.26460355520248413,38.599998474121094
221,7274496.0,0.0013225656002759933,1.9520998001098633,3.0199999809265137,2.93999981880188,0.3139428198337555,44.70000076293945
222,7307264.0,0.0008530922932550311,1.7198158502578735,2.690000057220459,3.0199999809265137,0.3086470365524292,31.299999237060547
223,7340032.0,0.0007217694073915482,1.9427677392959595,2.549999952316284,2.690000057220459,0.28205567598342896,23.799999237060547
224,7372800.0,0.0007750123040750623,2.025853157043457,3.0,2.549999952316284,0.28088027238845825,29.5
225,7405568.0,0.0006466505583375692,1.9505105018615723,3.0299999713897705,3.0,0.289841890335083,30.399999618530273
226,7438336.0,0.001318880240432918,2.0690596103668213,3.1399998664855957,3.0299999713897705,0.29644322395324707,36.599998474121094
227,7471104.0,0.0008112386567518115,1.6143471002578735,2.7300000190734863,3.1399998664855957,0.29089686274528503,37.099998474121094
228,7503872.0,0.0011835158802568913,1.9028825759887695,2.549999952316284,2.7300000190734863,0.28079962730407715,41.599998474121094
229,7536640.0,0.0007706306641921401,2.216132879257202,2.5899999141693115,2.549999952316284,0.30420243740081787,35.5
230,7569408.0,0.000942695012781769,2.0328476428985596,2.25,2.5899999141693115,0.2976975739002228,30.399999618530273
231,7602176.0,0.0008573170052841306,1.760089635848999,2.4099998474121094,2.25,0.3048234283924103,24.899999618530273
232,7634944.0,0.0006732384208589792,1.992587685585022,2.4099998474121094,2.4099998474121094,0.28118377923965454,32.099998474121094
233,7667712.0,0.0006975135765969753,1.8831446170806885,2.4600000381469727,2.4099998474121094,0.2835133373737335,39.20000076293945
234,7700480.0,0.0011043756967410445,2.1064791679382324,2.619999885559082,2.4600000381469727,0.30760854482650757,41.599998474121094
235,7733248.0,0.0008043392444960773,1.8363162279129028,2.9700000286102295,2.619999885559082,0.3060865104198456,40.70000076293945
236,7766016.0,0.0009971573017537594,2.1133627891540527,3.43999981880188,2.9700000286102295,0.28567859530448914,52.19999694824219
237,7798784.0,0.0008229189552366734,1.836612582206726,3.179999828338623,3.43999981880188,0.30166155099868774,52.19999694824219
238,7831552.0,0.0012458316050469875,1.3910746574401855,3.059999942779541,3.179999828338623,0.29529833793640137,39.79999923706055
239,7864320.0,0.0008861336973495781,2.023340940475464,3.069999933242798,3.059999942779541,0.2807784080505371,45.89999771118164
240,7897088.0,0.0007620104588568211,1.9650559425354004,3.129999876022339,3.069999933242798,0.2861519157886505,43.39999771118164
241,7929856.0,0.0005431160680018365,1.4375207424163818,2.8999998569488525,3.129999876022339,0.26448169350624084,40.89999771118164
242,7962624.0,0.0009183856891468167,1.8354872465133667,2.8999998569488525,2.8999998569488525,0.30268052220344543,45.20000076293945
243,7995392.0,0.0008873299229890108,1.7737188339233398,3.179999828338623,2.8999998569488525,0.25260019302368164,45.599998474121094
244,8028160.0,0.0009621594799682498,2.1458637714385986,3.0,3.179999828338623,0.2969776391983032,48.5
245,8060928.0,0.0011787693947553635,1.879304051399231,2.7799999713897705,3.0,0.32931309938430786,48.099998474121094
246,8093696.0,0.0010812056716531515,2.277838945388794,2.75,2.7799999713897705,0.30742377042770386,50.0
247,8126464.0,0.0009807361057028174,1.6893113851547241,2.8999998569488525,2.75,0.2899027466773987,46.70000076293945
248,8159232.0,0.0010310803772881627,1.8451728820800781,2.8999998569488525,2.8999998569488525,0.3083232641220093,44.89999771118164
249,8192000.0,0.0009213092853315175,1.7702864408493042,3.0199999809265137,2.8999998569488525,0.31438538432121277,47.39999771118164
250,8224768.0,0.0015117718139663339,1.959287166595459,2.9800000190734863,3.0199999809265137,0.3058980703353882,51.0
251,8257536.0,0.0008383805397897959,1.756034255027771,3.1399998664855957,2.9800000190734863,0.26742023229599,48.0
252,8290304.0,0.0010359905427321792,2.0822134017944336,3.359999895095825,3.1399998664855957,0.3265458047389984,51.79999923706055
253,8323072.0,0.0007186055299825966,1.8169755935668945,2.759999990463257,3.359999895095825,0.3150089979171753,59.099998474121094
254,8355840.0,0.0008958654943853617,2.0277531147003174,3.490000009536743,2.759999990463257,0.31541669368743896,49.20000076293945
255,8388608.0,0.0011406636331230402,2.1886849403381348,3.4800000190734863,3.490000009536743,0.321738064289093,50.0
256,8421376.0,0.0008896910585463047,1.7976775169372559,3.259999990463257,3.4800000190734863,0.29046037793159485,44.39999771118164
257,8454144.0,0.0013168917503207922,1.9606647491455078,3.2899999618530273,3.259999990463257,0.29227665066719055,49.599998474121094
258,8486912.0,0.0007733123493380845,1.8780362606048584,3.1999998092651367,3.2899999618530273,0.28847968578338623,48.20000076293945
259,8519680.0,0.0017297943122684956,1.7787556648254395,3.0999999046325684,3.1999998092651367,0.297004759311676,59.599998474121094
260,8552448.0,0.0007352762040682137,1.9007492065429688,3.1999998092651367,3.0999999046325684,0.2893352806568146,58.599998474121094
261,8585216.0,0.0009424007730558515,1.9400757551193237,3.2100000381469727,3.1999998092651367,0.27529361844062805,58.0
262,8617984.0,0.0008180808508768678,1.7408803701400757,3.2300000190734863,3.2100000381469727,0.28450748324394226,60.099998474121094
263,8650752.0,0.0007268982008099556,2.0658645629882812,3.319999933242798,3.2300000190734863,0.29861152172088623,57.5
264,8683520.0,0.0012855853419750929,2.053813934326172,3.259999990463257,3.319999933242798,0.2930032014846802,59.0
265,8716288.0,0.0009500700398348272,1.9015306234359741,3.059999942779541,3.259999990463257,0.3000093102455139,52.89999771118164
266,8749056.0,0.001172240125015378,1.6605578660964966,3.049999952316284,3.059999942779541,0.31984424591064453,54.099998474121094
267,8781824.0,0.0006151687121018767,2.0975522994995117,3.059999942779541,3.049999952316284,0.3006989359855652,60.89999771118164
268,8814592.0,0.001138536143116653,1.6964361667633057,3.119999885559082,3.059999942779541,0.31266582012176514,61.29999923706055
269,8847360.0,0.0008162840385921299,1.685525894165039,3.0899999141693115,3.119999885559082,0.29753705859184265,64.0999984741211
270,8880128.0,0.0009365311707369983,1.5019302368164062,3.009999990463257,3.0899999141693115,0.29827600717544556,61.79999923706055
271,8912896.0,0.0007197180530056357,1.8912386894226074,2.990000009536743,3.009999990463257,0.2977394759654999,51.39999771118164
272,8945664.0,0.0010070662247017026,2.2499256134033203,3.1599998474121094,2.990000009536743,0.28043031692504883,49.5
273,8978432.0,0.0011246397625654936,1.846871256828308,3.0199999809265137,3.1599998474121094,0.3154186010360718,58.099998474121094
274,9011200.0,0.0010674017248675227,1.705322027206421,3.259999990463257,3.0199999809265137,0.3052958846092224,44.39999771118164
275,9043968.0,0.0012255437904968858,2.1947271823883057,2.859999895095825,3.259999990463257,0.296973317861557,59.69999694824219
276,9076736.0,0.0006542614428326488,1.9260457754135132,2.9099998474121094,2.859999895095825,0.2675777077674866,46.599998474121094
277,9109504.0,0.000975901260972023,1.5308276414871216,2.799999952316284,2.9099998474121094,0.3028232455253601,42.39999771118164
278,9142272.0,0.0009991576662287116,1.986094355583191,2.5399999618530273,2.799999952316284,0.30426454544067383,39.29999923706055
279,9175040.0,0.0010225296718999743,1.9205623865127563,2.7799999713897705,2.5399999618530273,0.2666519284248352,36.39999771118164
280,9207808.0,0.001097036642022431,1.7402613162994385,2.6499998569488525,2.7799999713897705,0.28407013416290283,22.5
281,9240576.0,0.0008913828060030937,1.795654296875,2.740000009536743,2.6499998569488525,0.29561060667037964,28.299999237060547
282,9273344.0,0.0006957802106626332,2.012586832046509,2.5299999713897705,2.740000009536743,0.30977511405944824,21.5
283,9306112.0,0.0009863581508398056,1.7927424907684326,2.5399999618530273,2.5299999713897705,0.31837549805641174,36.70000076293945
284,9338880.0,0.0014659406151622534,1.4484213590621948,2.9800000190734863,2.5399999618530273,0.3043920397758484,37.20000076293945
285,9371648.0,0.0008005331619642675,1.9208799600601196,3.009999990463257,2.9800000190734863,0.2913651168346405,38.39999771118164
286,9404416.0,0.001064825220964849,1.6415094137191772,3.059999942779541,3.009999990463257,0.2819862961769104,41.29999923706055
287,9437184.0,0.0007378292502835393,2.0775065422058105,2.8299999237060547,3.059999942779541,0.29530462622642517,44.20000076293945
288,9469952.0,0.0009255631593987346,1.5250532627105713,3.179999828338623,2.8299999237060547,0.2939157485961914,33.89999771118164
289,9502720.0,0.001026442740112543,1.5661358833312988,3.2200000286102295,3.179999828338623,0.2792169451713562,35.599998474121094
290,9535488.0,0.0009175821323879063,1.83567476272583,3.179999828338623,3.2200000286102295,0.28585726022720337,40.20000076293945
291,9568256.0,0.0008763356017880142,1.3889793157577515,2.619999885559082,3.179999828338623,0.2838253378868103,40.20000076293945
292,9601024.0,0.001073763007298112,1.5464998483657837,2.6399998664855957,2.619999885559082,0.3075079917907715,40.099998474121094
293,9633792.0,0.0010096351616084576,1.9595733880996704,2.609999895095825,2.6399998664855957,0.29936978220939636,31.5
294,9666560.0,0.0009636037284508348,2.066185474395752,2.319999933242798,2.609999895095825,0.2712022662162781,29.099998474121094
295,9699328.0,0.0009576145093888044,1.8119114637374878,2.7100000381469727,2.319999933242798,0.2970086932182312,19.799999237060547
296,9732096.0,0.0006501484895125031,1.534521222114563,2.4800000190734863,2.7100000381469727,0.26460978388786316,17.100000381469727
297,9764864.0,0.001151551608927548,1.7657402753829956,2.200000047683716,2.4800000190734863,0.31405991315841675,15.899999618530273
298,9797632.0,0.0011442478280514479,1.6776243448257446,2.299999952316284,2.200000047683716,0.2804039418697357,24.399999618530273
299,9830400.0,0.0011239079758524895,1.7528629302978516,2.319999933242798,2.299999952316284,0.28290045261383057,13.09999942779541
300,9863168.0,0.0009629386477172375,2.24180006980896,2.6399998664855957,2.319999933242798,0.2851712703704834,17.899999618530273
301,9895936.0,0.0008166511543095112,1.9770561456680298,2.619999885559082,2.6399998664855957,0.27960658073425293,24.600000381469727
302,9928704.0,0.0011845130939036608,2.4326674938201904,2.669999837875366,2.619999885559082,0.29354897141456604,27.599998474121094
303,9961472.0,0.0009186266688629985,1.8991293907165527,2.5799999237060547,2.669999837875366,0.30568888783454895,30.5
304,9994240.0,0.0007460085325874388,1.9570802450180054,2.569999933242798,2.5799999237060547,0.3066082298755646,45.5
305,10027008.0,0.000719513394869864,2.2703609466552734,2.5899999141693115,2.569999933242798,0.2945082187652588,39.5
306,10059776.0,0.000982931349426508,2.019753932952881,2.669999837875366,2.5899999141693115,0.2864609658718109,42.599998474121094
307,10092544.0,0.0013105792459100485,1.903629183769226,2.6599998474121094,2.669999837875366,0.29611027240753174,33.599998474121094
308,10125312.0,0.0007945175748318434,1.8195221424102783,3.0799999237060547,2.6599998474121094,0.29573675990104675,40.0
309,10158080.0,0.000761299510486424,1.9736336469650269,2.93999981880188,3.0799999237060547,0.27606332302093506,54.79999923706055
310,10190848.0,0.0008831535815261304,2.2554640769958496,2.950000047683716,2.93999981880188,0.26663392782211304,46.89999771118164
311,10223616.0,0.0009802969871088862,1.9490854740142822,3.129999876022339,2.950000047683716,0.2736396789550781,48.79999923706055
312,10256384.0,0.0009980398463085294,2.255675792694092,3.0899999141693115,3.129999876022339,0.2943882942199707,57.69999694824219
313,10289152.0,0.0012627484975382686,1.8611671924591064,3.319999933242798,3.0899999141693115,0.29772213101387024,52.29999923706055
314,10321920.0,0.000677627744153142,1.6310245990753174,3.2100000381469727,3.319999933242798,0.25120455026626587,63.5
315,10354688.0,0.0008634576224721968,2.027132034301758,3.18999981880188,3.2100000381469727,0.2671298086643219,59.89999771118164
316,10387456.0,0.0013406758662313223,2.5915608406066895,3.379999876022339,3.18999981880188,0.291298508644104,54.29999923706055
317,10420224.0,0.0006830565980635583,1.9260613918304443,2.700000047683716,3.379999876022339,0.2985292375087738,60.099998474121094
318,10452992.0,0.0007256452227011323,1.994065761566162,2.450000047683716,2.700000047683716,0.280974417924881,35.79999923706055
319,10485760.0,0.0011242273030802608,1.7697386741638184,2.9099998474121094,2.450000047683716,0.2944295406341553,25.69999885559082
320,10518528.0,0.0011419402435421944,2.097252607345581,2.569999933242798,2.9099998474121094,0.2901543378829956,49.20000076293945
321,10551296.0,0.0008502592099830508,1.915440320968628,2.5799999237060547,2.569999933242798,0.28204160928726196,34.70000076293945
322,10584064.0,0.0014006205601617694,2.1059372425079346,2.759999990463257,2.5799999237060547,0.31226786971092224,37.79999923706055
323,10616832.0,0.001296234899200499,1.7374157905578613,2.690000057220459,2.759999990463257,0.2683791518211365,32.29999923706055
324,10649600.0,0.0008583901799283922,1.939195156097412,2.6599998474121094,2.690000057220459,0.2791535556316376,28.799999237060547
325,10682368.0,0.001151476171799004,2.416865348815918,2.6599998474121094,2.6599998474121094,0.2583957314491272,28.799999237060547
326,10715136.0,0.001054713036864996,2.162163734436035,2.5899999141693115,2.6599998474121094,0.3009661138057709,28.799999237060547
327,10747904.0,0.0009874339448288083,2.157552480697632,3.009999990463257,2.5899999141693115,0.2679346799850464,26.799999237060547
328,10780672.0,0.0011902805417776108,2.213794708251953,2.9700000286102295,3.009999990463257,0.2807854413986206,33.39999771118164
329,10813440.0,0.0008128029294312,1.8959873914718628,2.5399999618530273,2.9700000286102295,0.2496115267276764,33.29999923706055
330,10846208.0,0.0008843936957418919,2.2013025283813477,2.559999942779541,2.5399999618530273,0.2788558900356293,32.20000076293945
331,10878976.0,0.0010870847618207335,1.7018327713012695,2.5199999809265137,2.559999942779541,0.2822445034980774,32.20000076293945
332,10911744.0,0.0010639484971761703,2.161196231842041,2.559999942779541,2.5199999809265137,0.2836284935474396,24.69999885559082
333,10944512.0,0.0011332896538078785,1.6457043886184692,2.9099998474121094,2.559999942779541,0.2929918169975281,30.299999237060547
334,10977280.0,0.0008204028708860278,2.0199429988861084,2.690000057220459,2.9099998474121094,0.29741156101226807,30.5
335,11010048.0,0.0011612804373726249,1.9605109691619873,2.759999990463257,2.690000057220459,0.28237661719322205,30.5
336,11042816.0,0.0012240672949701548,2.1916730403900146,2.679999828338623,2.759999990463257,0.2946021854877472,31.0
337,11075584.0,0.0009900873992592096,1.7502596378326416,2.8499999046325684,2.679999828338623,0.3041249215602875,29.799999237060547
338,11108352.0,0.0009199552005156875,1.9578750133514404,2.6599998474121094,2.8499999046325684,0.2815857529640198,29.799999237060547
339,11141120.0,0.000641833757981658,2.3554999828338623,2.5399999618530273,2.6599998474121094,0.29087668657302856,33.599998474121094
340,11173888.0,0.0005775787867605686,1.7712986469268799,2.4700000286102295,2.5399999618530273,0.2717156708240509,34.70000076293945
341,11206656.0,0.0012235523900017142,2.0923876762390137,2.4099998474121094,2.4700000286102295,0.28364455699920654,39.70000076293945
342,11239424.0,0.0011395359179005027,2.124241352081299,2.690000057220459,2.4099998474121094,0.2849212884902954,34.89999771118164
343,11272192.0,0.0008454719791188836,1.9746443033218384,2.5199999809265137,2.690000057220459,0.29980701208114624,30.599998474121094
344,11304960.0,0.0008468288579024374,2.1764214038848877,2.4700000286102295,2.5199999809265137,0.265356183052063,37.89999771118164
345,11337728.0,0.0007980709779076278,2.113759756088257,2.319999933242798,2.4700000286102295,0.2872259020805359,37.5
346,11370496.0,0.000725198071449995,2.2085251808166504,2.319999933242798,2.319999933242798,0.30075502395629883,39.20000076293945
347,11403264.0,0.0005536519456654787,1.6831202507019043,2.2200000286102295,2.319999933242798,0.2819426953792572,39.20000076293945
348,11436032.0,0.0012471312656998634,1.9724479913711548,2.369999885559082,2.2200000286102295,0.2813786268234253,34.29999923706055
349,11468800.0,0.0010060793720185757,2.0795514583587646,2.2699999809265137,2.369999885559082,0.3011876940727234,31.799999237060547
350,11501568.0,0.0012161526829004288,1.928025484085083,2.3299999237060547,2.2699999809265137,0.277133584022522,32.0
351,11534336.0,0.001016442314721644,2.062929391860962,2.419999837875366,2.3299999237060547,0.26831209659576416,46.20000076293945
352,11567104.0,0.0008076338563114405,1.9521883726119995,2.509999990463257,2.419999837875366,0.2854920029640198,36.79999923706055
353,11599872.0,0.0011609168723225594,1.95137357711792,2.700000047683716,2.509999990463257,0.3049679696559906,34.39999771118164
354,11632640.0,0.0009987953817471862,2.076664924621582,2.7200000286102295,2.700000047683716,0.2857966721057892,40.599998474121094
355,11665408.0,0.0010377592407166958,1.965243935585022,3.169999837875366,2.7200000286102295,0.2850190997123718,40.89999771118164
356,11698176.0,0.0009493604302406311,1.8217600584030151,3.1399998664855957,3.169999837875366,0.2932729721069336,38.39999771118164
357,11730944.0,0.0008585486211813986,2.1943533420562744,3.5299999713897705,3.1399998664855957,0.2705734670162201,35.599998474121094
358,11763712.0,0.0012188905384391546,1.9020936489105225,3.1399998664855957,3.5299999713897705,0.3097647726535797,51.099998474121094
359,11796480.0,0.000747240032069385,2.096806526184082,3.049999952316284,3.1399998664855957,0.30899110436439514,49.5
360,11829248.0,0.0006409691413864493,1.984299898147583,3.069999933242798,3.049999952316284,0.29580479860305786,41.79999923706055
361,11862016.0,0.0016182239633053541,1.644673466682434,2.93999981880188,3.069999933242798,0.335222452878952,40.20000076293945
362,11894784.0,0.0011737647000700235,1.5689595937728882,3.0299999713897705,2.93999981880188,0.33121511340141296,54.599998474121094
363,11927552.0,0.0006692205206491053,2.1604528427124023,3.0399999618530273,3.0299999713897705,0.27854326367378235,50.20000076293945
364,11960320.0,0.0010010654805228114,1.6641061305999756,3.1399998664855957,3.0399999618530273,0.3206973671913147,50.29999923706055
365,11993088.0,0.0010145241394639015,1.9179112911224365,3.740000009536743,3.1399998664855957,0.29777848720550537,54.5
366,12025856.0,0.0012300692033022642,1.60856032371521,3.4600000381469727,3.740000009536743,0.29592782258987427,50.5
367,12058624.0,0.0006797816604375839,2.012160301208496,3.43999981880188,3.4600000381469727,0.30994921922683716,48.39999771118164
368,12091392.0,0.0009350227774120867,1.5082646608352661,3.609999895095825,3.43999981880188,0.29769617319107056,48.39999771118164
369,12124160.0,0.0012856598477810621,1.9897716045379639,3.609999895095825,3.609999895095825,0.2912878394126892,50.0
370,12156928.0,0.0012556877918541431,1.769033432006836,3.429999828338623,3.609999895095825,0.31696590781211853,52.0
371,12189696.0,0.0012015663087368011,2.345407724380493,3.75,3.429999828338623,0.29220709204673767,61.79999923706055
372,12222464.0,0.0007414749125018716,2.4654645919799805,3.119999885559082,3.75,0.29856669902801514,64.19999694824219
373,12255232.0,0.0009519276791252196,2.1513748168945312,3.309999942779541,3.119999885559082,0.2959473729133606,54.69999694824219
374,12288000.0,0.0009621180361136794,1.9743189811706543,3.299999952316284,3.309999942779541,0.319286584854126,59.29999923706055
375,12320768.0,0.0009831113275140524,2.0179762840270996,2.93999981880188,3.299999952316284,0.30630192160606384,51.599998474121094
376,12353536.0,0.0007667703903280199,1.7245564460754395,3.2799999713897705,2.93999981880188,0.28016752004623413,43.599998474121094
377,12386304.0,0.00113272899761796,2.075911045074463,3.309999942779541,3.2799999713897705,0.2898910343647003,42.599998474121094
378,12419072.0,0.0012333395425230265,2.4117591381073,3.559999942779541,3.309999942779541,0.2778424918651581,36.39999771118164
379,12451840.0,0.0010055489838123322,1.5446640253067017,3.2100000381469727,3.559999942779541,0.30169710516929626,42.29999923706055
380,12484608.0,0.001134687103331089,2.1765599250793457,3.299999952316284,3.2100000381469727,0.2988835573196411,39.0
381,12517376.0,0.0009796159574761987,2.00813364982605,3.2899999618530273,3.299999952316284,0.2825203239917755,41.29999923706055
382,12550144.0,0.0010647490853443742,2.015187978744507,2.819999933242798,3.2899999618530273,0.32436424493789673,43.79999923706055
383,12582912.0,0.0010944968089461327,2.0134875774383545,3.2200000286102295,2.819999933242798,0.2954346537590027,37.70000076293945
384,12615680.0,0.001239048782736063,1.8987791538238525,3.2699999809265137,3.2200000286102295,0.2755596935749054,52.0
385,12648448.0,0.0011254907585680485,2.0714638233184814,3.740000009536743,3.2699999809265137,0.2938934564590454,41.89999771118164
386,12681216.0,0.0016253551002591848,2.0209240913391113,3.5299999713897705,3.740000009536743,0.31858205795288086,38.099998474121094
387,12713984.0,0.001563770230859518,1.9763303995132446,3.5399999618530273,3.5299999713897705,0.30457350611686707,35.89999771118164
388,12746752.0,0.0009464428294450045,2.1106998920440674,4.319999694824219,3.5399999618530273,0.29244694113731384,42.099998474121094
389,12779520.0,0.00084117945516482,2.187164545059204,3.0299999713897705,4.319999694824219,0.27749839425086975,47.20000076293945
390,12812288.0,0.001098864944651723,2.2198846340179443,3.049999952316284,3.0299999713897705,0.3129790425300598,41.20000076293945
391,12845056.0,0.0011294720461592078,1.992568016052246,3.43999981880188,3.049999952316284,0.3019157946109772,43.39999771118164
392,12877824.0,0.0005384816322475672,2.1122052669525146,3.2200000286102295,3.43999981880188,0.26419639587402344,45.599998474121094
393,12910592.0,0.0011800157371908426,2.1518445014953613,3.2899999618530273,3.2200000286102295,0.27918142080307007,47.20000076293945
394,12943360.0,0.0007602365221828222,2.2482922077178955,3.299999952316284,3.2899999618530273,0.26903292536735535,42.599998474121094
395,12976128.0,0.0010535828769207,2.260300636291504,3.3499999046325684,3.299999952316284,0.2584880590438843,35.70000076293945
396,13008896.0,0.0010232441127300262,1.7661422491073608,3.2100000381469727,3.3499999046325684,0.3103921413421631,45.70000076293945
397,13041664.0,0.001323846634477377,1.8608438968658447,3.109999895095825,3.2100000381469727,0.29718029499053955,49.79999923706055
398,13074432.0,0.0006851951475255191,1.9597442150115967,3.559999942779541,3.109999895095825,0.29921597242355347,48.099998474121094
399,13107200.0,0.000982888974249363,2.2119951248168945,3.2899999618530273,3.559999942779541,0.3104444146156311,53.39999771118164
400,13139968.0,0.0012960867024958134,1.7362141609191895,3.299999952316284,3.2899999618530273,0.31195878982543945,45.599998474121094
401,13172736.0,0.0006706952699460089,2.1687967777252197,3.2899999618530273,3.299999952316284,0.2915582060813904,45.599998474121094
402,13205504.0,0.0011514346115291119,1.6912903785705566,3.6499998569488525,3.2899999618530273,0.2930099368095398,43.70000076293945
403,13238272.0,0.0007664854638278484,2.1050052642822266,3.6999998092651367,3.6499998569488525,0.26948970556259155,45.39999771118164
404,13271040.0,0.0013688354520127177,2.03434681892395,4.029999732971191,3.6999998092651367,0.28413140773773193,43.5
405,13303808.0,0.0011507750023156404,2.1750786304473877,3.859999895095825,4.029999732971191,0.2781839370727539,40.20000076293945
406,13336576.0,0.0010063285008072853,2.2890799045562744,4.049999713897705,3.859999895095825,0.2794601619243622,44.5
407,13369344.0,0.00079437589738518,2.3051791191101074,3.379999876022339,4.049999713897705,0.30256855487823486,50.79999923706055
408,13402112.0,0.0011017858050763607,1.8637489080429077,3.2300000190734863,3.379999876022339,0.2785634398460388,51.79999923706055
409,13434880.0,0.0009134254651144147,1.9758409261703491,3.299999952316284,3.2300000190734863,0.27160537242889404,39.89999771118164
410,13467648.0,0.00120094558224082,1.7859615087509155,3.429999828338623,3.299999952316284,0.3088817000389099,41.599998474121094
411,13500416.0,0.0009202348301187158,1.9677674770355225,3.179999828338623,3.429999828338623,0.2671132981777191,53.69999694824219
412,13533184.0,0.0011222418397665024,2.2887368202209473,3.0199999809265137,3.179999828338623,0.28064125776290894,46.5
413,13565952.0,0.0009830616181716323,1.8631601333618164,3.0299999713897705,3.0199999809265137,0.2668546736240387,39.5
414,13598720.0,0.000892851734533906,1.5513405799865723,3.18999981880188,3.0299999713897705,0.27403080463409424,40.0
415,13631488.0,0.0008031438919715583,1.9791468381881714,2.809999942779541,3.18999981880188,0.2744949162006378,43.5
416,13664256.0,0.0006444485625252128,2.045576572418213,3.5399999618530273,2.809999942779541,0.2728685140609741,40.70000076293945
417,13697024.0,0.0007974335458129644,2.0407440662384033,3.359999895095825,3.5399999618530273,0.2949105203151703,42.29999923706055
418,13729792.0,0.000795314903371036,1.8006694316864014,3.0399999618530273,3.359999895095825,0.3051688075065613,39.099998474121094
419,13762560.0,0.0008513240027241409,1.872201919555664,3.4600000381469727,3.0399999618530273,0.28609514236450195,34.20000076293945
420,13795328.0,0.001143967849202454,2.2702548503875732,2.869999885559082,3.4600000381469727,0.30265653133392334,41.89999771118164
421,13828096.0,0.0006792830536141992,2.494227409362793,2.309999942779541,2.869999885559082,0.256714403629303,44.89999771118164
422,13860864.0,0.0009528837399557233,2.1613271236419678,2.619999885559082,2.309999942779541,0.24992269277572632,39.29999923706055
423,13893632.0,0.0012317616492509842,2.1851987838745117,2.799999952316284,2.619999885559082,0.2655279040336609,38.20000076293945
424,13926400.0,0.0009618902113288641,2.1067569255828857,2.669999837875366,2.799999952316284,0.30567240715026855,41.0
425,13959168.0,0.0009666034020483494,2.271617889404297,2.509999990463257,2.669999837875366,0.2861599922180176,40.20000076293945
426,13991936.0,0.0010588496224954724,2.0960001945495605,2.879999876022339,2.509999990463257,0.2981908917427063,39.39999771118164
427,14024704.0,0.0010578380897641182,2.136110782623291,2.919999837875366,2.879999876022339,0.29398590326309204,53.29999923706055
428,14057472.0,0.001566086197271943,1.771925926208496,3.2699999809265137,2.919999837875366,0.27881214022636414,46.099998474121094
429,14090240.0,0.0007576721254736185,2.086970329284668,3.309999942779541,3.2699999809265137,0.2740183472633362,52.19999694824219
430,14123008.0,0.0009069554507732391,2.3976263999938965,2.419999837875366,3.309999942779541,0.27667200565338135,52.29999923706055
431,14155776.0,0.0014671640237793326,2.178835153579712,2.5799999237060547,2.419999837875366,0.27602383494377136,54.79999923706055
432,14188544.0,0.0009028685744851828,1.7234017848968506,2.2699999809265137,2.5799999237060547,0.26822513341903687,54.89999771118164
433,14221312.0,0.000914374366402626,2.21915340423584,2.559999942779541,2.2699999809265137,0.29488298296928406,46.099998474121094
434,14254080.0,0.0011280222097411752,2.0506720542907715,2.809999942779541,2.559999942779541,0.29590508341789246,54.0
435,14286848.0,0.0010972580639645457,1.8466516733169556,2.990000009536743,2.809999942779541,0.2802819013595581,58.0
436,14319616.0,0.001214497140608728,1.635001301765442,3.319999933242798,2.990000009536743,0.31112274527549744,59.79999923706055
437,14352384.0,0.001259493175894022,1.9228519201278687,2.7300000190734863,3.319999933242798,0.2872835099697113,59.19999694824219
438,14385152.0,0.0009093856206163764,1.8497631549835205,3.0,2.7300000190734863,0.28494617342948914,52.19999694824219
439,14417920.0,0.000906656845472753,2.212878942489624,3.0299999713897705,3.0,0.2914498448371887,50.89999771118164
440,14450688.0,0.0009820357663556933,2.4824581146240234,2.8399999141693115,3.0299999713897705,0.281001478433609,50.89999771118164
441,14483456.0,0.000875763245858252,2.256147861480713,2.929999828338623,2.8399999141693115,0.28935506939888,44.79999923706055
442,14516224.0,0.0006452057277783751,2.3141045570373535,2.7899999618530273,2.929999828338623,0.2861001491546631,43.0
443,14548992.0,0.0009013249073177576,2.127988815307617,2.8899998664855957,2.7899999618530273,0.2988058030605316,61.39999771118164
444,14581760.0,0.0009928795043379068,2.004894971847534,2.859999895095825,2.8899998664855957,0.2840682864189148,61.39999771118164
445,14614528.0,0.001784187275916338,2.300034999847412,3.1999998092651367,2.859999895095825,0.30689990520477295,60.89999771118164
446,14647296.0,0.0012884603347629309,1.6367402076721191,3.069999933242798,3.1999998092651367,0.2890644669532776,64.9000015258789
447,14680064.0,0.0009361897245980799,1.9537297487258911,2.6599998474121094,3.069999933242798,0.31288665533065796,66.5
448,14712832.0,0.0008061416447162628,2.0206801891326904,3.059999942779541,2.6599998474121094,0.2784031927585602,60.0
449,14745600.0,0.0009928399231284857,1.832175374031067,2.690000057220459,3.059999942779541,0.3002995252609253,59.099998474121094
450,14778368.0,0.0009256643243134022,2.362769842147827,3.0299999713897705,2.690000057220459,0.3048665523529053,56.0
451,14811136.0,0.0009659533388912678,2.1359126567840576,3.129999876022339,3.0299999713897705,0.27246958017349243,57.0
452,14843904.0,0.0010460007470101118,1.9076114892959595,2.9099998474121094,3.129999876022339,0.3038397431373596,63.79999923706055
453,14876672.0,0.0010786016937345266,2.082070827484131,2.7799999713897705,2.9099998474121094,0.28254246711730957,62.19999694824219
454,14909440.0,0.0013344374019652605,1.7463741302490234,3.0799999237060547,2.7799999713897705,0.30336567759513855,62.19999694824219
455,14942208.0,0.0007987599819898605,1.6657863855361938,3.18999981880188,3.0799999237060547,0.3003115952014923,59.79999923706055
456,14974976.0,0.0007750358199700713,2.2130372524261475,3.25,3.18999981880188,0.3002171516418457,62.19999694824219
457,15007744.0,0.0008543911390006542,2.260061264038086,3.240000009536743,3.25,0.287981778383255,62.19999694824219
458,15040512.0,0.0009922976605594158,1.847654104232788,3.25,3.240000009536743,0.31780755519866943,62.19999694824219
459,15073280.0,0.001011734246276319,2.3121750354766846,3.179999828338623,3.25,0.2942699193954468,62.19999694824219
460,15106048.0,0.0011392884189262986,2.107351779937744,2.700000047683716,3.179999828338623,0.2754536271095276,58.69999694824219
461,15138816.0,0.0010822252370417118,1.8107779026031494,2.809999942779541,2.700000047683716,0.2875938415527344,63.29999923706055
462,15171584.0,0.0007611999753862619,1.7898409366607666,3.129999876022339,2.809999942779541,0.254397988319397,61.39999771118164
463,15204352.0,0.001080418936908245,1.8542940616607666,2.8899998664855957,3.129999876022339,0.30482572317123413,57.79999923706055
464,15237120.0,0.0012824665755033493,2.110450267791748,2.869999885559082,2.8899998664855957,0.2936432957649231,63.5
465,15269888.0,0.0009352072374895215,2.113100290298462,2.619999885559082,2.869999885559082,0.315650999546051,68.9000015258789
466,15302656.0,0.0010732043301686645,2.4073965549468994,3.069999933242798,2.619999885559082,0.2992704510688782,62.5
467,15335424.0,0.0011253748089075089,1.873935341835022,3.0899999141693115,3.069999933242798,0.31324297189712524,53.599998474121094
468,15368192.0,0.0014828804414719343,2.1726624965667725,3.0199999809265137,3.0899999141693115,0.324744313955307,58.79999923706055
469,15400960.0,0.0007213202770799398,2.014035940170288,2.5999999046325684,3.0199999809265137,0.31673523783683777,51.5
470,15433728.0,0.0009242340456694365,1.2653753757476807,3.0799999237060547,2.5999999046325684,0.2913854718208313,64.0999984741211
471,15466496.0,0.0009865917963907123,1.921651005744934,2.929999828338623,3.0799999237060547,0.30391037464141846,69.4000015258789
472,15499264.0,0.0009973659180104733,1.718813419342041,2.7799999713897705,2.929999828338623,0.27415046095848083,67.4000015258789
473,15532032.0,0.0009360064286738634,2.191922187805176,2.8399999141693115,2.7799999713897705,0.2765604257583618,55.5
474,15564800.0,0.000933375209569931,2.1202120780944824,3.0899999141693115,2.8399999141693115,0.2742573916912079,49.5
475,15597568.0,0.0009474327089264989,2.206986665725708,3.069999933242798,3.0899999141693115,0.2614210247993469,51.0
476,15630336.0,0.0009528804221190512,1.901776671409607,3.109999895095825,3.069999933242798,0.3060043454170227,51.099998474121094
477,15663104.0,0.001081413822248578,2.167262077331543,2.690000057220459,3.109999895095825,0.30569034814834595,50.0
478,15695872.0,0.000983065227046609,1.7379111051559448,2.6499998569488525,2.690000057220459,0.27729061245918274,48.099998474121094
479,15728640.0,0.0008437912911176682,2.0636117458343506,2.6399998664855957,2.6499998569488525,0.3030707836151123,51.099998474121094
480,15761408.0,0.0014870089944452047,1.854404091835022,2.6599998474121094,2.6399998664855957,0.3142819106578827,51.099998474121094
481,15794176.0,0.0014025617856532335,2.1850192546844482,3.240000009536743,2.6599998474121094,0.28174296021461487,53.099998474121094
482,15826944.0,0.000933466712012887,1.9979276657104492,2.8399999141693115,3.240000009536743,0.30583277344703674,57.79999923706055
483,15859712.0,0.0011847084388136864,1.9041155576705933,2.869999885559082,2.8399999141693115,0.3044120967388153,57.79999923706055
484,15892480.0,0.0016982166562229395,2.272848129272461,2.7899999618530273,2.869999885559082,0.2990744113922119,58.69999694824219
485,15925248.0,0.0011084312573075294,2.370974540710449,3.1599998474121094,2.7899999618530273,0.29494014382362366,56.79999923706055
486,15958016.0,0.001070861704647541,2.1190764904022217,3.18999981880188,3.1599998474121094,0.28097283840179443,65.9000015258789
487,15990784.0,0.001339210313744843,2.048892021179199,3.1499998569488525,3.18999981880188,0.26993125677108765,59.39999771118164
488,16023552.0,0.0013271125499159098,2.454267740249634,3.169999837875366,3.1499998569488525,0.3040754795074463,59.19999694824219
489,16056320.0,0.0011648504296317697,2.257234573364258,3.109999895095825,3.169999837875366,0.27872025966644287,57.69999694824219
490,16089088.0,0.001121552661061287,1.6257215738296509,3.119999885559082,3.109999895095825,0.2902882397174835,56.19999694824219
491,16121856.0,0.001199681544676423,1.9416931867599487,2.9600000381469727,3.119999885559082,0.30034393072128296,53.599998474121094
492,16154624.0,0.001641987357288599,1.9871658086776733,3.009999990463257,2.9600000381469727,0.3069384694099426,61.79999923706055
493,16187392.0,0.001039676833897829,1.8529466390609741,3.0299999713897705,3.009999990463257,0.28958022594451904,55.5
494,16220160.0,0.0014062500558793545,1.9505946636199951,2.819999933242798,3.0299999713897705,0.2819775640964508,54.5
495,16252928.0,0.0009481451706960797,1.999985694885254,3.259999990463257,2.819999933242798,0.3067321181297302,72.0
496,16285696.0,0.0007914597517810762,2.2313036918640137,3.18999981880188,3.259999990463257,0.2887907326221466,66.29999542236328
497,16318464.0,0.0013241737615317106,1.9678093194961548,2.799999952316284,3.18999981880188,0.290472149848938,64.5999984741211
498,16351232.0,0.0008976196404546499,1.9545868635177612,3.109999895095825,2.799999952316284,0.27700376510620117,71.0
499,16384000.0,0.0013245271984487772,1.9290626049041748,2.8899998664855957,3.109999895095825,0.29078060388565063,63.39999771118164
500,16416768.0,0.0008033959311433136,2.2283082008361816,2.8999998569488525,2.8899998664855957,0.30439168214797974,61.29999923706055
501,16449536.0,0.0011380530195310712,2.485828399658203,3.109999895095825,2.8999998569488525,0.3008405566215515,68.79999542236328
502,16482304.0,0.001087171258404851,2.030241012573242,3.169999837875366,3.109999895095825,0.2655574679374695,76.4000015258789
503,16515072.0,0.001012770226225257,2.086820602416992,3.4499998092651367,3.169999837875366,0.26369592547416687,72.69999694824219
504,16547840.0,0.0009845683816820383,2.007969617843628,3.379999876022339,3.4499998092651367,0.28592902421951294,78.5
505,16580608.0,0.000977706047706306,1.75946044921875,3.509999990463257,3.379999876022339,0.2763630151748657,73.19999694824219
506,16613376.0,0.0014737467281520367,1.9460746049880981,3.429999828338623,3.509999990463257,0.2870616018772125,70.9000015258789
507,16646144.0,0.0008372679585590959,1.7843122482299805,3.7099997997283936,3.429999828338623,0.29421156644821167,67.69999694824219
508,16678912.0,0.0014631161466240883,2.2386343479156494,3.7200000286102295,3.7099997997283936,0.3144875764846802,68.4000015258789
509,16711680.0,0.0009150561527349055,1.8485145568847656,3.4099998474121094,3.7200000286102295,0.2719893157482147,64.19999694824219
510,16744448.0,0.0009568617679178715,2.1128311157226562,3.629999876022339,3.4099998474121094,0.2805582284927368,71.0
511,16777216.0,0.00112585024908185,2.1951448917388916,3.4600000381469727,3.629999876022339,0.2575989365577698,62.89999771118164
512,16809984.0,0.0013320879079401493,1.9992969036102295,3.369999885559082,3.4600000381469727,0.2908758223056793,55.0
513,16842752.0,0.0010834360728040338,1.6473795175552368,3.43999981880188,3.369999885559082,0.2870597243309021,56.69999694824219
514,16875520.0,0.0010120139922946692,2.2561557292938232,3.509999990463257,3.43999981880188,0.25829827785491943,51.099998474121094
515,16908288.0,0.0010542903328314424,2.000222682952881,3.4800000190734863,3.509999990463257,0.30221277475357056,60.599998474121094
516,16941056.0,0.001153874211013317,1.9193893671035767,3.490000009536743,3.4800000190734863,0.28884434700012207,57.0
517,16973824.0,0.0011960265692323446,2.282039165496826,3.5,3.490000009536743,0.28812792897224426,64.4000015258789
518,17006592.0,0.0009183050133287907,1.6712688207626343,3.5,3.5,0.2798811197280884,54.79999923706055
519,17039360.0,0.001084089744836092,1.7481876611709595,3.4700000286102295,3.5,0.27696219086647034,59.5
520,17072128.0,0.0012132390402257442,1.559510350227356,2.9600000381469727,3.4700000286102295,0.2818721532821655,60.0
521,17104896.0,0.0012033232487738132,2.0115725994110107,3.1399998664855957,2.9600000381469727,0.2709396481513977,58.0
522,17137664.0,0.0011799397179856896,1.706410527229309,3.429999828338623,3.1399998664855957,0.31197434663772583,54.89999771118164
523,17170432.0,0.0006760569522157311,1.8630504608154297,3.43999981880188,3.429999828338623,0.2634691298007965,55.89999771118164
524,17203200.0,0.0013979802606627345,1.7499444484710693,3.43999981880188,3.43999981880188,0.27773839235305786,62.0
525,17235968.0,0.001121792709454894,1.8144680261611938,3.25,3.43999981880188,0.30052876472473145,58.39999771118164
526,17268736.0,0.0009905119659379125,1.9246402978897095,3.240000009536743,3.25,0.28122279047966003,64.0
527,17301504.0,0.0008059046231210232,1.7436726093292236,3.1999998092651367,3.240000009536743,0.2577672004699707,57.39999771118164
528,17334272.0,0.0007782164611853659,1.9982465505599976,3.369999885559082,3.1999998092651367,0.26302197575569153,53.89999771118164
529,17367040.0,0.001123355352319777,2.1932573318481445,3.3999998569488525,3.369999885559082,0.2577883005142212,60.099998474121094
530,17399808.0,0.0012293728068470955,1.8294824361801147,2.8399999141693115,3.3999998569488525,0.28376126289367676,65.69999694824219
531,17432576.0,0.0010257710237056017,1.5958130359649658,3.3899998664855957,2.8399999141693115,0.2600553035736084,63.5
532,17465344.0,0.0015647606924176216,1.9661067724227905,3.2899999618530273,3.3899998664855957,0.26995208859443665,68.19999694824219
533,17498112.0,0.0011509265750646591,1.5102887153625488,3.5799999237060547,3.2899999618530273,0.283488929271698,66.69999694824219
534,17530880.0,0.0009092746768146753,2.1604297161102295,2.950000047683716,3.5799999237060547,0.2662133276462555,59.89999771118164
535,17563648.0,0.0007990553276613355,2.1994049549102783,3.3299999237060547,2.950000047683716,0.24147549271583557,61.5
536,17596416.0,0.0009133761050179601,1.9241582155227661,3.049999952316284,3.3299999237060547,0.2681916356086731,60.099998474121094
537,17629184.0,0.000876460806466639,2.042224645614624,3.299999952316284,3.049999952316284,0.26061317324638367,65.0
538,17661952.0,0.0009369628969579935,2.303495407104492,3.7200000286102295,3.299999952316284,0.2595941126346588,62.19999694824219
539,17694720.0,0.0009640331845730543,2.0693626403808594,3.069999933242798,3.7200000286102295,0.29540199041366577,66.0
540,17727488.0,0.0010622104164212942,2.087498188018799,3.2799999713897705,3.069999933242798,0.2930455207824707,62.599998474121094
541,17760256.0,0.0007430388359352946,2.242530584335327,3.1999998092651367,3.2799999713897705,0.26616808772087097,61.599998474121094
542,17793024.0,0.001117510604672134,2.071341037750244,2.929999828338623,3.1999998092651367,0.2622038722038269,63.39999771118164
543,17825792.0,0.0010047177784144878,2.049131393432617,3.509999990463257,2.929999828338623,0.27131134271621704,53.099998474121094
544,17858560.0,0.0013261341955512762,1.8477814197540283,3.25,3.509999990463257,0.27729812264442444,52.39999771118164
545,17891328.0,0.0008008528966456652,2.0971426963806152,3.2799999713897705,3.25,0.25661131739616394,52.599998474121094
546,17924096.0,0.0011621334124356508,1.8665635585784912,3.2300000190734863,3.2799999713897705,0.2729257643222809,52.599998474121094
547,17956864.0,0.0012865896569564939,1.77662992477417,2.990000009536743,3.2300000190734863,0.3018132448196411,52.599998474121094
548,17989632.0,0.0012573583517223597,1.8859670162200928,2.8899998664855957,2.990000009536743,0.2697502076625824,54.69999694824219
549,18022400.0,0.0009060527663677931,1.8432976007461548,3.299999952316284,2.8899998664855957,0.25482121109962463,56.29999923706055
550,18055168.0,0.0011249722447246313,1.9111807346343994,2.819999933242798,3.299999952316284,0.2520105838775635,71.5999984741211
551,18087936.0,0.001448627794161439,1.440369963645935,3.059999942779541,2.819999933242798,0.27884232997894287,75.69999694824219
552,18120704.0,0.0007233256474137306,2.151930809020996,3.6999998092651367,3.059999942779541,0.28118300437927246,77.4000015258789
553,18153472.0,0.0014353531878441572,1.8694829940795898,2.950000047683716,3.6999998092651367,0.2849711775779724,87.4000015258789
554,18186240.0,0.0009638497140258551,2.455475330352783,3.059999942779541,2.950000047683716,0.2588323652744293,89.4000015258789
555,18219008.0,0.0012507550418376923,1.737370491027832,3.4499998092651367,3.059999942779541,0.294985830783844,81.4000015258789
556,18251776.0,0.0010449584806337953,2.06038236618042,3.43999981880188,3.4499998092651367,0.27967214584350586,76.29999542236328
557,18284544.0,0.0008448080625385046,2.2297184467315674,2.8899998664855957,3.43999981880188,0.26829731464385986,82.5
558,18317312.0,0.0010262191062793136,1.7199172973632812,2.309999942779541,2.8899998664855957,0.26644009351730347,85.5999984741211
559,18350080.0,0.0011508509051054716,1.815646767616272,2.6599998474121094,2.309999942779541,0.2636619806289673,69.29999542236328
560,18382848.0,0.0011731181293725967,1.5458799600601196,2.3999998569488525,2.6599998474121094,0.2945729196071625,81.79999542236328
561,18415616.0,0.001047663507051766,1.9817341566085815,2.5899999141693115,2.3999998569488525,0.30631905794143677,60.79999923706055
562,18448384.0,0.0013526357943192124,2.2216007709503174,2.5799999237060547,2.5899999141693115,0.2485918402671814,69.4000015258789
563,18481152.0,0.0010228275787085295,2.092423439025879,2.4600000381469727,2.5799999237060547,0.27579420804977417,67.19999694824219
564,18513920.0,0.0007938796188682318,2.259950876235962,2.6599998474121094,2.4600000381469727,0.2882314920425415,68.0
565,18546688.0,0.001394464634358883,2.306739568710327,2.629999876022339,2.6599998474121094,0.2893340587615967,82.79999542236328
566,18579456.0,0.0013167402939870954,1.9399830102920532,2.7200000286102295,2.629999876022339,0.2919735610485077,90.19999694824219
567,18612224.0,0.0007170524913817644,2.1909286975860596,2.6499998569488525,2.7200000286102295,0.255254864692688,83.19999694824219
568,18644992.0,0.001221891026943922,1.678847312927246,3.049999952316284,2.6499998569488525,0.27674221992492676,64.0
569,18677760.0,0.0009001173311844468,1.9767817258834839,3.009999990463257,3.049999952316284,0.2887142300605774,65.79999542236328
570,18710528.0,0.0013198074884712696,1.8395785093307495,2.9700000286102295,3.009999990463257,0.2658817768096924,63.39999771118164
571,18743296.0,0.0009974928107112646,2.1719629764556885,3.109999895095825,2.9700000286102295,0.2819182872772217,62.19999694824219
572,18776064.0,0.0010056428145617247,1.6739473342895508,3.240000009536743,3.109999895095825,0.3111873269081116,62.19999694824219
573,18808832.0,0.0017128749750554562,2.1380574703216553,3.379999876022339,3.240000009536743,0.2903015911579132,56.89999771118164
574,18841600.0,0.0011910219909623265,2.247284412384033,3.2699999809265137,3.379999876022339,0.2906706631183624,56.89999771118164
575,18874368.0,0.0013752405066043139,1.99793541431427,3.0,3.2699999809265137,0.28987517952919006,66.5999984741211
576,18907136.0,0.001211445895023644,1.9630762338638306,3.2699999809265137,3.0,0.2923271656036377,57.89999771118164
577,18939904.0,0.0008301634807139635,2.2730343341827393,3.1999998092651367,3.2699999809265137,0.24911825358867645,60.79999923706055
578,18972672.0,0.001567782717756927,2.216198205947876,2.8899998664855957,3.1999998092651367,0.28793561458587646,58.19999694824219
579,19005440.0,0.001232582377269864,1.4749398231506348,2.7899999618530273,2.8899998664855957,0.26530373096466064,57.599998474121094
580,19038208.0,0.0010784550104290247,1.978592872619629,3.0199999809265137,2.7899999618530273,0.26617902517318726,46.70000076293945
581,19070976.0,0.0010327533818781376,2.198702096939087,2.759999990463257,3.0199999809265137,0.24971242249011993,67.19999694824219
582,19103744.0,0.0009563586791045964,2.1872262954711914,2.3399999141693115,2.759999990463257,0.2723667025566101,64.4000015258789
583,19136512.0,0.001461300067603588,2.0534772872924805,2.669999837875366,2.3399999141693115,0.2911101281642914,50.20000076293945
584,19169280.0,0.0014209290966391563,2.1877293586730957,2.8399999141693115,2.669999837875366,0.26004770398139954,53.0
585,19202048.0,0.0012793943751603365,2.098296642303467,2.6399998664855957,2.8399999141693115,0.2825261056423187,58.0
586,19234816.0,0.0009784795111045241,1.6404640674591064,2.869999885559082,2.6399998664855957,0.2919924259185791,58.29999923706055
587,19267584.0,0.001183738000690937,1.778774380683899,2.0899999141693115,2.869999885559082,0.2716960310935974,57.79999923706055
588,19300352.0,0.001168305054306984,1.7345271110534668,2.0999999046325684,2.0899999141693115,0.2708618938922882,53.29999923706055
589,19333120.0,0.0009009798523038626,1.577636480331421,2.419999837875366,2.0999999046325684,0.26248395442962646,53.0
590,19365888.0,0.0010530076688155532,1.9656869173049927,2.359999895095825,2.419999837875366,0.25747883319854736,57.29999923706055
591,19398656.0,0.0013380087912082672,1.8814204931259155,2.0799999237060547,2.359999895095825,0.2622857093811035,52.89999771118164
592,19431424.0,0.0008954032091423869,1.9779354333877563,2.369999885559082,2.0799999237060547,0.25211507081985474,59.0
593,19464192.0,0.0014383578673005104,1.9221738576889038,2.359999895095825,2.369999885559082,0.2841646671295166,63.0
594,19496960.0,0.0013978679198771715,2.014664888381958,2.2300000190734863,2.359999895095825,0.26318708062171936,64.4000015258789
595,19529728.0,0.0011236463906243443,1.872362732887268,2.129999876022339,2.2300000190734863,0.2825470566749573,57.79999923706055
596,19562496.0,0.001431890414096415,2.023832082748413,2.509999990463257,2.129999876022339,0.2575414776802063,54.29999923706055
597,19595264.0,0.0007760958396829665,1.6770564317703247,2.509999990463257,2.509999990463257,0.25865912437438965,56.89999771118164
598,19628032.0,0.001187419518828392,2.113997220993042,1.75,2.509999990463257,0.2693277597427368,59.79999923706055
599,19660800.0,0.000978298718109727,2.0040948390960693,1.7699999809265137,1.75,0.27840983867645264,53.29999923706055
600,19693568.0,0.0008478359668515623,1.5842033624649048,1.7799999713897705,1.7699999809265137,0.27320432662963867,41.39999771118164
601,19726336.0,0.0013420635368674994,2.2936418056488037,1.649999976158142,1.7799999713897705,0.2585650086402893,49.20000076293945
602,19759104.0,0.0010323207825422287,1.9283931255340576,1.7899999618530273,1.649999976158142,0.2702297568321228,45.5
603,19791872.0,0.0010874656727537513,1.600132703781128,2.109999895095825,1.7899999618530273,0.2754722833633423,39.29999923706055
604,19824640.0,0.0011942186392843723,1.707314133644104,2.2799999713897705,2.109999895095825,0.2914413809776306,55.19999694824219
605,19857408.0,0.0006478695431724191,1.7829078435897827,2.3399999141693115,2.2799999713897705,0.25037485361099243,63.39999771118164
606,19890176.0,0.0009238041238859296,1.678924560546875,2.169999837875366,2.3399999141693115,0.25662195682525635,55.099998474121094
607,19922944.0,0.001465975190512836,2.1693310737609863,2.240000009536743,2.169999837875366,0.24664205312728882,46.5
608,19955712.0,0.000965591287240386,1.7014819383621216,2.549999952316284,2.240000009536743,0.2529906928539276,56.19999694824219
609,19988480.0,0.0011585070751607418,1.851192593574524,2.7699999809265137,2.549999952316284,0.2507857382297516,70.0999984741211
610,20021248.0,0.0009957927977666259,1.7704172134399414,2.5999999046325684,2.7699999809265137,0.2577304244041443,72.5999984741211
611,20054016.0,0.00140467775054276,2.106097459793091,2.549999952316284,2.5999999046325684,0.27978089451789856,70.9000015258789
612,20086784.0,0.0005593881942331791,2.058302164077759,3.009999990463257,2.549999952316284,0.26470106840133667,72.4000015258789
613,20119552.0,0.0012045393232256174,2.345569372177124,2.379999876022339,3.009999990463257,0.24449029564857483,76.29999542236328
614,20152320.0,0.0008683730848133564,1.841884732246399,2.3899998664855957,2.379999876022339,0.272731214761734,70.4000015258789
615,20185088.0,0.0011339479824528098,1.646054983139038,1.7400000095367432,2.3899998664855957,0.2340857982635498,71.9000015258789
616,20217856.0,0.002877389080822468,2.0111517906188965,2.419999837875366,1.7400000095367432,0.26062074303627014,67.4000015258789
617,20250624.0,0.0010480890050530434,1.828444242477417,2.6499998569488525,2.419999837875366,0.25149738788604736,78.9000015258789
618,20283392.0,0.0008090289775282145,1.751340389251709,2.6399998664855957,2.6499998569488525,0.27159902453422546,76.9000015258789
619,20316160.0,0.0011095551308244467,1.8026068210601807,2.509999990463257,2.6399998664855957,0.2684124708175659,77.29999542236328
620,20348928.0,0.0010944094974547625,1.8360148668289185,2.549999952316284,2.509999990463257,0.2608540952205658,65.19999694824219
621,20381696.0,0.0009077822905965149,1.4940185546875,2.299999952316284,2.549999952316284,0.25121867656707764,70.19999694824219
622,20414464.0,0.001180009450763464,1.946119785308838,2.419999837875366,2.299999952316284,0.29180434346199036,70.4000015258789
623,20447232.0,0.0008867952274158597,2.3760194778442383,2.25,2.419999837875366,0.27109891176223755,68.5999984741211
624,20480000.0,0.0009041837183758616,2.080479383468628,1.8399999141693115,2.25,0.24855118989944458,73.19999694824219
625,20512768.0,0.001139314379543066,1.526610255241394,1.659999966621399,1.8399999141693115,0.2722814679145813,61.69999694824219
626,20545536.0,0.0011539703700691462,1.626861572265625,1.6699999570846558,1.659999966621399,0.25488126277923584,72.69999694824219
627,20578304.0,0.001371965860016644,2.1938769817352295,1.899999976158142,1.6699999570846558,0.27576661109924316,49.79999923706055
628,20611072.0,0.0009194879094138741,1.7093089818954468,1.6200000047683716,1.899999976158142,0.2519725263118744,61.0
629,20643840.0,0.0015005347086116672,2.023007392883301,2.3899998664855957,1.6200000047683716,0.2710105776786804,57.099998474121094
630,20676608.0,0.0011224288027733564,2.2972922325134277,1.4800000190734863,2.3899998664855957,0.26212698221206665,51.099998474121094
631,20709376.0,0.001197592238895595,2.1349751949310303,1.9799998998641968,1.4800000190734863,0.25811266899108887,47.20000076293945
632,20742144.0,0.001258883043192327,1.8279898166656494,2.490000009536743,1.9799998998641968,0.2886603772640228,45.599998474121094
633,20774912.0,0.0012160491896793246,1.92507004737854,2.509999990463257,2.490000009536743,0.25077593326568604,48.89999771118164
634,20807680.0,0.0009541953913867474,1.606012225151062,2.200000047683716,2.509999990463257,0.2414165437221527,54.89999771118164
635,20840448.0,0.0010668798349797726,1.8878614902496338,2.819999933242798,2.200000047683716,0.22949650883674622,52.599998474121094
636,20873216.0,0.0011331416899338365,2.0556187629699707,2.6499998569488525,2.819999933242798,0.2548835873603821,64.0999984741211
637,20905984.0,0.0006786718731746078,1.9237189292907715,2.1599998474121094,2.6499998569488525,0.25174060463905334,67.5999984741211
638,20938752.0,0.0007466551032848656,1.7267175912857056,2.180000066757202,2.1599998474121094,0.2554541826248169,62.099998474121094
639,20971520.0,0.001071024453267455,1.9230458736419678,2.0799999237060547,2.180000066757202,0.2725837826728821,61.19999694824219
640,21004288.0,0.001526501728221774,1.9723353385925293,2.119999885559082,2.0799999237060547,0.28746575117111206,63.39999771118164
641,21037056.0,0.0008903952548280358,2.2012100219726562,2.1499998569488525,2.119999885559082,0.2553871273994446,66.0
642,21069824.0,0.0012581227347254753,1.8847318887710571,2.059999942779541,2.1499998569488525,0.2624572217464447,64.4000015258789
643,21102592.0,0.0014234393602237105,1.7883714437484741,1.7300000190734863,2.059999942779541,0.3000122308731079,56.39999771118164
644,21135360.0,0.0013677433598786592,2.314112424850464,1.6200000047683716,1.7300000190734863,0.311644583940506,55.89999771118164
645,21168128.0,0.0016612822655588388,2.1203079223632812,1.5299999713897705,1.6200000047683716,0.2591046690940857,62.19999694824219
646,21200896.0,0.0008449327433481812,2.0229897499084473,1.5199999809265137,1.5299999713897705,0.23116269707679749,58.69999694824219
647,21233664.0,0.0011775176972150803,1.7772810459136963,1.8299999237060547,1.5199999809265137,0.27346235513687134,58.19999694824219
648,21266432.0,0.0011452711187303066,2.007995367050171,1.909999966621399,1.8299999237060547,0.2598240077495575,63.39999771118164
649,21299200.0,0.0010139013174921274,1.8038036823272705,1.7999999523162842,1.909999966621399,0.2537746727466583,60.39999771118164
650,21331968.0,0.0012461901642382145,1.6335930824279785,2.1499998569488525,1.7999999523162842,0.2592421770095825,60.69999694824219
651,21364736.0,0.001004686113446951,1.3528963327407837,2.2300000190734863,2.1499998569488525,0.3025798797607422,56.0
652,21397504.0,0.0009990615071728826,2.0008885860443115,1.6299999952316284,2.2300000190734863,0.231845423579216,71.29999542236328
653,21430272.0,0.0013958748895674944,1.6212350130081177,1.709999918937683,1.6299999952316284,0.25690287351608276,66.69999694824219
654,21463040.0,0.0009545675711706281,1.5501562356948853,1.6899999380111694,1.709999918937683,0.2447999119758606,77.0999984741211
655,21495808.0,0.0009758861851878464,2.222123384475708,1.7599999904632568,1.6899999380111694,0.258256733417511,77.19999694824219
656,21528576.0,0.001079330686479807,1.903229832649231,1.6799999475479126,1.7599999904632568,0.2743792235851288,77.69999694824219
657,21561344.0,0.001111897174268961,1.97621488571167,1.6399999856948853,1.6799999475479126,0.25347909331321716,72.0
658,21594112.0,0.0011801568325608969,1.6777673959732056,1.6699999570846558,1.6399999856948853,0.2502228617668152,72.0
659,21626880.0,0.0012560944305732846,2.0631096363067627,1.7699999809265137,1.6699999570846558,0.255401074886322,71.79999542236328
660,21659648.0,0.0009501387248747051,1.8975841999053955,1.71999990940094,1.7699999809265137,0.2621883153915405,78.0
661,21692416.0,0.000968068721704185,1.931821584701538,1.8799999952316284,1.71999990940094,0.26348066329956055,76.0
662,21725184.0,0.001208943547680974,1.9483686685562134,1.6899999380111694,1.8799999952316284,0.2705036997795105,84.29999542236328
663,21757952.0,0.0012770750327035785,2.054069995880127,1.6899999380111694,1.6899999380111694,0.26141074299812317,82.29999542236328
664,21790720.0,0.0012503007892519236,1.5441381931304932,1.6799999475479126,1.6899999380111694,0.2616232931613922,81.9000015258789
665,21823488.0,0.0011743984650820494,1.8328040838241577,1.9900000095367432,1.6799999475479126,0.25771835446357727,81.9000015258789
666,21856256.0,0.001046824618242681,2.0262129306793213,2.429999828338623,1.9900000095367432,0.23165835440158844,85.4000015258789
667,21889024.0,0.0014582718722522259,1.9751551151275635,2.4600000381469727,2.429999828338623,0.2590322494506836,86.4000015258789
668,21921792.0,0.0011512308847159147,1.4764353036880493,2.429999828338623,2.4600000381469727,0.24772483110427856,81.29999542236328
669,21954560.0,0.001094541046768427,2.0599162578582764,2.419999837875366,2.429999828338623,0.2573927640914917,83.79999542236328
670,21987328.0,0.00128044537268579,1.7823244333267212,2.3899998664855957,2.419999837875366,0.24933046102523804,81.9000015258789
671,22020096.0,0.0023293490521609783,1.8608596324920654,2.7100000381469727,2.3899998664855957,0.2905908226966858,82.79999542236328
672,22052864.0,0.0009547219378873706,1.523109793663025,2.700000047683716,2.7100000381469727,0.2394920289516449,79.0999984741211
673,22085632.0,0.0011086207814514637,2.1806061267852783,2.7300000190734863,2.700000047683716,0.25359442830085754,82.4000015258789
674,22118400.0,0.0006733242189511657,1.8131458759307861,2.569999933242798,2.7300000190734863,0.25073838233947754,83.9000015258789
675,22151168.0,0.0008798236958682537,2.3464982509613037,2.7300000190734863,2.569999933242798,0.26513493061065674,76.0999984741211
676,22183936.0,0.0010137814097106457,1.7224812507629395,2.6399998664855957,2.7300000190734863,0.2479408085346222,83.5999984741211
677,22216704.0,0.0007428519311361015,2.0596015453338623,2.6399998664855957,2.6399998664855957,0.23364943265914917,71.79999542236328
678,22249472.0,0.001028162194415927,2.273150682449341,2.429999828338623,2.6399998664855957,0.26126426458358765,66.5
679,22282240.0,0.0008020786917768419,1.8307757377624512,2.669999837875366,2.429999828338623,0.23930276930332184,70.29999542236328
680,22315008.0,0.0011473059421405196,1.5709189176559448,2.6599998474121094,2.669999837875366,0.24630387127399445,71.29999542236328
681,22347776.0,0.0005487362504936755,1.5846019983291626,2.690000057220459,2.6599998474121094,0.24377307295799255,70.5999984741211
682,22380544.0,0.0009031770168803632,1.7535008192062378,2.440000057220459,2.690000057220459,0.23611080646514893,70.0999984741211
683,22413312.0,0.0009117223089560866,1.7710634469985962,2.5999999046325684,2.440000057220459,0.2376699000597,71.0
684,22446080.0,0.0015306436689570546,1.884649634361267,2.799999952316284,2.5999999046325684,0.2575671672821045,69.4000015258789
685,22478848.0,0.0011619176948443055,2.0947299003601074,2.690000057220459,2.799999952316284,0.28010958433151245,72.4000015258789
686,22511616.0,0.0009071856620721519,2.136146306991577,2.6499998569488525,2.690000057220459,0.24654953181743622,70.19999694824219
687,22544384.0,0.0012186927488073707,1.7142739295959473,2.75,2.6499998569488525,0.24829673767089844,70.0999984741211
688,22577152.0,0.0018390438053756952,1.8847861289978027,2.4600000381469727,2.75,0.25873634219169617,63.599998474121094
689,22609920.0,0.0011296957964077592,1.6141657829284668,2.5399999618530273,2.4600000381469727,0.268452912569046,69.0999984741211
690,22642688.0,0.0012452749069780111,1.6618090867996216,2.679999828338623,2.5399999618530273,0.2755722999572754,69.79999542236328
691,22675456.0,0.0011682467302307487,2.1498515605926514,2.309999942779541,2.679999828338623,0.25266361236572266,73.0
692,22708224.0,0.000960024306550622,1.9415966272354126,2.9099998474121094,2.309999942779541,0.2124796211719513,60.19999694824219
693,22740992.0,0.0015063171740621328,1.9553943872451782,3.049999952316284,2.9099998474121094,0.231928288936615,67.0999984741211
694,22773760.0,0.001347752520814538,1.526946783065796,2.8999998569488525,3.049999952316284,0.2672550678253174,77.0
695,22806528.0,0.0011887329164892435,1.7155193090438843,2.5299999713897705,2.8999998569488525,0.27683138847351074,63.19999694824219
696,22839296.0,0.0013678071554750204,1.8613511323928833,2.879999876022339,2.5299999713897705,0.27494147419929504,61.69999694824219
697,22872064.0,0.0010456342715770006,2.3696019649505615,2.9600000381469727,2.879999876022339,0.24145075678825378,66.5999984741211
698,22904832.0,0.0012948442017659545,1.67289400100708,3.0,2.9600000381469727,0.27782151103019714,66.5999984741211
699,22937600.0,0.0009878816781565547,2.2907614707946777,2.3999998569488525,3.0,0.26311740279197693,70.79999542236328
700,22970368.0,0.0008675721473991871,1.7314577102661133,2.75,2.3999998569488525,0.23269957304000854,63.79999923706055
701,23003136.0,0.0013224182184785604,2.103027105331421,2.7899999618530273,2.75,0.2473306804895401,62.29999923706055
702,23035904.0,0.0011482019908726215,1.8204878568649292,3.009999990463257,2.7899999618530273,0.2742750346660614,69.79999542236328
703,23068672.0,0.0011175356339663267,1.7578544616699219,3.0999999046325684,3.009999990463257,0.22958773374557495,66.0
704,23101440.0,0.0007842069608159363,1.572186827659607,3.2699999809265137,3.0999999046325684,0.23589032888412476,67.9000015258789
705,23134208.0,0.0011062195990234613,1.6747355461120605,3.049999952316284,3.2699999809265137,0.25309643149375916,69.69999694824219
706,23166976.0,0.001209988840855658,2.326502799987793,3.179999828338623,3.049999952316284,0.27010223269462585,69.19999694824219
707,23199744.0,0.0008919426472857594,2.2264113426208496,3.1599998474121094,3.179999828338623,0.2580379247665405,69.4000015258789
708,23232512.0,0.0007832382689230144,1.5620579719543457,2.929999828338623,3.1599998474121094,0.2386692762374878,73.69999694824219
709,23265280.0,0.0009807099122554064,1.7089520692825317,2.8899998664855957,2.929999828338623,0.22755414247512817,71.19999694824219
710,23298048.0,0.0008544453303329647,1.726471185684204,2.799999952316284,2.8899998664855957,0.24202927947044373,75.5999984741211
711,23330816.0,0.0009422176517546177,1.5516390800476074,2.879999876022339,2.799999952316284,0.24927806854248047,61.69999694824219
712,23363584.0,0.001080838032066822,1.7421785593032837,2.549999952316284,2.879999876022339,0.2550855576992035,75.0999984741211
713,23396352.0,0.0014973224606364965,2.051891565322876,2.4700000286102295,2.549999952316284,0.2616206109523773,65.9000015258789
714,23429120.0,0.001283545745536685,1.8065999746322632,2.5399999618530273,2.4700000286102295,0.23596763610839844,64.5999984741211
715,23461888.0,0.0014329284895211458,1.8783828020095825,2.8399999141693115,2.5399999618530273,0.2735424339771271,57.79999923706055
716,23494656.0,0.0011372275184839964,1.9618313312530518,1.9499999284744263,2.8399999141693115,0.24543115496635437,57.5
717,23527424.0,0.0012055624974891543,2.101818084716797,2.259999990463257,1.9499999284744263,0.2384837567806244,62.099998474121094
718,23560192.0,0.001097880769520998,1.8524678945541382,1.7999999523162842,2.259999990463257,0.24594487249851227,56.19999694824219
719,23592960.0,0.0007986833807080984,1.9878307580947876,1.7899999618530273,1.7999999523162842,0.23878419399261475,49.79999923706055
720,23625728.0,0.0010319295106455684,1.8656538724899292,2.4099998474121094,1.7899999618530273,0.2427961826324463,46.89999771118164
721,23658496.0,0.0006845169700682163,1.6837162971496582,2.4700000286102295,2.4099998474121094,0.2627589702606201,57.39999771118164
722,23691264.0,0.0010865953518077731,1.8581079244613647,2.4800000190734863,2.4700000286102295,0.23718853294849396,56.39999771118164
723,23724032.0,0.0013533582678064704,2.0508697032928467,2.3299999237060547,2.4800000190734863,0.23235681653022766,53.29999923706055
724,23756800.0,0.0013015023432672024,1.9771456718444824,2.2300000190734863,2.3299999237060547,0.2590214014053345,50.099998474121094
725,23789568.0,0.0010562528623268008,1.8202941417694092,2.2899999618530273,2.2300000190734863,0.2593422830104828,49.70000076293945
726,23822336.0,0.0008469107560813427,2.1192564964294434,1.6100000143051147,2.2899999618530273,0.2398129254579544,49.099998474121094
727,23855104.0,0.0017923833802342415,1.9695473909378052,1.6899999380111694,1.6100000143051147,0.24443647265434265,47.79999923706055
728,23887872.0,0.0010752045782282948,1.7768532037734985,1.7799999713897705,1.6899999380111694,0.28536081314086914,56.89999771118164
729,23920640.0,0.0007635353249497712,1.6737630367279053,1.809999942779541,1.7799999713897705,0.25990039110183716,55.099998474121094
730,23953408.0,0.0017722100019454956,1.9203203916549683,1.8899999856948853,1.809999942779541,0.24805891513824463,52.79999923706055
731,23986176.0,0.0014098266838118434,1.7428992986679077,2.049999952316284,1.8899999856948853,0.2477165311574936,59.099998474121094
732,24018944.0,0.0011299937032163143,1.8388885259628296,1.8899999856948853,2.049999952316284,0.2798309326171875,60.599998474121094
733,24051712.0,0.0010911215795204043,1.8985651731491089,1.8899999856948853,1.8899999856948853,0.22431349754333496,60.0
734,24084480.0,0.0010009034303948283,1.9652729034423828,1.8700000047683716,1.8899999856948853,0.25744765996932983,58.79999923706055
735,24117248.0,0.0008010496385395527,1.4539552927017212,1.8600000143051147,1.8700000047683716,0.24277018010616302,60.5
736,24150016.0,0.001482158899307251,1.800588607788086,1.7899999618530273,1.8600000143051147,0.23052088916301727,55.69999694824219
737,24182784.0,0.001108375028707087,2.06528902053833,1.75,1.7899999618530273,0.2536070942878723,58.0
738,24215552.0,0.0017186481272801757,1.784352421760559,1.709999918937683,1.75,0.24734489619731903,57.29999923706055
739,24248320.0,0.0012766825966536999,1.813125491142273,1.6699999570846558,1.709999918937683,0.23173542320728302,59.5
740,24281088.0,0.0024826298467814922,2.1238064765930176,1.6699999570846558,1.6699999570846558,0.2662803530693054,54.0
741,24313856.0,0.0013001540210098028,1.9571694135665894,1.7300000190734863,1.6699999570846558,0.2542875409126282,54.0
742,24346624.0,0.0013694185763597488,1.504350185394287,1.8499999046325684,1.7300000190734863,0.2490321695804596,55.5
743,24379392.0,0.0009610590059310198,2.0315403938293457,1.6299999952316284,1.8499999046325684,0.24605214595794678,62.39999771118164
744,24412160.0,0.0007114892359822989,1.5903820991516113,1.7699999809265137,1.6299999952316284,0.22858378291130066,57.69999694824219
745,24444928.0,0.0011651853565126657,1.835289716720581,1.2999999523162842,1.7699999809265137,0.2439672350883484,59.599998474121094
746,24477696.0,0.0009934648405760527,1.7339754104614258,1.1899999380111694,1.2999999523162842,0.2480749487876892,52.599998474121094
747,24510464.0,0.0010764864273369312,1.5589781999588013,1.4199999570846558,1.1899999380111694,0.242865651845932,50.099998474121094
748,24543232.0,0.0010753859532997012,1.7097272872924805,1.2699999809265137,1.4199999570846558,0.2523665726184845,54.099998474121094
749,24576000.0,0.0008265504147857428,1.4785107374191284,1.1799999475479126,1.2699999809265137,0.26183825731277466,52.89999771118164
750,24608768.0,0.001594429137185216,1.7464804649353027,1.5199999809265137,1.1799999475479126,0.25131022930145264,51.89999771118164
751,24641536.0,0.0007323308382183313,1.8207783699035645,1.5899999141693115,1.5199999809265137,0.23784156143665314,51.69999694824219
752,24674304.0,0.0014992873184382915,1.7953226566314697,1.5899999141693115,1.5899999141693115,0.24878495931625366,55.19999694824219
753,24707072.0,0.001242118887603283,1.8985743522644043,1.5499999523162842,1.5899999141693115,0.2447679489850998,59.39999771118164
754,24739840.0,0.0014996506506577134,2.0006966590881348,1.5899999141693115,1.5499999523162842,0.26152196526527405,58.89999771118164
755,24772608.0,0.0012409063056111336,2.11803936958313,1.309999942779541,1.5899999141693115,0.24108299612998962,53.19999694824219
756,24805376.0,0.001421016058884561,2.0059828758239746,1.159999966621399,1.309999942779541,0.25205162167549133,44.20000076293945
757,24838144.0,0.0008295087609440088,2.065098285675049,1.46999990940094,1.159999966621399,0.22522899508476257,43.20000076293945
758,24870912.0,0.0009127584053203464,2.05881404876709,1.090000033378601,1.46999990940094,0.24008826911449432,43.29999923706055
759,24903680.0,0.0010770390508696437,2.0860772132873535,1.5,1.090000033378601,0.2526637315750122,41.29999923706055
760,24936448.0,0.0007424643845297396,1.7810652256011963,1.6100000143051147,1.5,0.21680578589439392,49.29999923706055
761,24969216.0,0.0015616861637681723,1.6495240926742554,1.46999990940094,1.6100000143051147,0.24603542685508728,51.69999694824219
762,25001984.0,0.0012222598306834698,1.6805521249771118,1.659999966621399,1.46999990940094,0.24238663911819458,48.0
763,25034752.0,0.0011541355634108186,2.0957086086273193,1.090000033378601,1.659999966621399,0.24669471383094788,45.0
764,25067520.0,0.0007641024421900511,2.3536317348480225,1.25,1.090000033378601,0.24304750561714172,47.70000076293945
765,25100288.0,0.001236161682754755,2.096223831176758,1.0199999809265137,1.25,0.2609606087207794,47.599998474121094
766,25133056.0,0.0011422981042414904,1.7813283205032349,1.2899999618530273,1.0199999809265137,0.2717841863632202,52.29999923706055
767,25165824.0,0.0014784438535571098,1.9120936393737793,1.3399999141693115,1.2899999618530273,0.275113582611084,54.79999923706055
768,25198592.0,0.0015211959835141897,1.5017343759536743,1.309999942779541,1.3399999141693115,0.276218980550766,52.89999771118164
769,25231360.0,0.0010476764291524887,1.9192918539047241,1.2400000095367432,1.309999942779541,0.22709938883781433,49.89999771118164
770,25264128.0,0.0008973861113190651,2.13513445854187,1.5899999141693115,1.2400000095367432,0.24603676795959473,49.89999771118164
771,25296896.0,0.0011100082192569971,2.2363040447235107,1.4800000190734863,1.5899999141693115,0.24195078015327454,58.79999923706055
772,25329664.0,0.0014727410161867738,1.7796701192855835,1.8299999237060547,1.4800000190734863,0.26188743114471436,62.0
773,25362432.0,0.0013177087530493736,2.0041894912719727,1.709999918937683,1.8299999237060547,0.23059457540512085,54.29999923706055
774,25395200.0,0.0009289869922213256,2.3071939945220947,1.7899999618530273,1.709999918937683,0.2211092710494995,55.29999923706055
775,25427968.0,0.0005815905751660466,1.8376110792160034,1.9299999475479126,1.7899999618530273,0.2463475465774536,55.29999923706055
776,25460736.0,0.0009373376378789544,2.0061237812042236,1.649999976158142,1.9299999475479126,0.2523908317089081,61.599998474121094
777,25493504.0,0.0009834258817136288,2.310246229171753,1.8700000047683716,1.649999976158142,0.2496706247329712,53.5
778,25526272.0,0.0018253891030326486,1.7302531003952026,1.8600000143051147,1.8700000047683716,0.2521514892578125,51.89999771118164
779,25559040.0,0.0011329877888783813,1.809389591217041,1.7999999523162842,1.8600000143051147,0.2865613102912903,55.79999923706055
780,25591808.0,0.0012029248755425215,1.8803539276123047,1.7899999618530273,1.7999999523162842,0.24640914797782898,52.89999771118164
781,25624576.0,0.0011995260138064623,2.1267402172088623,1.7999999523162842,1.7899999618530273,0.2698802053928375,53.599998474121094
782,25657344.0,0.0012805195292457938,2.178290367126465,1.090000033378601,1.7999999523162842,0.2493293583393097,58.69999694824219
783,25690112.0,0.0010125556727871299,1.6005779504776,1.559999942779541,1.090000033378601,0.25877803564071655,50.0
784,25722880.0,0.001253406167961657,2.3502824306488037,1.3899999856948853,1.559999942779541,0.24282102286815643,50.0
785,25755648.0,0.001165520865470171,2.1793601512908936,1.7300000190734863,1.3899999856948853,0.2458207905292511,53.099998474121094
786,25788416.0,0.0009781724074855447,2.1876139640808105,1.4499999284744263,1.7300000190734863,0.23054161667823792,52.099998474121094
787,25821184.0,0.0008729153778403997,1.7855829000473022,1.6899999380111694,1.4499999284744263,0.2545172870159149,56.099998474121094
788,25853952.0,0.0014609687495976686,2.0413095951080322,1.5,1.6899999380111694,0.25817248225212097,55.69999694824219
789,25886720.0,0.0010581291280686855,1.9424954652786255,1.5699999332427979,1.5,0.25907662510871887,46.39999771118164
790,25919488.0,0.0013741855509579182,2.1394340991973877,1.5,1.5699999332427979,0.276237428188324,46.89999771118164
791,25952256.0,0.0012553315609693527,1.7088669538497925,1.2400000095367432,1.5,0.26656636595726013,50.70000076293945
792,25985024.0,0.0007809414528310299,2.0782132148742676,1.25,1.2400000095367432,0.22986124455928802,53.099998474121094
793,26017792.0,0.0007973722531460226,1.8326882123947144,1.5099999904632568,1.25,0.24364636838436127,52.099998474121094
794,26050560.0,0.0013724262826144695,2.177959442138672,1.6100000143051147,1.5099999904632568,0.2577398419380188,52.099998474121094
795,26083328.0,0.0013459057081490755,1.9407066106796265,1.559999942779541,1.6100000143051147,0.2749173641204834,60.29999923706055
796,26116096.0,0.0012468844652175903,2.0211434364318848,1.3899999856948853,1.559999942779541,0.258079469203949,61.39999771118164
797,26148864.0,0.001153459190391004,2.046125650405884,1.4499999284744263,1.3899999856948853,0.25738269090652466,55.89999771118164
798,26181632.0,0.0009676371701061726,1.582998514175415,1.6299999952316284,1.4499999284744263,0.24692723155021667,53.5
799,26214400.0,0.001062980154529214,1.8048899173736572,1.1399999856948853,1.6299999952316284,0.2736626863479614,55.79999923706055
800,26247168.0,0.001156992046162486,1.7609186172485352,0.9899999499320984,1.1399999856948853,0.24720259010791779,52.19999694824219
801,26279936.0,0.0011417936766520143,1.9076576232910156,1.1299999952316284,0.9899999499320984,0.22989533841609955,49.5
802,26312704.0,0.0009001920698210597,2.1374030113220215,1.149999976158142,1.1299999952316284,0.23493194580078125,60.0
803,26345472.0,0.0010063466615974903,1.7382346391677856,1.2699999809265137,1.149999976158142,0.24339443445205688,61.79999923706055
804,26378240.0,0.0014151155482977629,2.333883047103882,1.5499999523162842,1.2699999809265137,0.23145726323127747,60.099998474121094
805,26411008.0,0.0014199195429682732,2.0070571899414062,1.3199999332427979,1.5499999523162842,0.2600545883178711,57.39999771118164
806,26443776.0,0.00106682104524225,2.1237361431121826,1.4299999475479126,1.3199999332427979,0.24159999191761017,63.0
807,26476544.0,0.0015012372750788927,1.3150359392166138,1.059999942779541,1.4299999475479126,0.25954338908195496,65.0999984741211
808,26509312.0,0.0018494956893846393,1.7902076244354248,1.2300000190734863,1.059999942779541,0.2747234106063843,55.29999923706055
809,26542080.0,0.0009592846618033946,2.0020856857299805,1.149999976158142,1.2300000190734863,0.23130786418914795,60.69999694824219
810,26574848.0,0.0014221728779375553,2.008655548095703,1.5199999809265137,1.149999976158142,0.2766658067703247,57.89999771118164
811,26607616.0,0.0011235391721129417,1.8965662717819214,1.809999942779541,1.5199999809265137,0.24742533266544342,58.599998474121094
812,26640384.0,0.0015859045088291168,1.817232370376587,1.7899999618530273,1.809999942779541,0.28770357370376587,55.39999771118164
813,26673152.0,0.0014678739244118333,2.1854352951049805,1.5899999141693115,1.7899999618530273,0.282604843378067,48.39999771118164
814,26705920.0,0.0008735631126910448,2.037163496017456,1.1899999380111694,1.5899999141693115,0.2519771456718445,46.099998474121094
815,26738688.0,0.0010568222496658564,1.639604926109314,1.2400000095367432,1.1899999380111694,0.239288330078125,61.0
816,26771456.0,0.001225202577188611,1.4059315919876099,1.0199999809265137,1.2400000095367432,0.27160465717315674,57.19999694824219
817,26804224.0,0.001328826299868524,2.2887051105499268,1.309999942779541,1.0199999809265137,0.2442808300256729,54.5
818,26836992.0,0.0011834213510155678,1.9722073078155518,1.3199999332427979,1.309999942779541,0.2807314097881317,54.0
819,26869760.0,0.0008342910441569984,2.1192896366119385,1.0,1.3199999332427979,0.2314682900905609,52.099998474121094
820,26902528.0,0.0010572305181995034,1.747243881225586,1.2899999618530273,1.0,0.2636685073375702,51.79999923706055
821,26935296.0,0.001328119309619069,2.0259792804718018,1.5,1.2899999618530273,0.2610592544078827,49.70000076293945
822,26968064.0,0.0016057362081483006,2.000701904296875,1.3600000143051147,1.5,0.2834090292453766,50.0
823,27000832.0,0.00134878302924335,1.7835028171539307,1.0799999237060547,1.3600000143051147,0.25239357352256775,54.099998474121094
824,27033600.0,0.0007691745995543897,2.14074969291687,0.7799999713897705,1.0799999237060547,0.21920707821846008,56.19999694824219
825,27066368.0,0.0011324322549626231,1.8781934976577759,0.35999998450279236,0.7799999713897705,0.24856919050216675,47.20000076293945
826,27099136.0,0.0009045571787282825,1.7438427209854126,0.699999988079071,0.35999998450279236,0.24460184574127197,41.599998474121094
827,27131904.0,0.000981345190666616,1.834505558013916,0.7299999594688416,0.699999988079071,0.2686953544616699,36.89999771118164
828,27164672.0,0.0009279930964112282,1.5638421773910522,0.9199999570846558,0.7299999594688416,0.2556193172931671,34.39999771118164
829,27197440.0,0.0013189788442105055,1.4874567985534668,0.9399999976158142,0.9199999570846558,0.27078890800476074,40.5
830,27230208.0,0.0008694950956851244,1.7046279907226562,1.1299999952316284,0.9399999976158142,0.24126073718070984,41.70000076293945
831,27262976.0,0.0009419289417564869,1.7677510976791382,0.9199999570846558,1.1299999952316284,0.21969465911388397,38.20000076293945
832,27295744.0,0.0007335629779845476,1.5773617029190063,1.0199999809265137,0.9199999570846558,0.2523397207260132,42.599998474121094
833,27328512.0,0.0012877670815214515,1.4207665920257568,1.1399999856948853,1.0199999809265137,0.26548653841018677,39.0
834,27361280.0,0.001217126497067511,1.665590763092041,0.5199999809265137,1.1399999856948853,0.23247277736663818,41.89999771118164
835,27394048.0,0.001363338204100728,1.418619990348816,0.8299999833106995,0.5199999809265137,0.2512511610984802,46.5
836,27426816.0,0.0012325465213507414,1.9618861675262451,0.5399999618530273,0.8299999833106995,0.2519024908542633,45.0
837,27459584.0,0.0007830439717508852,1.9713093042373657,0.5600000023841858,0.5399999618530273,0.2596092224121094,42.79999923706055
838,27492352.0,0.0015599904581904411,1.863606333732605,0.2199999988079071,0.5600000023841858,0.24683049321174622,40.29999923706055
839,27525120.0,0.0011013331823050976,1.980241298675537,0.5,0.2199999988079071,0.25342726707458496,41.89999771118164
840,27557888.0,0.001038536662235856,1.773306131362915,0.5199999809265137,0.5,0.2484484314918518,50.5
841,27590656.0,0.0012344083515927196,1.9292536973953247,1.0799999237060547,0.5199999809265137,0.2540156841278076,51.0
842,27623424.0,0.001191586721688509,1.4329469203948975,0.4699999988079071,1.0799999237060547,0.26314443349838257,56.79999923706055
843,27656192.0,0.0009737010113894939,1.951688528060913,0.7999999523162842,0.4699999988079071,0.25317680835723877,58.099998474121094
844,27688960.0,0.0014297512825578451,1.7018040418624878,0.5099999904632568,0.7999999523162842,0.2540047764778137,44.599998474121094
845,27721728.0,0.00122710014693439,1.6723380088806152,0.6699999570846558,0.5099999904632568,0.24779780209064484,42.79999923706055
846,27754496.0,0.0010832175612449646,1.8221871852874756,0.6499999761581421,0.6699999570846558,0.22848787903785706,38.39999771118164
847,27787264.0,0.0012913189129903913,1.7745393514633179,0.6299999952316284,0.6499999761581421,0.22985048592090607,40.79999923706055
848,27820032.0,0.001482927706092596,1.6408977508544922,1.090000033378601,0.6299999952316284,0.2390156090259552,43.0
849,27852800.0,0.0011245082132518291,1.6169244050979614,0.9300000071525574,1.090000033378601,0.2550848722457886,50.79999923706055
850,27885568.0,0.0012327125295996666,1.4286912679672241,1.059999942779541,0.9300000071525574,0.23793156445026398,49.70000076293945
851,27918336.0,0.001401879359036684,1.577844262123108,1.1699999570846558,1.059999942779541,0.25044697523117065,49.5
852,27951104.0,0.0008333196747116745,1.6299924850463867,1.1399999856948853,1.1699999570846558,0.22942078113555908,50.20000076293945
853,27983872.0,0.0010658182436600327,1.73458731174469,1.2799999713897705,1.1399999856948853,0.24002277851104736,52.0
854,28016640.0,0.0010863530915230513,1.3923509120941162,0.7899999618530273,1.2799999713897705,0.25926142930984497,52.5
855,28049408.0,0.001065860502421856,1.4016615152359009,0.7400000095367432,0.7899999618530273,0.23016342520713806,48.5
856,28082176.0,0.000906489382032305,1.4687579870224,0.6800000071525574,0.7400000095367432,0.2779845893383026,44.0
857,28114944.0,0.0009843386942520738,1.5816171169281006,0.75,0.6800000071525574,0.2234082818031311,38.79999923706055
858,28147712.0,0.000991295208223164,1.7817871570587158,0.4699999988079071,0.75,0.23222601413726807,44.29999923706055
859,28180480.0,0.0012531313113868237,1.682237148284912,0.3100000023841858,0.4699999988079071,0.2484804391860962,43.0
860,28213248.0,0.0014467397704720497,1.4540205001831055,-0.04999999701976776,0.3100000023841858,0.24742111563682556,53.69999694824219
861,28246016.0,0.0011954308720305562,1.6585924625396729,-0.019999999552965164,-0.04999999701976776,0.22055256366729736,50.89999771118164
862,28278784.0,0.0009536849684081972,1.720681071281433,-0.019999999552965164,-0.019999999552965164,0.2536954879760742,48.89999771118164
863,28311552.0,0.0012313517509028316,1.7597278356552124,-0.009999999776482582,-0.019999999552965164,0.26940613985061646,51.19999694824219
864,28344320.0,0.0012881678994745016,1.7498610019683838,0.2199999988079071,-0.009999999776482582,0.27654045820236206,46.70000076293945
865,28377088.0,0.0008954842342063785,1.6913644075393677,0.4099999964237213,0.2199999988079071,0.2409854531288147,52.29999923706055
866,28409856.0,0.001078141969628632,1.7690891027450562,0.3100000023841858,0.4099999964237213,0.2585718631744385,53.19999694824219
867,28442624.0,0.0009830074850469828,2.00174617767334,0.35999998450279236,0.3100000023841858,0.2430901825428009,55.099998474121094
868,28475392.0,0.0008298794273287058,1.6341958045959473,0.429999977350235,0.35999998450279236,0.24492622911930084,58.19999694824219
869,28508160.0,0.0008754918817430735,2.0463550090789795,0.5,0.429999977350235,0.26181894540786743,51.69999694824219
870,28540928.0,0.001295418362133205,1.86469566822052,0.44999998807907104,0.5,0.25150883197784424,57.5
871,28573696.0,0.0009737741202116013,1.8223217725753784,0.23999999463558197,0.44999998807907104,0.2366812527179718,52.69999694824219
872,28606464.0,0.001024736906401813,2.047769546508789,-0.17000000178813934,0.23999999463558197,0.2724361717700958,51.0
873,28639232.0,0.000902290572412312,1.7786614894866943,-0.04999999701976776,-0.17000000178813934,0.23199579119682312,40.29999923706055
874,28672000.0,0.0009743683040142059,1.5793768167495728,0.5199999809265137,-0.04999999701976776,0.2517094314098358,51.19999694824219
875,28704768.0,0.000806681695394218,1.7294007539749146,0.8199999928474426,0.5199999809265137,0.24172967672348022,55.099998474121094
876,28737536.0,0.0012024580501019955,1.7096004486083984,0.7899999618530273,0.8199999928474426,0.24418729543685913,52.599998474121094
877,28770304.0,0.000941143836826086,1.8042703866958618,0.7699999809265137,0.7899999618530273,0.23862378299236298,49.20000076293945
878,28803072.0,0.0007875509327277541,1.71822190284729,1.25,0.7699999809265137,0.2480536699295044,53.099998474121094
879,28835840.0,0.0012581886257976294,1.6677887439727783,1.0299999713897705,1.25,0.22823882102966309,46.70000076293945
880,28868608.0,0.0009837960824370384,1.8618905544281006,0.7899999618530273,1.0299999713897705,0.2616264820098877,53.099998474121094
881,28901376.0,0.0010989895090460777,2.1016955375671387,0.949999988079071,0.7899999618530273,0.2410673350095749,39.89999771118164
882,28934144.0,0.001204826170578599,1.7827893495559692,1.0,0.949999988079071,0.23181211948394775,47.5
883,28966912.0,0.001313883112743497,1.9832289218902588,1.0399999618530273,1.0,0.23663775622844696,62.29999923706055
884,28999680.0,0.0013102939119562507,1.7187429666519165,0.8399999737739563,1.0399999618530273,0.23100361227989197,38.89999771118164
885,29032448.0,0.001194070908240974,1.6875369548797607,0.9599999785423279,0.8399999737739563,0.24910029768943787,46.89999771118164
886,29065216.0,0.0015019343700259924,1.8340774774551392,0.9599999785423279,0.9599999785423279,0.25819534063339233,57.0
887,29097984.0,0.0014519907999783754,1.9110852479934692,0.9799999594688416,0.9599999785423279,0.22546470165252686,57.29999923706055
888,29130752.0,0.000894745986443013,1.4337444305419922,1.5899999141693115,0.9799999594688416,0.2523004114627838,56.89999771118164
889,29163520.0,0.0009541857871226966,1.2968233823776245,1.4800000190734863,1.5899999141693115,0.2449527382850647,50.79999923706055
890,29196288.0,0.0010635277722030878,1.835964322090149,1.4800000190734863,1.4800000190734863,0.27096739411354065,41.5
891,29229056.0,0.001295636873692274,2.1322596073150635,1.5699999332427979,1.4800000190734863,0.24059990048408508,41.5
892,29261824.0,0.0012768495362251997,1.5643538236618042,1.5999999046325684,1.5699999332427979,0.23104014992713928,45.89999771118164
893,29294592.0,0.0013586273416876793,1.9591689109802246,1.7699999809265137,1.5999999046325684,0.22737574577331543,56.099998474121094
894,29327360.0,0.0011050938628613949,1.8668169975280762,1.5799999237060547,1.7699999809265137,0.23736363649368286,55.099998474121094
895,29360128.0,0.0010490405838936567,1.6767104864120483,1.5699999332427979,1.5799999237060547,0.26173362135887146,67.4000015258789
896,29392896.0,0.001025787671096623,1.9962458610534668,1.5499999523162842,1.5699999332427979,0.22145050764083862,63.599998474121094
897,29425664.0,0.0006762219709344208,2.1287240982055664,1.459999918937683,1.5499999523162842,0.21590682864189148,56.5
898,29458432.0,0.0009842071449384093,2.0729942321777344,1.0399999618530273,1.459999918937683,0.25216245651245117,56.29999923706055
899,29491200.0,0.0009901372250169516,1.8176287412643433,1.559999942779541,1.0399999618530273,0.24738481640815735,48.79999923706055
900,29523968.0,0.0012043705210089684,1.8167617321014404,0.8100000023841858,1.559999942779541,0.2427673488855362,34.70000076293945
901,29556736.0,0.0009140202309936285,1.9400514364242554,1.4499999284744263,0.8100000023841858,0.23409980535507202,43.099998474121094
902,29589504.0,0.001102245645597577,1.5563297271728516,1.2999999523162842,1.4499999284744263,0.236007422208786,38.29999923706055
903,29622272.0,0.0010814537527039647,2.028092622756958,1.309999942779541,1.2999999523162842,0.26056259870529175,59.29999923706055
904,29655040.0,0.001156085287220776,1.5881433486938477,1.6299999952316284,1.309999942779541,0.23305776715278625,59.29999923706055
905,29687808.0,0.0013636229559779167,1.8969358205795288,1.4199999570846558,1.6299999952316284,0.24708257615566254,54.79999923706055
906,29720576.0,0.0009874372044578195,1.6557199954986572,1.6399999856948853,1.4199999570846558,0.23561230301856995,54.5
907,29753344.0,0.0009513149270787835,1.4056313037872314,1.159999966621399,1.6399999856948853,0.23616847395896912,49.39999771118164
908,29786112.0,0.0011110353516414762,1.669164776802063,1.2899999618530273,1.159999966621399,0.2396121621131897,61.29999923706055
909,29818880.0,0.0009207053808495402,1.8511308431625366,1.5099999904632568,1.2899999618530273,0.21557846665382385,62.89999771118164
910,29851648.0,0.001177562982775271,1.6774581670761108,1.2999999523162842,1.5099999904632568,0.24530915915966034,61.5
911,29884416.0,0.0011214339174330235,1.8124629259109497,1.4499999284744263,1.2999999523162842,0.22603526711463928,61.19999694824219
912,29917184.0,0.0007543868850916624,1.885717511177063,1.4399999380111694,1.4499999284744263,0.2356710433959961,62.599998474121094
913,29949952.0,0.0010554860346019268,1.83212149143219,1.659999966621399,1.4399999380111694,0.2609473466873169,58.599998474121094
914,29982720.0,0.0013423942727968097,1.7925745248794556,1.8499999046325684,1.659999966621399,0.24420231580734253,52.099998474121094
915,30015488.0,0.001613600179553032,1.951708197593689,1.2400000095367432,1.8499999046325684,0.23092120885849,53.89999771118164
916,30048256.0,0.00102483038790524,1.8689329624176025,1.5099999904632568,1.2400000095367432,0.2341655045747757,66.19999694824219
917,30081024.0,0.001269695581868291,1.4098173379898071,1.5299999713897705,1.5099999904632568,0.245130717754364,55.89999771118164
918,30113792.0,0.0014237980358302593,1.7735562324523926,1.4900000095367432,1.5299999713897705,0.2482801377773285,54.0
919,30146560.0,0.0012997363228350878,1.8123972415924072,1.8600000143051147,1.4900000095367432,0.2604910731315613,53.099998474121094
920,30179328.0,0.0012025635223835707,1.85329270362854,1.9299999475479126,1.8600000143051147,0.22608605027198792,56.89999771118164
921,30212096.0,0.0010716898832470179,1.9476836919784546,1.7599999904632568,1.9299999475479126,0.22866308689117432,56.5
922,30244864.0,0.0012379665859043598,1.8270611763000488,1.7799999713897705,1.7599999904632568,0.23700562119483948,53.0
923,30277632.0,0.0009203144581988454,1.4242069721221924,1.5399999618530273,1.7799999713897705,0.25209149718284607,54.39999771118164
924,30310400.0,0.0014900332316756248,2.0060763359069824,1.5499999523162842,1.5399999618530273,0.2630823850631714,54.0
925,30343168.0,0.0012929211370646954,2.418184995651245,1.5999999046325684,1.5499999523162842,0.26280027627944946,54.29999923706055
926,30375936.0,0.001067542121745646,2.0357019901275635,1.5699999332427979,1.5999999046325684,0.23130051791667938,51.39999771118164
927,30408704.0,0.0009069145889952779,2.058239221572876,1.4399999380111694,1.5699999332427979,0.23226021230220795,56.0
928,30441472.0,0.001015992253087461,2.2369253635406494,1.5699999332427979,1.4399999380111694,0.24429373443126678,55.79999923706055
929,30474240.0,0.0012557246955111623,1.876890778541565,1.5199999809265137,1.5699999332427979,0.2596237361431122,49.599998474121094
930,30507008.0,0.0011442798422649503,1.8083010911941528,1.5799999237060547,1.5199999809265137,0.2443661391735077,49.599998474121094
931,30539776.0,0.0011041205143555999,1.7934644222259521,1.3700000047683716,1.5799999237060547,0.24164968729019165,54.79999923706055
932,30572544.0,0.0012532072141766548,1.8358817100524902,1.3600000143051147,1.3700000047683716,0.22766415774822235,63.29999923706055
933,30605312.0,0.001383444294333458,1.8068106174468994,1.4499999284744263,1.3600000143051147,0.24818427860736847,63.19999694824219
934,30638080.0,0.001553182490170002,2.069202184677124,1.350000023841858,1.4499999284744263,0.26500236988067627,65.5999984741211
935,30670848.0,0.0004662968567572534,1.9759780168533325,1.5999999046325684,1.350000023841858,0.2229740172624588,63.19999694824219
936,30703616.0,0.001200551982037723,2.0555264949798584,1.8499999046325684,1.5999999046325684,0.2680571675300598,60.0
937,30736384.0,0.0012638544430956244,2.3866262435913086,1.9399999380111694,1.8499999046325684,0.2268308699131012,50.29999923706055
938,30769152.0,0.001355461310595274,1.8435639142990112,1.71999990940094,1.9399999380111694,0.25062859058380127,51.29999923706055
939,30801920.0,0.0008496269583702087,2.1693968772888184,1.2999999523162842,1.71999990940094,0.23593702912330627,51.0
940,30834688.0,0.0010246377205476165,2.008758068084717,2.069999933242798,1.2999999523162842,0.24127733707427979,48.70000076293945
941,30867456.0,0.0011083780555054545,1.7328896522521973,1.8399999141693115,2.069999933242798,0.21808654069900513,46.79999923706055
942,30900224.0,0.0008419443038292229,2.145480155944824,2.129999876022339,1.8399999141693115,0.23363402485847473,46.0
943,30932992.0,0.0013657029485329986,1.6623317003250122,1.9199999570846558,2.129999876022339,0.25386762619018555,44.70000076293945
944,30965760.0,0.0011781314387917519,1.7666449546813965,1.709999918937683,1.9199999570846558,0.22884294390678406,43.599998474121094
945,30998528.0,0.0012864286545664072,2.0923192501068115,2.369999885559082,1.709999918937683,0.23634789884090424,38.39999771118164
946,31031296.0,0.0010356141719967127,1.692602515220642,1.8600000143051147,2.369999885559082,0.23526889085769653,43.70000076293945
947,31064064.0,0.0011832811869680882,1.738572597503662,1.909999966621399,1.8600000143051147,0.24614936113357544,41.89999771118164
948,31096832.0,0.0011646307539194822,1.8553228378295898,1.909999966621399,1.909999966621399,0.24780511856079102,46.0
949,31129600.0,0.0010905687231570482,1.8595423698425293,1.75,1.909999966621399,0.22200852632522583,46.5
950,31162368.0,0.0015090927481651306,2.2766950130462646,1.1799999475479126,1.75,0.2569100260734558,36.20000076293945
951,31195136.0,0.0013114223256707191,1.8097786903381348,1.3700000047683716,1.1799999475479126,0.24257218837738037,41.29999923706055
952,31227904.0,0.0011669534724205732,1.7631313800811768,1.6200000047683716,1.3700000047683716,0.2440148890018463,45.79999923706055
953,31260672.0,0.0010958032216876745,1.9807043075561523,0.9799999594688416,1.6200000047683716,0.22866620123386383,44.20000076293945
954,31293440.0,0.001153089222498238,1.8807398080825806,1.3399999141693115,0.9799999594688416,0.25197720527648926,39.70000076293945
955,31326208.0,0.0008455434581264853,1.9843659400939941,1.2400000095367432,1.3399999141693115,0.2328871786594391,39.70000076293945
956,31358976.0,0.0011892446782439947,2.374995470046997,0.9099999666213989,1.2400000095367432,0.25134384632110596,45.79999923706055
957,31391744.0,0.0011114022927358747,1.5999672412872314,1.1200000047683716,0.9099999666213989,0.22140997648239136,42.099998474121094
958,31424512.0,0.0008866380085237324,2.1835744380950928,1.459999918937683,1.1200000047683716,0.2173585593700409,42.89999771118164
959,31457280.0,0.000944006722420454,2.327333450317383,1.2899999618530273,1.459999918937683,0.21255439519882202,52.39999771118164
960,31490048.0,0.0008350107818841934,1.8350099325180054,1.2999999523162842,1.2899999618530273,0.2661951184272766,49.70000076293945
961,31522816.0,0.0006616176106035709,2.1447596549987793,1.25,1.2999999523162842,0.218928724527359,47.79999923706055
962,31555584.0,0.0009611143614165485,1.897623896598816,0.5999999642372131,1.25,0.21997717022895813,38.0
963,31588352.0,0.0011544219451025128,2.041853904724121,0.6299999952316284,0.5999999642372131,0.22234483063220978,44.5
964,31621120.0,0.0014580790884792805,1.7821718454360962,0.6399999856948853,0.6299999952316284,0.2665584981441498,42.20000076293945
965,31653888.0,0.0013302885927259922,1.651239037513733,0.75,0.6399999856948853,0.21807017922401428,47.0
966,31686656.0,0.0009947159560397267,1.9416778087615967,0.7799999713897705,0.75,0.24912235140800476,34.79999923706055
967,31719424.0,0.0011333973379805684,2.3690152168273926,0.8499999642372131,0.7799999713897705,0.21785764396190643,35.20000076293945
968,31752192.0,0.0012996827717870474,1.7271153926849365,0.85999995470047,0.8499999642372131,0.2394770085811615,32.79999923706055
969,31784960.0,0.0012163969222456217,1.5279847383499146,0.8899999856948853,0.85999995470047,0.23998823761940002,33.39999771118164
970,31817728.0,0.0005678076995536685,1.5623306035995483,0.8899999856948853,0.8899999856948853,0.23070895671844482,42.29999923706055
971,31850496.0,0.001237215707078576,2.0766961574554443,1.0499999523162842,0.8899999856948853,0.2239658683538437,28.599998474121094
972,31883264.0,0.0012158897006884217,1.8892912864685059,1.0199999809265137,1.0499999523162842,0.22330492734909058,33.70000076293945
973,31916032.0,0.0016225918661803007,1.9807361364364624,0.8799999952316284,1.0199999809265137,0.22433505952358246,31.19999885559082
974,31948800.0,0.00117578636854887,1.92885160446167,1.0499999523162842,0.8799999952316284,0.25259625911712646,26.899999618530273
975,31981568.0,0.0012685637921094894,2.1555349826812744,1.0499999523162842,1.0499999523162842,0.2135958969593048,32.79999923706055
976,32014336.0,0.0010036914609372616,1.8293955326080322,1.059999942779541,1.0499999523162842,0.23133425414562225,32.29999923706055
977,32047104.0,0.0009824474109336734,1.987632393836975,1.059999942779541,1.059999942779541,0.24202586710453033,31.399999618530273
978,32079872.0,0.0011105306912213564,1.6429862976074219,1.159999966621399,1.059999942779541,0.24660484492778778,31.0
979,32112640.0,0.0015856586396694183,2.0712475776672363,1.1699999570846558,1.159999966621399,0.23326466977596283,33.70000076293945
980,32145408.0,0.0013728812336921692,1.919409990310669,1.2799999713897705,1.1699999570846558,0.25408411026000977,37.70000076293945
981,32178176.0,0.0009559262543916702,2.505601644515991,1.2799999713897705,1.2799999713897705,0.24238479137420654,33.39999771118164
982,32210944.0,0.00089540786575526,1.7924224138259888,1.6999999284744263,1.2799999713897705,0.22818675637245178,31.5
983,32243712.0,0.0009225877583958209,1.9488648176193237,1.3899999856948853,1.6999999284744263,0.26125651597976685,35.5
984,32276480.0,0.0011651231907308102,2.1828391551971436,1.7400000095367432,1.3899999856948853,0.23916442692279816,30.599998474121094
985,32309248.0,0.0014194292016327381,1.985533595085144,1.1899999380111694,1.7400000095367432,0.2348310351371765,27.69999885559082
986,32342016.0,0.0011322710197418928,1.718200922012329,1.3600000143051147,1.1899999380111694,0.24476002156734467,31.099998474121094
987,32374784.0,0.0013740361901000142,1.8299628496170044,1.2899999618530273,1.3600000143051147,0.24676036834716797,30.899999618530273
988,32407552.0,0.00144783197902143,1.9880732297897339,1.5199999809265137,1.2899999618530273,0.2079598307609558,43.89999771118164
989,32440320.0,0.001093706814572215,1.311281442642212,1.5099999904632568,1.5199999809265137,0.2421872615814209,42.70000076293945
990,32473088.0,0.0005076851230114698,2.3962440490722656,1.5099999904632568,1.5099999904632568,0.21907773613929749,40.29999923706055
991,32505856.0,0.0008927859016694129,2.275256872177124,1.2400000095367432,1.5099999904632568,0.20448897778987885,35.20000076293945
992,32538624.0,0.0011897329241037369,1.7260348796844482,0.8700000047683716,1.2400000095367432,0.22606927156448364,43.599998474121094
993,32571392.0,0.0014538262039422989,1.9812302589416504,0.9599999785423279,0.8700000047683716,0.2192404866218567,39.5
994,32604160.0,0.0009887325577437878,2.102290391921997,1.3199999332427979,0.9599999785423279,0.2287328541278839,40.0
995,32636928.0,0.0011433166218921542,1.975618600845337,1.0399999618530273,1.3199999332427979,0.2483386993408203,41.70000076293945
996,32669696.0,0.0008628953946754336,1.596024513244629,1.46999990940094,1.0399999618530273,0.23122718930244446,47.29999923706055
997,32702464.0,0.0009403289877809584,2.4035825729370117,1.2400000095367432,1.46999990940094,0.23855942487716675,37.79999923706055
998,32735232.0,0.0011797384358942509,2.3203845024108887,1.6299999952316284,1.2400000095367432,0.24016068875789642,43.89999771118164
999,32768000.0,0.0016719730338081717,2.3135392665863037,1.309999942779541,1.6299999952316284,0.21582582592964172,36.20000076293945
1000,32800768.0,0.0013334504328668118,1.7940465211868286,1.209999918937683,1.309999942779541,0.2694399356842041,37.89999771118164
1001,32833536.0,0.0007331193191930652,1.7687125205993652,0.949999988079071,1.209999918937683,0.23533861339092255,35.79999923706055
1002,32866304.0,0.0013514538295567036,2.2526650428771973,0.9099999666213989,0.949999988079071,0.24265500903129578,27.899999618530273
1003,32899072.0,0.0015660624485462904,1.9605956077575684,1.0099999904632568,0.9099999666213989,0.2495795488357544,31.0
1004,32931840.0,0.0014416994526982307,1.9760870933532715,1.6699999570846558,1.0099999904632568,0.2573769986629486,23.799999237060547
1005,32964608.0,0.0013297195546329021,1.8247877359390259,1.6100000143051147,1.6699999570846558,0.22139394283294678,27.19999885559082
1006,32997376.0,0.0009448809432797134,2.2217354774475098,1.3299999237060547,1.6100000143051147,0.20583593845367432,36.79999923706055
1007,33030144.0,0.000860793748870492,2.1312272548675537,1.399999976158142,1.3299999237060547,0.2101411670446396,28.099998474121094
1008,33062912.0,0.0010635587386786938,2.356201648712158,1.459999918937683,1.399999976158142,0.22810278832912445,23.299999237060547
1009,33095680.0,0.0009754106868058443,2.1363017559051514,1.4900000095367432,1.459999918937683,0.263694703578949,24.799999237060547
1010,33128448.0,0.0010048443218693137,2.069901704788208,0.8499999642372131,1.4900000095367432,0.22950953245162964,32.70000076293945
1011,33161216.0,0.0018117446452379227,1.957740068435669,1.2999999523162842,0.8499999642372131,0.22526338696479797,35.29999923706055
1012,33193984.0,0.0008025183924473822,1.9505618810653687,1.7799999713897705,1.2999999523162842,0.2519422173500061,40.39999771118164
1013,33226752.0,0.001371776103042066,1.3256365060806274,1.649999976158142,1.7799999713897705,0.23938658833503723,33.89999771118164
1014,33259520.0,0.001489912741817534,2.2113521099090576,1.5099999904632568,1.649999976158142,0.2311289757490158,42.39999771118164
1015,33292288.0,0.0010972355958074331,2.11650013923645,1.2999999523162842,1.5099999904632568,0.2291875034570694,46.29999923706055
1016,33325056.0,0.000801708607468754,1.850882887840271,1.5499999523162842,1.2999999523162842,0.23653510212898254,41.29999923706055
1017,33357824.0,0.001184169901534915,2.1506404876708984,1.5999999046325684,1.5499999523162842,0.2252436876296997,44.39999771118164
1018,33390592.0,0.0009459159336984158,2.0227506160736084,1.9199999570846558,1.5999999046325684,0.2322177290916443,44.39999771118164
1019,33423360.0,0.000884398294147104,1.9213448762893677,1.7899999618530273,1.9199999570846558,0.24092265963554382,45.39999771118164
1020,33456128.0,0.0012448641937226057,1.5189969539642334,1.8399999141693115,1.7899999618530273,0.23149573802947998,45.89999771118164
1021,33488896.0,0.001069644815288484,2.1263387203216553,1.809999942779541,1.8399999141693115,0.23378893733024597,48.29999923706055
1022,33521664.0,0.0013054856099188328,1.5681349039077759,1.7400000095367432,1.809999942779541,0.26535123586654663,44.39999771118164
1023,33554432.0,0.0012775595532730222,2.044506788253784,1.959999918937683,1.7400000095367432,0.239732563495636,45.29999923706055
1024,33587200.0,0.0013298408593982458,2.0349788665771484,1.5299999713897705,1.959999918937683,0.23756876587867737,47.89999771118164
1025,33619968.0,0.0011973832733929157,2.2147505283355713,1.75,1.5299999713897705,0.22485464811325073,43.0
1026,33652736.0,0.0009531338000670075,2.1851634979248047,2.0999999046325684,1.75,0.21684837341308594,44.20000076293945
1027,33685504.0,0.0008981479913927615,2.0715556144714355,2.119999885559082,2.0999999046325684,0.24045759439468384,50.39999771118164
1028,33718272.0,0.0008559938287362456,2.1875674724578857,1.9799998998641968,2.119999885559082,0.2513110339641571,51.29999923706055
1029,33751040.0,0.001082389848306775,2.193513870239258,1.96999990940094,1.9799998998641968,0.24152523279190063,43.20000076293945
1030,33783808.0,0.0009856419637799263,1.9467194080352783,1.9900000095367432,1.96999990940094,0.2154810130596161,43.39999771118164
1031,33816576.0,0.0010300735011696815,2.489941120147705,1.6399999856948853,1.9900000095367432,0.24095812439918518,41.0
1032,33849344.0,0.0009891882073134184,2.3344409465789795,1.6799999475479126,1.6399999856948853,0.24769975244998932,46.89999771118164
1033,33882112.0,0.0010351890232414007,2.1850571632385254,1.7799999713897705,1.6799999475479126,0.2377510666847229,49.70000076293945
1034,33914880.0,0.0010753357782959938,2.070552349090576,2.059999942779541,1.7799999713897705,0.21097451448440552,40.5
1035,33947648.0,0.001147800125181675,2.2554047107696533,2.0399999618530273,2.059999942779541,0.24876226484775543,50.0
1036,33980416.0,0.001098215812817216,2.212886333465576,1.9799998998641968,2.0399999618530273,0.23634564876556396,44.5
1037,34013184.0,0.0010626574512571096,2.1732120513916016,2.0799999237060547,1.9799998998641968,0.22837930917739868,42.29999923706055
1038,34045952.0,0.0012267178390175104,1.935874581336975,2.059999942779541,2.0799999237060547,0.2540810704231262,44.0
1039,34078720.0,0.0013788561336696148,1.6899358034133911,1.8799999952316284,2.059999942779541,0.21949119865894318,43.5
1040,34111488.0,0.0013195306528359652,1.913137674331665,1.5899999141693115,1.8799999952316284,0.24793043732643127,45.099998474121094
1041,34144256.0,0.0015464324969798326,2.2479448318481445,1.9399999380111694,1.5899999141693115,0.2454918473958969,47.099998474121094
1042,34177024.0,0.0008251031977124512,1.8876620531082153,1.559999942779541,1.9399999380111694,0.23775030672550201,55.39999771118164
1043,34209792.0,0.0011656624265015125,1.830350399017334,1.4399999380111694,1.559999942779541,0.2420116513967514,46.0
1044,34242560.0,0.0008930637268349528,1.8915351629257202,1.4499999284744263,1.4399999380111694,0.2105737030506134,48.70000076293945
1045,34275328.0,0.0010942894732579589,1.6718106269836426,1.5699999332427979,1.4499999284744263,0.24363356828689575,44.29999923706055
1046,34308096.0,0.0012609921395778656,1.8198155164718628,1.2300000190734863,1.5699999332427979,0.22692209482192993,47.39999771118164
1047,34340864.0,0.0012035914696753025,2.2377357482910156,1.5699999332427979,1.2300000190734863,0.237478569149971,43.20000076293945
1048,34373632.0,0.0007456625462509692,2.12241530418396,1.5499999523162842,1.5699999332427979,0.22220174968242645,39.5
1049,34406400.0,0.0006961290491744876,2.0923404693603516,1.5899999141693115,1.5499999523162842,0.2232501208782196,41.39999771118164
1050,34439168.0,0.0012197770411148667,2.0891737937927246,1.5099999904632568,1.5899999141693115,0.25697964429855347,41.29999923706055
1051,34471936.0,0.0008696228615008295,2.256834030151367,1.5199999809265137,1.5099999904632568,0.25710803270339966,34.89999771118164
1052,34504704.0,0.0009125533979386091,2.0163538455963135,1.5299999713897705,1.5199999809265137,0.239723801612854,35.89999771118164
1053,34537472.0,0.0009889693465083838,1.7071192264556885,1.3799999952316284,1.5299999713897705,0.2529911398887634,35.39999771118164
1054,34570240.0,0.0013674951624125242,2.1106157302856445,1.1399999856948853,1.3799999952316284,0.24062833189964294,49.29999923706055
1055,34603008.0,0.0012261193478479981,1.8015395402908325,1.309999942779541,1.1399999856948853,0.23361967504024506,48.20000076293945
1056,34635776.0,0.0012109956005588174,2.1374151706695557,1.4199999570846558,1.309999942779541,0.2497061789035797,46.0
1057,34668544.0,0.0014317984459921718,1.6065564155578613,1.2999999523162842,1.4199999570846558,0.2576902508735657,52.29999923706055
1058,34701312.0,0.0012462001759558916,2.0275893211364746,1.459999918937683,1.2999999523162842,0.23697063326835632,47.29999923706055
1059,34734080.0,0.0009942390024662018,2.0739715099334717,1.2400000095367432,1.459999918937683,0.2306097000837326,50.89999771118164
1060,34766848.0,0.001437622238881886,2.245893716812134,1.399999976158142,1.2400000095367432,0.23400895297527313,41.89999771118164
1061,34799616.0,0.001364028314128518,2.0645551681518555,1.3899999856948853,1.399999976158142,0.23213942348957062,48.79999923706055
1062,34832384.0,0.001199216116219759,2.0428619384765625,1.1699999570846558,1.3899999856948853,0.2423005998134613,48.599998474121094
1063,34865152.0,0.0009424230665899813,2.322352886199951,1.2799999713897705,1.1699999570846558,0.22429679334163666,34.20000076293945
1064,34897920.0,0.0013882732018828392,1.7158386707305908,1.2300000190734863,1.2799999713897705,0.23963996767997742,42.29999923706055
1065,34930688.0,0.0010505405953153968,1.8554973602294922,0.9399999976158142,1.2300000190734863,0.244125097990036,41.5
1066,34963456.0,0.0015037966659292579,2.0809903144836426,0.9899999499320984,0.9399999976158142,0.24602046608924866,35.099998474121094
1067,34996224.0,0.0009399264235980809,2.1305978298187256,1.090000033378601,0.9899999499320984,0.24886703491210938,37.099998474121094
1068,35028992.0,0.0014898933004587889,1.674636960029602,1.100000023841858,1.090000033378601,0.25423556566238403,46.39999771118164
1069,35061760.0,0.001009674509987235,1.9350758790969849,1.100000023841858,1.100000023841858,0.22024933993816376,50.5
1070,35094528.0,0.0010910616256296635,1.9886962175369263,1.1799999475479126,1.100000023841858,0.23768219351768494,50.5
1071,35127296.0,0.0012616891181096435,2.029193639755249,1.1799999475479126,1.1799999475479126,0.24208997189998627,47.79999923706055
1072,35160064.0,0.0009988374076783657,1.803188681602478,1.0,1.1799999475479126,0.23691809177398682,55.79999923706055
1073,35192832.0,0.0012570840772241354,2.096095323562622,1.1799999475479126,1.0,0.2470252811908722,39.29999923706055
1074,35225600.0,0.0014107616152614355,2.3297300338745117,1.2300000190734863,1.1799999475479126,0.220057874917984,45.0
1075,35258368.0,0.0009200628846883774,2.2172131538391113,1.4199999570846558,1.2300000190734863,0.21158099174499512,52.89999771118164
1076,35291136.0,0.000765915319789201,2.205880880355835,1.3299999237060547,1.4199999570846558,0.2235199511051178,51.29999923706055
1077,35323904.0,0.00077964982483536,2.0953965187072754,1.5499999523162842,1.3299999237060547,0.23909568786621094,46.5
1078,35356672.0,0.000822703237645328,2.426123857498169,1.3899999856948853,1.5499999523162842,0.23950746655464172,48.89999771118164
1079,35389440.0,0.0011445805430412292,2.0833818912506104,1.3799999952316284,1.3899999856948853,0.2482067197561264,51.89999771118164
1080,35422208.0,0.0010956114856526256,1.6858941316604614,0.85999995470047,1.3799999952316284,0.26143038272857666,52.89999771118164
1081,35454976.0,0.0014513412024825811,2.3165926933288574,0.9199999570846558,0.85999995470047,0.21530714631080627,45.29999923706055
1082,35487744.0,0.0009603845537640154,1.8034591674804688,0.8999999761581421,0.9199999570846558,0.2428690791130066,47.20000076293945
1083,35520512.0,0.001091576530598104,2.38081955909729,0.8799999952316284,0.8999999761581421,0.22877255082130432,46.20000076293945
1084,35553280.0,0.001069872872903943,1.976377248764038,1.1899999380111694,0.8799999952316284,0.23065170645713806,46.20000076293945
1085,35586048.0,0.001142445718869567,2.1408469676971436,1.1399999856948853,1.1899999380111694,0.2481469362974167,52.69999694824219
1086,35618816.0,0.0012605024967342615,2.1336188316345215,1.1100000143051147,1.1399999856948853,0.2528575658798218,55.0
1087,35651584.0,0.0009639695635996759,2.349590539932251,1.0399999618530273,1.1100000143051147,0.2248820960521698,55.5
1088,35684352.0,0.001115525490604341,2.178525924682617,1.0199999809265137,1.0399999618530273,0.2330455482006073,50.0
1089,35717120.0,0.0010198242962360382,2.038012981414795,1.309999942779541,1.0199999809265137,0.22278454899787903,49.0
1090,35749888.0,0.0011098911054432392,1.8779163360595703,0.8299999833106995,1.309999942779541,0.2246001660823822,50.0
1091,35782656.0,0.0008974535157904029,1.5131325721740723,0.9399999976158142,0.8299999833106995,0.23297545313835144,47.20000076293945
1092,35815424.0,0.0011459229281172156,1.8601323366165161,1.1100000143051147,0.9399999976158142,0.2189854085445404,50.20000076293945
1093,35848192.0,0.0009831922361627221,2.1226933002471924,1.4499999284744263,1.1100000143051147,0.2364991307258606,43.79999923706055
1094,35880960.0,0.0009238930069841444,1.923837423324585,1.4399999380111694,1.4499999284744263,0.24051785469055176,50.39999771118164
1095,35913728.0,0.001107516000047326,1.834654450416565,1.4199999570846558,1.4399999380111694,0.24229711294174194,50.20000076293945
1096,35946496.0,0.001201500417664647,2.13846755027771,1.3199999332427979,1.4199999570846558,0.2646925151348114,44.20000076293945
1097,35979264.0,0.0011107694590464234,2.1646888256073,1.149999976158142,1.3199999332427979,0.22082960605621338,51.39999771118164
1098,36012032.0,0.0012040407164022326,1.9197150468826294,1.4299999475479126,1.149999976158142,0.22355292737483978,44.89999771118164
1099,36044800.0,0.0007914651068858802,2.1070809364318848,1.9299999475479126,1.4299999475479126,0.21566280722618103,50.29999923706055
1100,36077568.0,0.0007946914993226528,2.020723342895508,1.6999999284744263,1.9299999475479126,0.21996241807937622,49.599998474121094
1101,36110336.0,0.002099184785038233,2.036219358444214,1.709999918937683,1.6999999284744263,0.23440459370613098,49.599998474121094
1102,36143104.0,0.0008663043845444918,1.7038168907165527,1.9499999284744263,1.709999918937683,0.2593163549900055,47.599998474121094
1103,36175872.0,0.0012787431478500366,1.7440320253372192,1.8899999856948853,1.9499999284744263,0.21569174528121948,49.79999923706055
1104,36208640.0,0.0012356662191450596,1.98499596118927,1.7599999904632568,1.8899999856948853,0.2534976601600647,50.39999771118164
1105,36241408.0,0.0008278355235233903,2.1099154949188232,1.7300000190734863,1.7599999904632568,0.23250697553157806,56.39999771118164
1106,36274176.0,0.0015498590655624866,1.887665867805481,2.0199999809265137,1.7300000190734863,0.27952301502227783,51.39999771118164
1107,36306944.0,0.0009667224949225783,1.7941893339157104,1.7999999523162842,2.0199999809265137,0.2506687641143799,54.39999771118164
1108,36339712.0,0.0008437344804406166,1.9617325067520142,1.7599999904632568,1.7999999523162842,0.2132098376750946,49.099998474121094
1109,36372480.0,0.0010587151627987623,2.201815605163574,2.0,1.7599999904632568,0.23074378073215485,49.29999923706055
1110,36405248.0,0.0011406387202441692,2.18422532081604,1.809999942779541,2.0,0.23247817158699036,38.89999771118164
1111,36438016.0,0.000879558501765132,1.8598498106002808,2.119999885559082,1.809999942779541,0.22844797372817993,51.099998474121094
1112,36470784.0,0.0017536981031298637,2.042584180831909,2.0299999713897705,2.119999885559082,0.2467767894268036,48.29999923706055
1113,36503552.0,0.001076025073416531,2.0132880210876465,1.7799999713897705,2.0299999713897705,0.23584440350532532,47.79999923706055
1114,36536320.0,0.0008125794120132923,2.0143513679504395,2.200000047683716,1.7799999713897705,0.2328592836856842,56.29999923706055
1115,36569088.0,0.001181962201371789,2.0967555046081543,2.1499998569488525,2.200000047683716,0.2229401171207428,51.89999771118164
1116,36601856.0,0.0012880358844995499,1.597263216972351,2.1599998474121094,2.1499998569488525,0.2525750398635864,46.39999771118164
1117,36634624.0,0.0015402210410684347,1.7115108966827393,1.9299999475479126,2.1599998474121094,0.24134428799152374,45.39999771118164
1118,36667392.0,0.0013781163142994046,1.8065298795700073,1.659999966621399,1.9299999475479126,0.2342243790626526,45.39999771118164
1119,36700160.0,0.0009722113609313965,2.3332648277282715,1.5899999141693115,1.659999966621399,0.22111931443214417,45.39999771118164
1120,36732928.0,0.0016159273218363523,1.8268702030181885,2.200000047683716,1.5899999141693115,0.2493159919977188,45.39999771118164
1121,36765696.0,0.001490897499024868,2.2027759552001953,1.2799999713897705,2.200000047683716,0.23830294609069824,49.89999771118164
1122,36798464.0,0.0010714649688452482,1.3570736646652222,0.9599999785423279,1.2799999713897705,0.24281635880470276,54.69999694824219
1123,36831232.0,0.0013923811493441463,1.7588894367218018,1.4800000190734863,0.9599999785423279,0.2517930567264557,52.69999694824219
1124,36864000.0,0.0008413488394580781,2.0244948863983154,1.1699999570846558,1.4800000190734863,0.2171643078327179,62.39999771118164
1125,36896768.0,0.0017559084808453918,1.941055417060852,1.8199999332427979,1.1699999570846558,0.24470055103302002,55.89999771118164
1126,36929536.0,0.001201764214783907,1.7673215866088867,0.8700000047683716,1.8199999332427979,0.21756792068481445,47.79999923706055
1127,36962304.0,0.0013410428073257208,1.8880451917648315,0.9099999666213989,0.8700000047683716,0.2418493926525116,52.599998474121094
1128,36995072.0,0.0008469241438433528,2.2478103637695312,0.9099999666213989,0.9099999666213989,0.21710354089736938,57.79999923706055
1129,37027840.0,0.0008262352785095572,1.9429765939712524,1.1799999475479126,0.9099999666213989,0.22408939898014069,53.89999771118164
1130,37060608.0,0.0008645269554108381,2.15936541557312,1.1100000143051147,1.1799999475479126,0.2337360382080078,51.89999771118164
1131,37093376.0,0.0008810838917270303,2.2325098514556885,0.7899999618530273,1.1100000143051147,0.23031900823116302,51.89999771118164
1132,37126144.0,0.001030866289511323,1.660051703453064,0.5099999904632568,0.7899999618530273,0.2603471577167511,60.19999694824219
1133,37158912.0,0.0013373991241678596,1.8901020288467407,1.46999990940094,0.5099999904632568,0.2201550155878067,38.099998474121094
1134,37191680.0,0.0010494417510926723,2.338245391845703,1.459999918937683,1.46999990940094,0.21115384995937347,32.599998474121094
1135,37224448.0,0.001025607343763113,2.0346286296844482,1.6399999856948853,1.459999918937683,0.23140960931777954,37.0
1136,37257216.0,0.0012791785411536694,1.7210097312927246,1.1799999475479126,1.6399999856948853,0.2404649704694748,41.89999771118164
1137,37289984.0,0.0011608344502747059,2.390324115753174,1.2400000095367432,1.1799999475479126,0.23555931448936462,31.599998474121094
1138,37322752.0,0.0012663898523896933,1.7912935018539429,1.2599999904632568,1.2400000095367432,0.23184949159622192,32.599998474121094
1139,37355520.0,0.0010855485452339053,1.6395066976547241,1.6100000143051147,1.2599999904632568,0.22649645805358887,33.89999771118164
1140,37388288.0,0.0012111369287595153,2.316408157348633,1.1899999380111694,1.6100000143051147,0.24654006958007812,33.39999771118164
1141,37421056.0,0.0012709919828921556,2.0773942470550537,1.2999999523162842,1.1899999380111694,0.25182849168777466,27.399999618530273
1142,37453824.0,0.0010527974227443337,1.8395086526870728,1.5999999046325684,1.2999999523162842,0.21312658488750458,27.399999618530273
1143,37486592.0,0.001348481047898531,1.925306797027588,1.3600000143051147,1.5999999046325684,0.23683255910873413,33.89999771118164
1144,37519360.0,0.001370107289403677,1.925661325454712,1.6799999475479126,1.3600000143051147,0.21740670502185822,29.19999885559082
1145,37552128.0,0.0007907467661425471,1.7841463088989258,1.5999999046325684,1.6799999475479126,0.2295360565185547,39.39999771118164
1146,37584896.0,0.0010562220122665167,1.8634893894195557,1.3299999237060547,1.5999999046325684,0.23910513520240784,37.70000076293945
1147,37617664.0,0.0011663229670375586,1.9841948747634888,1.6899999380111694,1.3299999237060547,0.22136273980140686,29.299999237060547
1148,37650432.0,0.0013790950179100037,2.1436755657196045,1.6299999952316284,1.6899999380111694,0.23043902218341827,37.39999771118164
1149,37683200.0,0.0010324607137590647,2.06368088722229,1.7999999523162842,1.6299999952316284,0.20671041309833527,40.29999923706055
1150,37715968.0,0.0017518112435936928,2.026026487350464,2.129999876022339,1.7999999523162842,0.259121298789978,44.29999923706055
1151,37748736.0,0.0013114458415657282,2.215590238571167,1.8299999237060547,2.129999876022339,0.2546086311340332,43.70000076293945
1152,37781504.0,0.001331646228209138,1.8611207008361816,2.1399998664855957,1.8299999237060547,0.2276635617017746,37.0
1153,37814272.0,0.0011125204619020224,1.9531644582748413,2.240000009536743,2.1399998664855957,0.23776033520698547,46.0
1154,37847040.0,0.0013769055949524045,1.7238538265228271,1.96999990940094,2.240000009536743,0.22835496068000793,41.79999923706055
1155,37879808.0,0.0010395646095275879,2.1166844367980957,1.3299999237060547,1.96999990940094,0.24606865644454956,38.099998474121094
1156,37912576.0,0.0008711944101378322,2.1158857345581055,1.9199999570846558,1.3299999237060547,0.23153764009475708,35.5
1157,37945344.0,0.0013569931033998728,1.9976366758346558,1.959999918937683,1.9199999570846558,0.24562346935272217,41.599998474121094
1158,37978112.0,0.001270658802241087,2.2943594455718994,1.3600000143051147,1.959999918937683,0.2380448579788208,46.20000076293945
1159,38010880.0,0.0009115294087678194,2.0909600257873535,1.7999999523162842,1.3600000143051147,0.23882459104061127,38.20000076293945
1160,38043648.0,0.0010857769520953298,1.9333140850067139,1.659999966621399,1.7999999523162842,0.22834545373916626,40.20000076293945
1161,38076416.0,0.0013603800907731056,2.0084617137908936,2.3899998664855957,1.659999966621399,0.2563559114933014,37.70000076293945
1162,38109184.0,0.0011188527569174767,2.4347214698791504,1.5999999046325684,2.3899998664855957,0.23703059554100037,35.39999771118164
1163,38141952.0,0.00099322444293648,2.070014476776123,1.5199999809265137,1.5999999046325684,0.2297762632369995,44.099998474121094
1164,38174720.0,0.001297337468713522,1.4649696350097656,1.7300000190734863,1.5199999809265137,0.24857330322265625,48.29999923706055
1165,38207488.0,0.000754375709220767,1.9574003219604492,2.059999942779541,1.7300000190734863,0.23956163227558136,35.0
1166,38240256.0,0.0014947939198464155,2.103353500366211,1.909999966621399,2.059999942779541,0.26704856753349304,46.79999923706055
1167,38273024.0,0.0012801439734175801,1.8199118375778198,1.809999942779541,1.909999966621399,0.23510968685150146,48.20000076293945
1168,38305792.0,0.0011925935978069901,1.9022245407104492,2.0899999141693115,1.809999942779541,0.21685588359832764,42.5
1169,38338560.0,0.0013590441085398197,2.429563522338867,2.369999885559082,2.0899999141693115,0.22844260931015015,46.79999923706055
1170,38371328.0,0.0015708794817328453,2.09566593170166,2.7899999618530273,2.369999885559082,0.25683724880218506,37.099998474121094
1171,38404096.0,0.0010712511138990521,2.0997087955474854,2.819999933242798,2.7899999618530273,0.25052523612976074,47.099998474121094
1172,38436864.0,0.0019669001922011375,2.2132225036621094,2.5799999237060547,2.819999933242798,0.2301257699728012,47.099998474121094
1173,38469632.0,0.0013500675559043884,1.7586370706558228,1.8600000143051147,2.5799999237060547,0.24664273858070374,47.20000076293945
1174,38502400.0,0.0013409135863184929,2.0432193279266357,1.96999990940094,1.8600000143051147,0.22688326239585876,47.39999771118164
1175,38535168.0,0.001241237041540444,2.3376963138580322,2.4700000286102295,1.96999990940094,0.2360614538192749,44.099998474121094
1176,38567936.0,0.001073128660209477,2.0511951446533203,1.8799999952316284,2.4700000286102295,0.2193157970905304,50.5
1177,38600704.0,0.0014350413111969829,2.2336385250091553,1.909999966621399,1.8799999952316284,0.2789168059825897,50.0
1178,38633472.0,0.0011953681241720915,1.76679265499115,1.899999976158142,1.909999966621399,0.2609356641769409,45.5
1179,38666240.0,0.0015046471962705255,1.8062951564788818,2.190000057220459,1.899999976158142,0.24472804367542267,48.0
1180,38699008.0,0.0009916515555232763,2.558039426803589,1.9199999570846558,2.190000057220459,0.21665698289871216,60.599998474121094
1181,38731776.0,0.0018628749530762434,2.021197557449341,2.1499998569488525,1.9199999570846558,0.24534347653388977,59.79999923706055
1182,38764544.0,0.0013542799279093742,2.040130376815796,2.1399998664855957,2.1499998569488525,0.2542727589607239,62.89999771118164
1183,38797312.0,0.0012917594285681844,1.7200570106506348,1.71999990940094,2.1399998664855957,0.22465907037258148,71.79999542236328
1184,38830080.0,0.0015863102162256837,1.5910872220993042,1.9900000095367432,1.71999990940094,0.24409404397010803,62.39999771118164
1185,38862848.0,0.001244137529283762,1.392641544342041,1.6999999284744263,1.9900000095367432,0.235845685005188,62.89999771118164
1186,38895616.0,0.0011888779699802399,1.8101146221160889,1.309999942779541,1.6999999284744263,0.2152101993560791,65.4000015258789
1187,38928384.0,0.0009483540197834373,1.9202905893325806,1.3199999332427979,1.309999942779541,0.26426711678504944,59.0
1188,38961152.0,0.0009769913740456104,2.019963264465332,1.96999990940094,1.3199999332427979,0.23721307516098022,59.5
1189,38993920.0,0.0020340573973953724,2.033320188522339,1.5199999809265137,1.96999990940094,0.25485149025917053,68.9000015258789
1190,39026688.0,0.0012500181328505278,2.2967772483825684,1.709999918937683,1.5199999809265137,0.2407950460910797,57.0
1191,39059456.0,0.0012591560371220112,2.2001566886901855,1.7999999523162842,1.709999918937683,0.23573406040668488,51.099998474121094
1192,39092224.0,0.0012075863778591156,2.1270763874053955,1.399999976158142,1.7999999523162842,0.25831666588783264,64.0999984741211
1193,39124992.0,0.0010599126107990742,1.8046411275863647,1.3399999141693115,1.399999976158142,0.23549097776412964,55.0
1194,39157760.0,0.0014898640802130103,2.0902657508850098,1.0499999523162842,1.3399999141693115,0.24464687705039978,63.0
1195,39190528.0,0.0014838092029094696,1.9359385967254639,1.1200000047683716,1.0499999523162842,0.236519455909729,44.5
1196,39223296.0,0.0009541159961372614,2.122041940689087,0.9799999594688416,1.1200000047683716,0.260621041059494,49.5
1197,39256064.0,0.0012313693296164274,1.9412983655929565,1.0299999713897705,0.9799999594688416,0.2416883409023285,56.0
1198,39288832.0,0.0012587567325681448,1.987809658050537,1.2599999904632568,1.0299999713897705,0.23756970465183258,35.89999771118164
1199,39321600.0,0.0009207891998812556,1.943371057510376,1.209999918937683,1.2599999904632568,0.23156245052814484,41.099998474121094
1200,39354368.0,0.0011377150658518076,2.0370070934295654,1.1299999952316284,1.209999918937683,0.24321158230304718,45.599998474121094
1201,39387136.0,0.0012023341841995716,2.1110916137695312,1.25,1.1299999952316284,0.25999879837036133,57.39999771118164
1202,39419904.0,0.0013117444468662143,1.9644404649734497,1.2799999713897705,1.25,0.24247409403324127,48.20000076293945
1203,39452672.0,0.0010970766888931394,1.6078546047210693,1.2699999809265137,1.2799999713897705,0.23403996229171753,43.89999771118164
1204,39485440.0,0.0011986481258645654,2.1476891040802,1.2799999713897705,1.2699999809265137,0.21904359757900238,43.89999771118164
1205,39518208.0,0.001389536657370627,2.103259563446045,0.9199999570846558,1.2799999713897705,0.217668816447258,46.099998474121094
1206,39550976.0,0.0009195704478770494,1.843892216682434,1.1899999380111694,0.9199999570846558,0.21446329355239868,48.599998474121094
1207,39583744.0,0.0010735227260738611,1.914419174194336,1.6399999856948853,1.1899999380111694,0.24247968196868896,43.89999771118164
1208,39616512.0,0.0010349503718316555,1.7502238750457764,1.149999976158142,1.6399999856948853,0.23035940527915955,41.5
1209,39649280.0,0.001387499156408012,1.8872218132019043,1.090000033378601,1.149999976158142,0.22160285711288452,48.5
1210,39682048.0,0.001075967331416905,1.964966058731079,1.1200000047683716,1.090000033378601,0.25159284472465515,49.20000076293945
1211,39714816.0,0.0011437470093369484,2.2908153533935547,1.8299999237060547,1.1200000047683716,0.2611306309700012,47.70000076293945
1212,39747584.0,0.0010990886949002743,1.899296760559082,2.0999999046325684,1.8299999237060547,0.23687250912189484,46.0
1213,39780352.0,0.0015132613480091095,2.1930954456329346,1.7999999523162842,2.0999999046325684,0.2516906261444092,57.0
1214,39813120.0,0.0010009920224547386,2.5805389881134033,1.5299999713897705,1.7999999523162842,0.23215796053409576,62.19999694824219
1215,39845888.0,0.0010306284530088305,1.6723953485488892,2.009999990463257,1.5299999713897705,0.24122436344623566,62.29999923706055
1216,39878656.0,0.0008783338125795126,2.102158546447754,1.100000023841858,2.009999990463257,0.21402329206466675,69.4000015258789
1217,39911424.0,0.001158129540272057,2.2881433963775635,0.9099999666213989,1.100000023841858,0.2656882405281067,55.79999923706055
1218,39944192.0,0.0014623787719756365,1.8671027421951294,0.9399999976158142,0.9099999666213989,0.23684647679328918,61.69999694824219
1219,39976960.0,0.0017661827150732279,1.9832768440246582,1.090000033378601,0.9399999976158142,0.26373279094696045,56.19999694824219
1220,40009728.0,0.0012114590499550104,2.183643102645874,1.090000033378601,1.090000033378601,0.26889097690582275,46.70000076293945
1221,40042496.0,0.0014372062869369984,2.198204278945923,1.0499999523162842,1.090000033378601,0.24142953753471375,50.0
1222,40075264.0,0.0013239565305411816,1.777302622795105,1.1299999952316284,1.0499999523162842,0.22396916151046753,45.70000076293945
1223,40108032.0,0.0012073596008121967,2.291134834289551,1.149999976158142,1.1299999952316284,0.2276616394519806,54.599998474121094
1224,40140800.0,0.0013171983882784843,1.9849910736083984,1.5099999904632568,1.149999976158142,0.21459738910198212,63.39999771118164
1225,40173568.0,0.0010827083606272936,2.1935477256774902,1.399999976158142,1.5099999904632568,0.2437928467988968,56.69999694824219
1226,40206336.0,0.0012370838085189462,1.737822413444519,1.399999976158142,1.399999976158142,0.2323286533355713,55.19999694824219
1227,40239104.0,0.0013155776541680098,2.321347951889038,1.309999942779541,1.399999976158142,0.243833988904953,48.89999771118164
1228,40271872.0,0.000997787108644843,2.3162269592285156,1.3600000143051147,1.309999942779541,0.21556228399276733,51.19999694824219
1229,40304640.0,0.0014688321389257908,2.188967227935791,1.2899999618530273,1.3600000143051147,0.24734243750572205,43.099998474121094
1230,40337408.0,0.0012476812116801739,2.4258902072906494,0.6800000071525574,1.2899999618530273,0.22342634201049805,43.099998474121094
1231,40370176.0,0.0011357723269611597,2.0892765522003174,0.9199999570846558,0.6800000071525574,0.24419885873794556,51.099998474121094
1232,40402944.0,0.0008928013266995549,1.7599140405654907,1.090000033378601,0.9199999570846558,0.20136675238609314,54.099998474121094
1233,40435712.0,0.0008712027920410037,2.1408050060272217,1.1299999952316284,1.090000033378601,0.23086559772491455,54.0
1234,40468480.0,0.0009382297866977751,1.9184292554855347,1.3199999332427979,1.1299999952316284,0.2128528654575348,63.599998474121094
1235,40501248.0,0.0007835462456569076,1.8950141668319702,1.5499999523162842,1.3199999332427979,0.22560513019561768,51.69999694824219
1236,40534016.0,0.0012714976910501719,2.077594757080078,1.149999976158142,1.5499999523162842,0.23528462648391724,55.099998474121094
1237,40566784.0,0.0011636163108050823,1.7906323671340942,1.1699999570846558,1.149999976158142,0.23380422592163086,53.599998474121094
1238,40599552.0,0.001563795143738389,2.185981035232544,1.5,1.1699999570846558,0.2302430421113968,49.099998474121094
1239,40632320.0,0.0015956356655806303,1.7890100479125977,1.6799999475479126,1.5,0.21928340196609497,52.5
1240,40665088.0,0.0007438602042384446,1.5929899215698242,1.5499999523162842,1.6799999475479126,0.23561149835586548,43.0
1241,40697856.0,0.001327797188423574,2.0352556705474854,1.75,1.5499999523162842,0.23004552721977234,55.599998474121094
1242,40730624.0,0.0013150818413123488,2.053753614425659,1.8799999952316284,1.75,0.23712728917598724,56.69999694824219
1243,40763392.0,0.0010359147563576698,2.043675422668457,1.96999990940094,1.8799999952316284,0.22206342220306396,60.19999694824219
1244,40796160.0,0.0014639070723205805,1.7458069324493408,1.809999942779541,1.96999990940094,0.2528451681137085,49.29999923706055
1245,40828928.0,0.0008539987029507756,1.9207797050476074,1.8499999046325684,1.809999942779541,0.21613025665283203,47.70000076293945
1246,40861696.0,0.001071184640750289,1.839707612991333,1.899999976158142,1.8499999046325684,0.2216661274433136,50.29999923706055
1247,40894464.0,0.0010363103356212378,2.3844008445739746,2.240000009536743,1.899999976158142,0.24128538370132446,48.89999771118164
1248,40927232.0,0.0011557742254808545,1.9148547649383545,2.2100000381469727,2.240000009536743,0.22747385501861572,47.70000076293945
1249,40960000.0,0.0011272274423390627,2.1705119609832764,2.2799999713897705,2.2100000381469727,0.22718381881713867,55.599998474121094
1250,40992768.0,0.001745093148201704,1.8876672983169556,2.2899999618530273,2.2799999713897705,0.24616174399852753,54.79999923706055
1251,41025536.0,0.0011252962285652757,1.6275250911712646,2.259999990463257,2.2899999618530273,0.2239479422569275,57.69999694824219
1252,41058304.0,0.001006533857434988,2.3086507320404053,2.309999942779541,2.259999990463257,0.2506170868873596,54.0
1253,41091072.0,0.001143123721703887,1.6612597703933716,2.3399999141693115,2.309999942779541,0.23718711733818054,58.89999771118164
1254,41123840.0,0.0010426080552861094,2.113237142562866,1.9199999570846558,2.3399999141693115,0.2207423448562622,58.0
1255,41156608.0,0.0013675596565008163,1.7606865167617798,2.0999999046325684,1.9199999570846558,0.23886363208293915,55.19999694824219
1256,41189376.0,0.0014177432749420404,1.658074140548706,1.75,2.0999999046325684,0.2745540142059326,49.39999771118164
1257,41222144.0,0.0014169708592817187,2.1507151126861572,1.7999999523162842,1.75,0.22478941082954407,43.39999771118164
1258,41254912.0,0.0012636089231818914,2.152240037918091,1.7899999618530273,1.7999999523162842,0.23952054977416992,42.099998474121094
1259,41287680.0,0.0008337219478562474,1.9118636846542358,1.7799999713897705,1.7899999618530273,0.25907665491104126,46.39999771118164
1260,41320448.0,0.0008964655571617186,2.255486249923706,1.809999942779541,1.7799999713897705,0.23349960148334503,51.599998474121094
1261,41353216.0,0.0013068027328699827,1.6460578441619873,1.649999976158142,1.809999942779541,0.21972204744815826,48.89999771118164
1262,41385984.0,0.0011802129447460175,2.009122610092163,1.71999990940094,1.649999976158142,0.23885305225849152,45.79999923706055
1263,41418752.0,0.0010446090018376708,1.7982765436172485,1.6200000047683716,1.71999990940094,0.23834627866744995,45.79999923706055
1264,41451520.0,0.0013017805758863688,1.8735424280166626,1.6299999952316284,1.6200000047683716,0.25000107288360596,45.79999923706055
1265,41484288.0,0.001184097258374095,1.8810614347457886,1.809999942779541,1.6299999952316284,0.20515945553779602,44.79999923706055
1266,41517056.0,0.0009027115302160382,1.9342468976974487,1.71999990940094,1.809999942779541,0.2270006388425827,46.79999923706055
1267,41549824.0,0.0008614311227574944,2.3297762870788574,1.659999966621399,1.71999990940094,0.2387784719467163,49.39999771118164
1268,41582592.0,0.001052068080753088,2.1854195594787598,1.6899999380111694,1.659999966621399,0.2168215811252594,52.39999771118164
1269,41615360.0,0.0011823418317362666,2.2203919887542725,1.649999976158142,1.6899999380111694,0.2146533727645874,54.79999923706055
1270,41648128.0,0.0010450038826093078,2.4015090465545654,1.7300000190734863,1.649999976158142,0.20827986299991608,47.89999771118164
1271,41680896.0,0.0009471758385188878,2.175690174102783,1.46999990940094,1.7300000190734863,0.22141671180725098,45.099998474121094
1272,41713664.0,0.0008177568670362234,2.102766275405884,1.5499999523162842,1.46999990940094,0.2296876609325409,48.89999771118164
1273,41746432.0,0.001096993451938033,2.001311779022217,1.5899999141693115,1.5499999523162842,0.21335449814796448,38.70000076293945
1274,41779200.0,0.0012533435365185142,2.7076833248138428,1.809999942779541,1.5899999141693115,0.21543392539024353,40.20000076293945
1275,41811968.0,0.001320837065577507,1.9230777025222778,1.4299999475479126,1.809999942779541,0.22725331783294678,33.599998474121094
1276,41844736.0,0.0013947614934295416,2.2672500610351562,1.2999999523162842,1.4299999475479126,0.22566989064216614,41.599998474121094
1277,41877504.0,0.001961653120815754,1.6388753652572632,1.5899999141693115,1.2999999523162842,0.2384798526763916,44.599998474121094
1278,41910272.0,0.0017068278975784779,2.061065435409546,1.7599999904632568,1.5899999141693115,0.2217511087656021,38.29999923706055
1279,41943040.0,0.001396252540871501,1.839532494544983,1.6200000047683716,1.7599999904632568,0.2233358919620514,49.599998474121094
1280,41975808.0,0.0012844880111515522,1.7202409505844116,1.4299999475479126,1.6200000047683716,0.2378395050764084,47.599998474121094
1281,42008576.0,0.0015870241913944483,2.327861785888672,1.409999966621399,1.4299999475479126,0.2499537467956543,43.20000076293945
1282,42041344.0,0.003195712808519602,1.8528826236724854,1.46999990940094,1.409999966621399,0.20669326186180115,43.5
1283,42074112.0,0.0011921344557777047,2.1514670848846436,1.4399999380111694,1.46999990940094,0.20444783568382263,42.5
1284,42106880.0,0.0009306218707934022,1.8303227424621582,1.7400000095367432,1.4399999380111694,0.23439767956733704,49.29999923706055
1285,42139648.0,0.0011101639829576015,2.1665852069854736,1.659999966621399,1.7400000095367432,0.2343916893005371,42.0
1286,42172416.0,0.0008566878968849778,1.5344375371932983,1.6200000047683716,1.659999966621399,0.25453412532806396,31.799999237060547
1287,42205184.0,0.0008393211755901575,2.113085985183716,1.5699999332427979,1.6200000047683716,0.23370864987373352,36.70000076293945
1288,42237952.0,0.0013523404486477375,1.8133690357208252,1.559999942779541,1.5699999332427979,0.23098993301391602,38.599998474121094
1289,42270720.0,0.0016979901120066643,1.9432957172393799,1.5799999237060547,1.559999942779541,0.2074640989303589,34.20000076293945
1290,42303488.0,0.0014978687977418303,2.0882980823516846,1.6299999952316284,1.5799999237060547,0.20900487899780273,37.70000076293945
1291,42336256.0,0.0009128643432632089,2.268728733062744,1.6100000143051147,1.6299999952316284,0.21273408830165863,42.099998474121094
1292,42369024.0,0.0016854965360835195,1.7180604934692383,1.5499999523162842,1.6100000143051147,0.2533254623413086,46.20000076293945
1293,42401792.0,0.001066745026037097,1.9463822841644287,1.1799999475479126,1.5499999523162842,0.24067603051662445,51.099998474121094
1294,42434560.0,0.0011190539225935936,1.634217619895935,1.100000023841858,1.1799999475479126,0.23565362393856049,59.099998474121094
1295,42467328.0,0.0009029103675857186,1.997709035873413,1.3399999141693115,1.100000023841858,0.22446539998054504,57.5
1296,42500096.0,0.0012449412606656551,1.9049609899520874,1.3899999856948853,1.3399999141693115,0.24653124809265137,50.0
1297,42532864.0,0.0015702338423579931,1.6422981023788452,1.5399999618530273,1.3899999856948853,0.23069603741168976,46.599998474121094
1298,42565632.0,0.0010558636859059334,1.6956616640090942,1.5,1.5399999618530273,0.23355914652347565,51.099998474121094
1299,42598400.0,0.0008854538900777698,1.8142297267913818,1.409999966621399,1.5,0.24169108271598816,49.70000076293945
1300,42631168.0,0.0008788048871792853,2.076540946960449,1.2599999904632568,1.409999966621399,0.21304212510585785,49.39999771118164
1301,42663936.0,0.0013509613927453756,1.949455976486206,1.4499999284744263,1.2599999904632568,0.2238316833972931,45.79999923706055
1302,42696704.0,0.0008568911580368876,1.8827452659606934,1.3299999237060547,1.4499999284744263,0.2127971351146698,60.19999694824219
1303,42729472.0,0.0009842553408816457,2.1131913661956787,1.4199999570846558,1.3299999237060547,0.21129591763019562,57.099998474121094
1304,42762240.0,0.0008766460232436657,1.657084345817566,1.3199999332427979,1.4199999570846558,0.2116861641407013,57.69999694824219
1305,42795008.0,0.0012626854004338384,1.9013956785202026,1.4499999284744263,1.3199999332427979,0.24182024598121643,52.19999694824219
1306,42827776.0,0.0007648623432032764,2.0259974002838135,1.2999999523162842,1.4499999284744263,0.21053731441497803,50.5
1307,42860544.0,0.001129763200879097,1.8025232553482056,1.3600000143051147,1.2999999523162842,0.2129334807395935,48.0
1308,42893312.0,0.0012380370171740651,1.7200502157211304,1.6100000143051147,1.3600000143051147,0.2224198579788208,53.0
1309,42926080.0,0.0013334767427295446,2.0467402935028076,1.4199999570846558,1.6100000143051147,0.23150159418582916,50.79999923706055
1310,42958848.0,0.0013237294042482972,2.198530435562134,2.169999837875366,1.4199999570846558,0.22459833323955536,57.39999771118164
1311,42991616.0,0.0013205287978053093,2.087118148803711,2.2100000381469727,2.169999837875366,0.21430160105228424,55.69999694824219
1312,43024384.0,0.0017757549649104476,1.400516152381897,1.909999966621399,2.2100000381469727,0.24305053055286407,57.89999771118164
1313,43057152.0,0.0008349383133463562,1.7955681085586548,2.009999990463257,1.909999966621399,0.2327231615781784,64.5
1314,43089920.0,0.000991176813840866,1.825154185295105,1.8700000047683716,2.009999990463257,0.2167041301727295,60.29999923706055
1315,43122688.0,0.0010235338704660535,2.286961793899536,2.259999990463257,1.8700000047683716,0.21128839254379272,62.099998474121094
1316,43155456.0,0.0011787191033363342,1.8036123514175415,1.75,2.259999990463257,0.23160672187805176,64.9000015258789
1317,43188224.0,0.0005880263634026051,1.9714066982269287,1.8499999046325684,1.75,0.21593216061592102,65.0999984741211
1318,43220992.0,0.0012600887566804886,2.3211982250213623,1.5799999237060547,1.8499999046325684,0.20715957880020142,60.099998474121094
1319,43253760.0,0.0012880426365882158,2.060565710067749,1.8700000047683716,1.5799999237060547,0.21390731632709503,54.5
1320,43286528.0,0.0010898682521656156,1.637628436088562,1.9799998998641968,1.8700000047683716,0.22559423744678497,60.5
1321,43319296.0,0.0012427031761035323,1.9180798530578613,2.0399999618530273,1.9799998998641968,0.24485427141189575,58.0
1322,43352064.0,0.0013705156743526459,1.8334295749664307,1.7999999523162842,2.0399999618530273,0.24242430925369263,63.599998474121094
1323,43384832.0,0.0009200325002893806,1.9675607681274414,2.2100000381469727,1.7999999523162842,0.22574394941329956,65.29999542236328
1324,43417600.0,0.0012672983575612307,1.9045172929763794,2.109999895095825,2.2100000381469727,0.19253075122833252,59.69999694824219
1325,43450368.0,0.0011475151404738426,1.8561068773269653,2.119999885559082,2.109999895095825,0.24013720452785492,55.29999923706055
1326,43483136.0,0.0015008668415248394,1.6844853162765503,2.1499998569488525,2.119999885559082,0.1933712512254715,55.29999923706055
1327,43515904.0,0.0010746133048087358,1.9493743181228638,2.109999895095825,2.1499998569488525,0.22012880444526672,55.79999923706055
1328,43548672.0,0.001125991577282548,2.2979700565338135,1.8899999856948853,2.109999895095825,0.20666617155075073,57.89999771118164
1329,43581440.0,0.000702128978446126,1.9654240608215332,1.6799999475479126,1.8899999856948853,0.21778930723667145,49.599998474121094
1330,43614208.0,0.0010894577717408538,2.048748254776001,2.0799999237060547,1.6799999475479126,0.1991591602563858,58.099998474121094
1331,43646976.0,0.0008847388671711087,2.0285162925720215,2.180000066757202,2.0799999237060547,0.21223194897174835,68.19999694824219
1332,43679744.0,0.001139929168857634,1.873759388923645,2.3399999141693115,2.180000066757202,0.2230321764945984,68.19999694824219
1333,43712512.0,0.00123626459389925,1.595548391342163,1.6299999952316284,2.3399999141693115,0.23055031895637512,70.19999694824219
1334,43745280.0,0.0010878350585699081,2.1931495666503906,2.0199999809265137,1.6299999952316284,0.20887254178524017,56.29999923706055
1335,43778048.0,0.000843969639390707,1.5286893844604492,2.059999942779541,2.0199999809265137,0.20881733298301697,58.0
1336,43810816.0,0.0008458930533379316,1.7042474746704102,1.8399999141693115,2.059999942779541,0.21116454899311066,60.69999694824219
1337,43843584.0,0.0014037215150892735,2.1858677864074707,2.0899999141693115,1.8399999141693115,0.2260681837797165,48.79999923706055
1338,43876352.0,0.0009223275119438767,1.9385989904403687,1.909999966621399,2.0899999141693115,0.19691938161849976,50.70000076293945
1339,43909120.0,0.0015952626708894968,2.1133639812469482,2.0899999141693115,1.909999966621399,0.21312209963798523,54.79999923706055
1340,43941888.0,0.0015899024438112974,1.7450993061065674,1.8799999952316284,2.0899999141693115,0.22749066352844238,65.29999542236328
1341,43974656.0,0.0013591493479907513,1.91889226436615,1.8899999856948853,1.8799999952316284,0.24565252661705017,65.5999984741211
1342,44007424.0,0.0010114157339558005,2.0399062633514404,1.8799999952316284,1.8899999856948853,0.1921740621328354,56.0
1343,44040192.0,0.0007250289199873805,1.6611367464065552,1.8199999332427979,1.8799999952316284,0.22617211937904358,57.29999923706055
1344,44072960.0,0.0009519108571112156,1.7401843070983887,1.9900000095367432,1.8199999332427979,0.2003873884677887,67.4000015258789
1345,44105728.0,0.0010516869369894266,1.893393635749817,2.0199999809265137,1.9900000095367432,0.225272074341774,63.79999923706055
1346,44138496.0,0.0013536586193367839,2.0511040687561035,2.25,2.0199999809265137,0.20558935403823853,62.0
1347,44171264.0,0.0011797952465713024,1.9524263143539429,2.0,2.25,0.2102976143360138,62.0
1348,44204032.0,0.001231821021065116,2.085089683532715,1.8399999141693115,2.0,0.21843959391117096,62.0
1349,44236800.0,0.0011275021824985743,2.0701818466186523,2.169999837875366,1.8399999141693115,0.20200935006141663,64.29999542236328
1350,44269568.0,0.0009958604350686073,1.5099055767059326,2.049999952316284,2.169999837875366,0.21139706671237946,54.69999694824219
1351,44302336.0,0.0013390174135565758,1.8770710229873657,2.129999876022339,2.049999952316284,0.2033417969942093,56.39999771118164
1352,44335104.0,0.0017204582691192627,1.739609718322754,1.7400000095367432,2.129999876022339,0.23343628644943237,51.39999771118164
1353,44367872.0,0.0008239096496254206,1.741018533706665,1.5399999618530273,1.7400000095367432,0.20589366555213928,54.5
1354,44400640.0,0.0014663883484899998,2.074824810028076,1.2899999618530273,1.5399999618530273,0.22854623198509216,57.39999771118164
1355,44433408.0,0.0017055642092600465,2.0069310665130615,1.5799999237060547,1.2899999618530273,0.21603885293006897,67.79999542236328
1356,44466176.0,0.0011688901577144861,1.860539197921753,1.2999999523162842,1.5799999237060547,0.21705614030361176,69.79999542236328
1357,44498944.0,0.0010247098980471492,1.8856252431869507,1.149999976158142,1.2999999523162842,0.2311442345380783,72.79999542236328
1358,44531712.0,0.0013117314083501697,1.5659748315811157,1.3700000047683716,1.149999976158142,0.20536017417907715,57.79999923706055
1359,44564480.0,0.0011839547660201788,1.5068453550338745,1.0099999904632568,1.3700000047683716,0.20908471941947937,75.79999542236328
1360,44597248.0,0.0013004678767174482,1.4355852603912354,1.4499999284744263,1.0099999904632568,0.23086702823638916,71.0999984741211
1361,44630016.0,0.0010154969058930874,1.9822603464126587,1.809999942779541,1.4499999284744263,0.20664545893669128,75.69999694824219
1362,44662784.0,0.0011091064661741257,1.7641863822937012,2.049999952316284,1.809999942779541,0.22468829154968262,76.0
1363,44695552.0,0.0008647474460303783,1.98042893409729,1.8199999332427979,2.049999952316284,0.22449293732643127,76.0
1364,44728320.0,0.0009427654440514743,2.1076314449310303,1.8299999237060547,1.8199999332427979,0.1962297260761261,71.79999542236328
1365,44761088.0,0.0011472421465441585,2.1262097358703613,1.71999990940094,1.8299999237060547,0.2284931242465973,77.5999984741211
1366,44793856.0,0.0010446545202285051,2.0570764541625977,1.5999999046325684,1.71999990940094,0.222532719373703,70.9000015258789
1367,44826624.0,0.0012186553794890642,1.4551942348480225,1.75,1.5999999046325684,0.23494930565357208,71.5999984741211
1368,44859392.0,0.0012427741894498467,2.2663588523864746,1.8700000047683716,1.75,0.2258312851190567,75.0999984741211
1369,44892160.0,0.0013784687034785748,2.0697102546691895,1.71999990940094,1.8700000047683716,0.23599928617477417,63.599998474121094
1370,44924928.0,0.0013008501846343279,1.912345051765442,1.9299999475479126,1.71999990940094,0.20371803641319275,62.599998474121094
1371,44957696.0,0.0013928016414865851,2.003793716430664,1.9399999380111694,1.9299999475479126,0.2171625792980194,63.79999923706055
1372,44990464.0,0.0013920450583100319,1.6621335744857788,1.6799999475479126,1.9399999380111694,0.22085882723331451,56.39999771118164
1373,45023232.0,0.0014503817074000835,1.7675517797470093,1.96999990940094,1.6799999475479126,0.20878684520721436,52.599998474121094
1374,45056000.0,0.0011304044164717197,2.01126766204834,1.8799999952316284,1.96999990940094,0.2314707189798355,56.69999694824219
1375,45088768.0,0.0026400126516819,2.081403970718384,1.96999990940094,1.8799999952316284,0.20854827761650085,54.19999694824219
1376,45121536.0,0.0011420103255659342,1.7976316213607788,1.959999918937683,1.96999990940094,0.19425421953201294,57.19999694824219
1377,45154304.0,0.0039657047018408775,1.7790508270263672,1.9299999475479126,1.959999918937683,0.20831553637981415,53.5
1378,45187072.0,0.0008074871147982776,2.2243857383728027,1.959999918937683,1.9299999475479126,0.21321943402290344,48.599998474121094
1379,45219840.0,0.0008743545040488243,2.081057548522949,1.8499999046325684,1.959999918937683,0.21542686223983765,47.5
1380,45252608.0,0.0017743133939802647,1.6766254901885986,2.0299999713897705,1.8499999046325684,0.24086496233940125,58.89999771118164
1381,45285376.0,0.0009619892807677388,1.724428653717041,2.009999990463257,2.0299999713897705,0.23219330608844757,52.099998474121094
1382,45318144.0,0.000992891495116055,1.6117075681686401,2.009999990463257,2.009999990463257,0.22122755646705627,52.599998474121094
1383,45350912.0,0.0010252557694911957,2.010638475418091,2.1399998664855957,2.009999990463257,0.20832622051239014,53.599998474121094
1384,45383680.0,0.0012213976588100195,1.7445389032363892,2.1599998474121094,2.1399998664855957,0.2209303379058838,45.79999923706055
1385,45416448.0,0.0012051132507622242,2.1892356872558594,2.129999876022339,2.1599998474121094,0.22954019904136658,53.599998474121094
1386,45449216.0,0.001317888032644987,1.8511806726455688,2.2100000381469727,2.129999876022339,0.19503484666347504,53.5
1387,45481984.0,0.0010283144656568766,1.8438304662704468,2.200000047683716,2.2100000381469727,0.20112505555152893,57.5
1388,45514752.0,0.0011245706118643284,2.0604875087738037,2.2300000190734863,2.200000047683716,0.2103760540485382,53.19999694824219
1389,45547520.0,0.0011198241263628006,2.0605123043060303,2.069999933242798,2.2300000190734863,0.19819024205207825,52.29999923706055
1390,45580288.0,0.000907947076484561,1.6137142181396484,2.3299999237060547,2.069999933242798,0.22889277338981628,58.19999694824219
1391,45613056.0,0.0013993687462061644,2.384727716445923,1.9900000095367432,2.3299999237060547,0.21724849939346313,60.099998474121094
1392,45645824.0,0.0008027394069358706,1.7720588445663452,2.319999933242798,1.9900000095367432,0.20736154913902283,52.5
1393,45678592.0,0.0012464227620512247,1.7670559883117676,2.6399998664855957,2.319999933242798,0.20613904297351837,44.39999771118164
1394,45711360.0,0.0012202179059386253,1.5537877082824707,1.959999918937683,2.6399998664855957,0.24160254001617432,47.0
1395,45744128.0,0.0016330996295437217,2.253342390060425,1.9399999380111694,1.959999918937683,0.23439465463161469,50.0
1396,45776896.0,0.0012743851402774453,2.094034194946289,2.009999990463257,1.9399999380111694,0.21026813983917236,40.20000076293945
1397,45809664.0,0.0013431999832391739,2.1433308124542236,1.899999976158142,2.009999990463257,0.22660592198371887,44.79999923706055
1398,45842432.0,0.001284381141886115,2.0811057090759277,1.9199999570846558,1.899999976158142,0.21463391184806824,48.5
1399,45875200.0,0.001051672617904842,2.234005928039551,1.6899999380111694,1.9199999570846558,0.2133919596672058,57.39999771118164
1400,45907968.0,0.0011247682850807905,1.9685015678405762,1.6999999284744263,1.6899999380111694,0.19693782925605774,58.89999771118164
1401,45940736.0,0.0010624714195728302,1.8543622493743896,1.5399999618530273,1.6999999284744263,0.20608794689178467,58.89999771118164
1402,45973504.0,0.0010059495689347386,2.2773244380950928,1.6200000047683716,1.5399999618530273,0.22355110943317413,61.599998474121094
1403,46006272.0,0.0009394658845849335,2.1378333568573,1.6200000047683716,1.6200000047683716,0.22071364521980286,58.79999923706055
1404,46039040.0,0.001121556619182229,1.9214786291122437,1.5299999713897705,1.6200000047683716,0.2064206451177597,58.0
1405,46071808.0,0.001146543538197875,1.8294416666030884,1.5299999713897705,1.5299999713897705,0.20691481232643127,63.5
1406,46104576.0,0.0012198778567835689,1.625676155090332,1.5299999713897705,1.5299999713897705,0.23144391179084778,55.19999694824219
1407,46137344.0,0.0009616424795240164,2.1607437133789062,1.75,1.5299999713897705,0.23443199694156647,54.69999694824219
1408,46170112.0,0.0010082605294883251,1.9127038717269897,1.9900000095367432,1.75,0.21077927947044373,55.39999771118164
1409,46202880.0,0.001237595221027732,1.6666991710662842,1.7899999618530273,1.9900000095367432,0.20845451951026917,62.39999771118164
1410,46235648.0,0.0013090685242787004,1.7522081136703491,1.559999942779541,1.7899999618530273,0.23636725544929504,65.19999694824219
1411,46268416.0,0.002022722503170371,2.005237102508545,1.5399999618530273,1.559999942779541,0.20345130562782288,60.69999694824219
1412,46301184.0,0.0015796872321516275,1.8187623023986816,1.7999999523162842,1.5399999618530273,0.210090771317482,55.79999923706055
1413,46333952.0,0.001148616662248969,1.9706968069076538,1.8899999856948853,1.7999999523162842,0.22987547516822815,47.79999923706055
1414,46366720.0,0.002121086698025465,1.978224754333496,1.6399999856948853,1.8899999856948853,0.23412521183490753,38.39999771118164
1415,46399488.0,0.0011684682685881853,2.3847625255584717,1.5899999141693115,1.6399999856948853,0.20564883947372437,41.29999923706055
1416,46432256.0,0.0016569527797400951,2.164616346359253,1.8199999332427979,1.5899999141693115,0.21756771206855774,41.599998474121094
1417,46465024.0,0.0014327128883451223,1.7064467668533325,1.7899999618530273,1.8199999332427979,0.23500356078147888,43.79999923706055
1418,46497792.0,0.001069838646799326,2.0151844024658203,1.8600000143051147,1.7899999618530273,0.209616020321846,41.099998474121094
1419,46530560.0,0.0010787247447296977,1.945127010345459,1.7899999618530273,1.8600000143051147,0.2177095115184784,43.29999923706055
1420,46563328.0,0.0007869013934396207,1.735586404800415,1.7799999713897705,1.7899999618530273,0.21572330594062805,51.69999694824219
1421,46596096.0,0.000861869310028851,1.8605493307113647,1.6399999856948853,1.7799999713897705,0.1852407306432724,51.19999694824219
1422,46628864.0,0.0010450812987983227,2.0847837924957275,1.71999990940094,1.6399999856948853,0.22959312796592712,52.79999923706055
1423,46661632.0,0.00121712451800704,2.0318808555603027,1.559999942779541,1.71999990940094,0.20884686708450317,49.0
1424,46694400.0,0.0014538709074258804,2.150904417037964,1.5399999618530273,1.559999942779541,0.1966741681098938,50.099998474121094
1425,46727168.0,0.0011392082087695599,2.2109158039093018,1.5999999046325684,1.5399999618530273,0.19593119621276855,50.099998474121094
1426,46759936.0,0.0008376268669962883,1.9620459079742432,1.7999999523162842,1.5999999046325684,0.21433097124099731,57.5
1427,46792704.0,0.0009984890930354595,1.805854082107544,1.6299999952316284,1.7999999523162842,0.21051868796348572,66.9000015258789
1428,46825472.0,0.0014479926321655512,2.296680450439453,1.2599999904632568,1.6299999952316284,0.23553012311458588,59.89999771118164
1429,46858240.0,0.001155494130216539,2.024904727935791,0.9399999976158142,1.2599999904632568,0.22507143020629883,57.099998474121094
1430,46891008.0,0.001175495213828981,2.1301114559173584,1.100000023841858,0.9399999976158142,0.21347656846046448,61.29999923706055
1431,46923776.0,0.0009635586757212877,2.0103697776794434,1.4399999380111694,1.100000023841858,0.19290223717689514,62.0
1432,46956544.0,0.0010307872435078025,1.8721548318862915,1.4399999380111694,1.4399999380111694,0.21510279178619385,59.599998474121094
1433,46989312.0,0.001183283980935812,1.8310657739639282,1.5799999237060547,1.4399999380111694,0.22310855984687805,59.29999923706055
1434,47022080.0,0.001210428075864911,1.9117351770401,1.46999990940094,1.5799999237060547,0.2446436733007431,51.79999923706055
1435,47054848.0,0.0009908434003591537,2.032028913497925,1.5399999618530273,1.46999990940094,0.21885031461715698,57.0
1436,47087616.0,0.000924959487747401,2.13956880569458,1.2799999713897705,1.5399999618530273,0.20987358689308167,54.0
1437,47120384.0,0.0010975685436278582,1.8234572410583496,1.3399999141693115,1.2799999713897705,0.2379661500453949,51.599998474121094
1438,47153152.0,0.000859976455103606,1.716782808303833,1.2699999809265137,1.3399999141693115,0.2171255350112915,56.099998474121094
1439,47185920.0,0.0013026775559410453,1.6927440166473389,1.4299999475479126,1.2699999809265137,0.24255909025669098,42.29999923706055
1440,47218688.0,0.0011930216569453478,2.168599843978882,1.7300000190734863,1.4299999475479126,0.227460578083992,44.89999771118164
1441,47251456.0,0.0010694429511204362,1.8239200115203857,1.7899999618530273,1.7300000190734863,0.20646795630455017,52.0
1442,47284224.0,0.0009206057293340564,1.9418649673461914,1.5,1.7899999618530273,0.19267693161964417,49.099998474121094
1443,47316992.0,0.001927667297422886,2.277127265930176,1.46999990940094,1.5,0.22673189640045166,48.099998474121094
1444,47349760.0,0.0008583288290537894,1.8828738927841187,1.2300000190734863,1.46999990940094,0.21753573417663574,41.20000076293945
1445,47382528.0,0.0011594503885135055,2.149110794067383,1.6699999570846558,1.2300000190734863,0.1939982771873474,38.29999923706055
1446,47415296.0,0.0016718811821192503,1.6229525804519653,2.049999952316284,1.6699999570846558,0.23325464129447937,47.29999923706055
1447,47448064.0,0.0010573251638561487,2.0201940536499023,1.9900000095367432,2.049999952316284,0.22855964303016663,44.20000076293945
1448,47480832.0,0.0010819577146321535,2.1590166091918945,1.9799998998641968,1.9900000095367432,0.24217897653579712,53.89999771118164
1449,47513600.0,0.0011819700011983514,1.8412480354309082,1.8700000047683716,1.9799998998641968,0.2276870310306549,49.099998474121094
1450,47546368.0,0.0007503632223233581,2.0690460205078125,2.0899999141693115,1.8700000047683716,0.2158522605895996,54.19999694824219
1451,47579136.0,0.0011493843048810959,1.7878955602645874,1.9199999570846558,2.0899999141693115,0.22180713713169098,53.5
1452,47611904.0,0.001391069614328444,1.9821226596832275,2.009999990463257,1.9199999570846558,0.1931619495153427,42.599998474121094
1453,47644672.0,0.0015430750790983438,1.702999472618103,1.9299999475479126,2.009999990463257,0.23478609323501587,49.70000076293945
1454,47677440.0,0.0010464959777891636,1.7381623983383179,1.96999990940094,1.9299999475479126,0.2323063611984253,45.39999771118164
1455,47710208.0,0.0012778954114764929,1.9621342420578003,1.9799998998641968,1.96999990940094,0.22004655003547668,56.79999923706055
1456,47742976.0,0.001149098388850689,1.4789514541625977,1.9799998998641968,1.9799998998641968,0.22288022935390472,59.69999694824219
1457,47775744.0,0.0011665354249998927,1.7082135677337646,1.8600000143051147,1.9799998998641968,0.22973598539829254,60.5
1458,47808512.0,0.001463922206312418,2.3306963443756104,1.9299999475479126,1.8600000143051147,0.22721964120864868,65.69999694824219
1459,47841280.0,0.0010645510628819466,1.867382287979126,1.7400000095367432,1.9299999475479126,0.22154521942138672,50.89999771118164
1460,47874048.0,0.0011002816027030349,1.717015027999878,1.3899999856948853,1.7400000095367432,0.21227429807186127,57.099998474121094
1461,47906816.0,0.0012729741865769029,1.9765671491622925,1.899999976158142,1.3899999856948853,0.22754335403442383,54.599998474121094
1462,47939584.0,0.0014913807390257716,1.7078715562820435,2.049999952316284,1.899999976158142,0.24763035774230957,67.79999542236328
1463,47972352.0,0.0013143483083695173,2.3032338619232178,1.809999942779541,2.049999952316284,0.21083974838256836,68.79999542236328
1464,48005120.0,0.0013528637355193496,1.7520897388458252,1.8199999332427979,1.809999942779541,0.22640910744667053,73.0999984741211
1465,48037888.0,0.0006436309777200222,1.8420695066452026,1.4499999284744263,1.8199999332427979,0.21143901348114014,73.0999984741211
1466,48070656.0,0.0012143368367105722,1.5361745357513428,1.4499999284744263,1.4499999284744263,0.2337065041065216,60.29999923706055
1467,48103424.0,0.0009534520213492215,2.0172386169433594,1.6699999570846558,1.4499999284744263,0.21274437010288239,57.29999923706055
1468,48136192.0,0.0014389166608452797,2.0981411933898926,1.3700000047683716,1.6699999570846558,0.19531138241291046,65.69999694824219
1469,48168960.0,0.0011525595327839255,1.5326100587844849,1.4499999284744263,1.3700000047683716,0.20937521755695343,61.69999694824219
1470,48201728.0,0.0014255846617743373,1.7323189973831177,1.5499999523162842,1.4499999284744263,0.20075170695781708,61.39999771118164
1471,48234496.0,0.0012018471024930477,1.9577044248580933,1.5099999904632568,1.5499999523162842,0.21402020752429962,69.0999984741211
1472,48267264.0,0.0012199657503515482,1.91227388381958,1.6299999952316284,1.5099999904632568,0.21128466725349426,62.099998474121094
1473,48300032.0,0.001275059417821467,2.1347341537475586,1.6200000047683716,1.6299999952316284,0.23529952764511108,68.0
1474,48332800.0,0.0009217863553203642,1.8582361936569214,1.5499999523162842,1.6200000047683716,0.1968809962272644,66.0
1475,48365568.0,0.0012088436633348465,2.1040356159210205,1.5199999809265137,1.5499999523162842,0.23360119760036469,65.9000015258789
1476,48398336.0,0.0010337474523112178,1.9285075664520264,1.3299999237060547,1.5199999809265137,0.2264731079339981,71.79999542236328
1477,48431104.0,0.0014895086642354727,2.1924309730529785,1.7799999713897705,1.3299999237060547,0.20772942900657654,63.89999771118164
1478,48463872.0,0.001448616269044578,2.198514223098755,2.0899999141693115,1.7799999713897705,0.24683909118175507,61.79999923706055
1479,48496640.0,0.0014634359395131469,1.901702880859375,1.350000023841858,2.0899999141693115,0.22968682646751404,60.79999923706055
1480,48529408.0,0.001067963894456625,1.6364136934280396,1.3700000047683716,1.350000023841858,0.2143269181251526,67.29999542236328
1481,48562176.0,0.0012316139182075858,2.0725700855255127,1.1899999380111694,1.3700000047683716,0.1836356818675995,67.29999542236328
1482,48594944.0,0.0014979974366724491,1.8742666244506836,1.2200000286102295,1.1899999380111694,0.2190973460674286,59.099998474121094
1483,48627712.0,0.0008999854908324778,1.743473768234253,1.399999976158142,1.2200000286102295,0.1989779770374298,64.5
1484,48660480.0,0.0011093014618381858,1.484594464302063,1.1799999475479126,1.399999976158142,0.22174301743507385,68.19999694824219
1485,48693248.0,0.0011599422432482243,2.000530242919922,1.209999918937683,1.1799999475479126,0.20003648102283478,63.0
1486,48726016.0,0.001157211372628808,1.963867425918579,1.2400000095367432,1.209999918937683,0.20950278639793396,63.0
1487,48758784.0,0.0014423893298953772,1.8059499263763428,1.350000023841858,1.2400000095367432,0.21335679292678833,63.099998474121094
1488,48791552.0,0.0013106097467243671,1.7977405786514282,1.4399999380111694,1.350000023841858,0.22265908122062683,54.5
1489,48824320.0,0.0006323306588456035,2.0837738513946533,1.6200000047683716,1.4399999380111694,0.20440322160720825,58.5
1490,48857088.0,0.0010903642978519201,2.218923568725586,1.4199999570846558,1.6200000047683716,0.20467853546142578,56.099998474121094
1491,48889856.0,0.0008589224307797849,1.9408073425292969,1.6999999284744263,1.4199999570846558,0.21093639731407166,65.69999694824219
1492,48922624.0,0.0006823114235885441,1.9614965915679932,1.7400000095367432,1.6999999284744263,0.1996302604675293,65.0999984741211
1493,48955392.0,0.0006817618268541992,1.875784158706665,1.709999918937683,1.7400000095367432,0.18065160512924194,68.0999984741211
1494,48988160.0,0.0007934441091492772,2.212444543838501,1.7799999713897705,1.709999918937683,0.19312784075737,75.69999694824219
1495,49020928.0,0.0009704707190394402,1.9186428785324097,1.4299999475479126,1.7799999713897705,0.1815488636493683,65.0999984741211
1496,49053696.0,0.001360416179522872,1.5183244943618774,1.3299999237060547,1.4299999475479126,0.21196281909942627,54.599998474121094
1497,49086464.0,0.0007436737651005387,1.709471344947815,1.2899999618530273,1.3299999237060547,0.18553060293197632,55.19999694824219
1498,49119232.0,0.0008318399777635932,2.0357043743133545,1.1100000143051147,1.2899999618530273,0.19031208753585815,53.89999771118164
1499,49152000.0,0.0014872500905767083,2.1992406845092773,0.9399999976158142,1.1100000143051147,0.21011364459991455,49.70000076293945
1500,49184768.0,0.0011641455348581076,1.6021586656570435,0.8199999928474426,0.9399999976158142,0.18550103902816772,57.0
1501,49217536.0,0.0011933990754187107,1.6720662117004395,0.6599999666213989,0.8199999928474426,0.22662125527858734,52.29999923706055
1502,49250304.0,0.0008098538964986801,1.8946503400802612,1.0099999904632568,0.6599999666213989,0.19398216903209686,42.099998474121094
1503,49283072.0,0.0010285070165991783,2.016125202178955,1.0399999618530273,1.0099999904632568,0.21602366864681244,41.39999771118164
1504,49315840.0,0.0019708569161593914,2.0281004905700684,0.9599999785423279,1.0399999618530273,0.22225895524024963,44.39999771118164
1505,49348608.0,0.001139941974543035,2.215263605117798,0.9300000071525574,0.9599999785423279,0.1966499239206314,62.79999923706055
1506,49381376.0,0.0012339819222688675,2.0100181102752686,0.9699999690055847,0.9300000071525574,0.2112019956111908,57.29999923706055
1507,49414144.0,0.0017892445903271437,2.086649179458618,0.8499999642372131,0.9699999690055847,0.21141427755355835,63.69999694824219
1508,49446912.0,0.00123168237041682,2.2806131839752197,0.8899999856948853,0.8499999642372131,0.22055651247501373,60.39999771118164
1509,49479680.0,0.0012823608703911304,2.1557984352111816,0.9899999499320984,0.8899999856948853,0.215314120054245,64.9000015258789
1510,49512448.0,0.001226428197696805,2.2352304458618164,0.7099999785423279,0.9899999499320984,0.21243971586227417,68.0999984741211
1511,49545216.0,0.0015085383784025908,2.0472865104675293,0.8100000023841858,0.7099999785423279,0.21853673458099365,63.599998474121094
1512,49577984.0,0.0013704885495826602,2.154953956604004,1.0499999523162842,0.8100000023841858,0.236243337392807,60.39999771118164
1513,49610752.0,0.0008459941600449383,1.9985061883926392,1.2699999809265137,1.0499999523162842,0.20644772052764893,54.0
1514,49643520.0,0.0010702222352847457,1.9246063232421875,1.209999918937683,1.2699999809265137,0.2210940420627594,48.5
1515,49676288.0,0.0011608499335125089,1.896945595741272,1.2699999809265137,1.209999918937683,0.21056261658668518,52.0
1516,49709056.0,0.0016712299548089504,2.0283007621765137,1.71999990940094,1.2699999809265137,0.2310667484998703,64.5999984741211
1517,49741824.0,0.001192988594993949,2.0075857639312744,1.2400000095367432,1.71999990940094,0.2147584855556488,69.19999694824219
1518,49774592.0,0.001311404863372445,2.126380205154419,1.5299999713897705,1.2400000095367432,0.2048105001449585,82.5
1519,49807360.0,0.001480668317526579,1.9268783330917358,1.1999999284744263,1.5299999713897705,0.19592070579528809,62.599998474121094
1520,49840128.0,0.004996838979423046,1.7638633251190186,1.2699999809265137,1.1999999284744263,0.2283325493335724,72.9000015258789
1521,49872896.0,0.0011757269967347383,1.9422752857208252,1.3600000143051147,1.2699999809265137,0.22186705470085144,64.79999542236328
1522,49905664.0,0.0012627262622117996,1.7776038646697998,1.3899999856948853,1.3600000143051147,0.21307358145713806,65.19999694824219
1523,49938432.0,0.0011817602207884192,2.061870813369751,1.3399999141693115,1.3899999856948853,0.20773951709270477,65.19999694824219
1524,49971200.0,0.001315816305577755,2.063530921936035,1.25,1.3399999141693115,0.22672630846500397,57.39999771118164
1525,50003968.0,0.0010334622347727418,1.9960317611694336,0.6599999666213989,1.25,0.2118239402770996,65.9000015258789
1526,50036736.0,0.0012411733623594046,2.271770477294922,0.7299999594688416,0.6599999666213989,0.20666992664337158,72.79999542236328
1527,50069504.0,0.001061952905729413,1.8788890838623047,1.0699999332427979,0.7299999594688416,0.2076721489429474,67.0
1528,50102272.0,0.0011751805432140827,1.6121617555618286,0.6499999761581421,1.0699999332427979,0.20772109925746918,67.79999542236328
1529,50135040.0,0.0008812595624476671,2.2564730644226074,1.0,0.6499999761581421,0.20715957880020142,69.29999542236328
1530,50167808.0,0.0011424338445067406,2.044788122177124,0.7199999690055847,1.0,0.22171419858932495,65.0999984741211
1531,50200576.0,0.0011255985591560602,2.012998580932617,1.2799999713897705,0.7199999690055847,0.18522728979587555,60.19999694824219
1532,50233344.0,0.001257504802197218,2.2123825550079346,1.1899999380111694,1.2799999713897705,0.20725543797016144,62.69999694824219
1533,50266112.0,0.0010453183203935623,2.1246161460876465,1.1999999284744263,1.1899999380111694,0.22900056838989258,59.19999694824219
1534,50298880.0,0.0008050231845118105,2.3609778881073,1.0199999809265137,1.1999999284744263,0.20261536538600922,64.19999694824219
1535,50331648.0,0.0015360246179625392,1.920712947845459,1.0199999809265137,1.0199999809265137,0.22643998265266418,55.599998474121094
1536,50364416.0,0.0008874701452441514,1.7817776203155518,1.0,1.0199999809265137,0.2208433598279953,60.89999771118164
1537,50397184.0,0.0013065430102869868,1.894735336303711,1.0799999237060547,1.0,0.21902573108673096,60.89999771118164
1538,50429952.0,0.0011002984829246998,2.4598236083984375,1.71999990940094,1.0799999237060547,0.20104657113552094,59.69999694824219
1539,50462720.0,0.0009445187170058489,2.0805814266204834,1.5299999713897705,1.71999990940094,0.19823354482650757,60.29999923706055
1540,50495488.0,0.0013206438161432743,2.191845178604126,1.5799999237060547,1.5299999713897705,0.2074795365333557,71.79999542236328
1541,50528256.0,0.0013937653275206685,2.101572275161743,1.2599999904632568,1.5799999237060547,0.22157497704029083,74.29999542236328
1542,50561024.0,0.0008757115574553609,1.7099308967590332,1.71999990940094,1.2599999904632568,0.20741738379001617,75.29999542236328
1543,50593792.0,0.001142024644650519,2.0309369564056396,1.2599999904632568,1.71999990940094,0.20985054969787598,73.69999694824219
1544,50626560.0,0.0015501570887863636,2.0960490703582764,0.6299999952316284,1.2599999904632568,0.22176851332187653,73.69999694824219
1545,50659328.0,0.0011095985537394881,1.8647518157958984,0.8799999952316284,0.6299999952316284,0.21736262738704681,69.69999694824219
1546,50692096.0,0.0013673516223207116,2.0972774028778076,0.5699999928474426,0.8799999952316284,0.22456175088882446,66.69999694824219
1547,50724864.0,0.001116401283070445,1.8990784883499146,0.6299999952316284,0.5699999928474426,0.198719784617424,71.5999984741211
1548,50757632.0,0.0013838033191859722,1.888388752937317,0.6499999761581421,0.6299999952316284,0.2391432821750641,70.69999694824219
1549,50790400.0,0.0014285927172750235,2.251953363418579,0.5399999618530273,0.6499999761581421,0.2279399186372757,70.69999694824219
1550,50823168.0,0.0013532302109524608,2.3183319568634033,0.7400000095367432,0.5399999618530273,0.23759427666664124,64.0999984741211
1551,50855936.0,0.001207629218697548,1.6927696466445923,1.0399999618530273,0.7400000095367432,0.2048625648021698,71.0999984741211
1552,50888704.0,0.0010335105471313,2.034834146499634,1.0399999618530273,1.0399999618530273,0.2068907618522644,68.0999984741211
1553,50921472.0,0.001128380186855793,2.5020437240600586,1.0199999809265137,1.0399999618530273,0.22263222932815552,68.69999694824219
1554,50954240.0,0.0013443108182400465,1.732312560081482,1.0799999237060547,1.0199999809265137,0.2260153591632843,68.0
1555,50987008.0,0.0011200305307283998,1.8014639616012573,0.9399999976158142,1.0799999237060547,0.21949520707130432,71.5
1556,51019776.0,0.001650908961892128,2.292431592941284,1.1100000143051147,0.9399999976158142,0.21313704550266266,72.0999984741211
1557,51052544.0,0.0011692338157445192,2.0733306407928467,0.949999988079071,1.1100000143051147,0.210861936211586,71.0
1558,51085312.0,0.0012648014817386866,2.3826072216033936,0.75,0.949999988079071,0.24494090676307678,65.79999542236328
1559,51118080.0,0.0012219230411574244,2.0289955139160156,0.8700000047683716,0.75,0.20334605872631073,65.79999542236328
1560,51150848.0,0.0013998572248965502,1.9698491096496582,0.85999995470047,0.8700000047683716,0.21474581956863403,61.39999771118164
1561,51183616.0,0.0012661811197176576,2.3943283557891846,0.9099999666213989,0.85999995470047,0.21738529205322266,63.099998474121094
1562,51216384.0,0.0011702075134962797,1.9779163599014282,1.0399999618530273,0.9099999666213989,0.2476980835199356,62.099998474121094
1563,51249152.0,0.001094156876206398,2.1920673847198486,0.7999999523162842,1.0399999618530273,0.19101737439632416,68.5999984741211
1564,51281920.0,0.0012335233623161912,2.178050994873047,0.41999998688697815,0.7999999523162842,0.21723432838916779,61.0
1565,51314688.0,0.0008697111625224352,2.086236000061035,0.7699999809265137,0.41999998688697815,0.23185276985168457,51.39999771118164
1566,51347456.0,0.001537291333079338,2.024094343185425,0.23999999463558197,0.7699999809265137,0.23193542659282684,54.89999771118164
1567,51380224.0,0.000844900612719357,1.9575051069259644,0.3100000023841858,0.23999999463558197,0.20323997735977173,56.0
1568,51412992.0,0.0011591766960918903,1.842977523803711,0.5099999904632568,0.3100000023841858,0.2270803302526474,59.39999771118164
1569,51445760.0,0.0010323451133444905,2.2075321674346924,0.12999999523162842,0.5099999904632568,0.22467654943466187,67.69999694824219
1570,51478528.0,0.0009415337117388844,2.244049549102783,0.20999999344348907,0.12999999523162842,0.20714697241783142,68.5999984741211
1571,51511296.0,0.0012584099313244224,2.2475550174713135,0.09999999403953552,0.20999999344348907,0.2209877073764801,49.70000076293945
1572,51544064.0,0.0009639354539103806,1.8947548866271973,0.17000000178813934,0.09999999403953552,0.22734618186950684,46.5
1573,51576832.0,0.0010620533721521497,2.382798433303833,0.20999999344348907,0.17000000178813934,0.22157415747642517,59.099998474121094
1574,51609600.0,0.0017643498722463846,2.1705877780914307,0.5399999618530273,0.20999999344348907,0.22923853993415833,52.69999694824219
1575,51642368.0,0.0009890077635645866,1.8887205123901367,0.17000000178813934,0.5399999618530273,0.22789587080478668,58.599998474121094
1576,51675136.0,0.0015172406565397978,1.9738175868988037,-0.03999999910593033,0.17000000178813934,0.21345558762550354,52.599998474121094
1577,51707904.0,0.0013085224200040102,2.253415822982788,0.07000000029802322,-0.03999999910593033,0.20920418202877045,51.0
1578,51740672.0,0.0016161745879799128,2.2875757217407227,0.23999999463558197,0.07000000029802322,0.2266540378332138,51.79999923706055
1579,51773440.0,0.0018665639217942953,2.2506229877471924,0.5600000023841858,0.23999999463558197,0.24034130573272705,56.19999694824219
1580,51806208.0,0.001289914594963193,2.0235700607299805,0.7400000095367432,0.5600000023841858,0.2056494802236557,62.599998474121094
1581,51838976.0,0.0009013675735332072,2.3192238807678223,0.7899999618530273,0.7400000095367432,0.19354096055030823,76.0999984741211
1582,51871744.0,0.0009607989341020584,2.2959578037261963,0.8499999642372131,0.7899999618530273,0.244210883975029,67.0999984741211
1583,51904512.0,0.001199306221678853,2.0848276615142822,1.1699999570846558,0.8499999642372131,0.20464277267456055,68.9000015258789
1584,51937280.0,0.0012104734778404236,2.044938564300537,0.9799999594688416,1.1699999570846558,0.23114481568336487,70.9000015258789
1585,51970048.0,0.0012500053271651268,2.2326977252960205,0.8299999833106995,0.9799999594688416,0.1916685700416565,63.89999771118164
1586,52002816.0,0.0006862406735308468,1.8085027933120728,0.7699999809265137,0.8299999833106995,0.22961491346359253,63.599998474121094
1587,52035584.0,0.0014632877428084612,2.1593210697174072,1.1399999856948853,0.7699999809265137,0.22333979606628418,60.599998474121094
1588,52068352.0,0.0008596092229709029,2.208723306655884,0.9599999785423279,1.1399999856948853,0.2214454561471939,61.5
1589,52101120.0,0.001308394130319357,2.3210721015930176,1.0499999523162842,0.9599999785423279,0.2155616730451584,52.5
1590,52133888.0,0.0011270809918642044,1.9957265853881836,1.1999999284744263,1.0499999523162842,0.21575911343097687,49.79999923706055
1591,52166656.0,0.0014093519421294332,1.7544384002685547,1.149999976158142,1.1999999284744263,0.21544861793518066,49.70000076293945
1592,52199424.0,0.001064792973920703,2.4492266178131104,1.0,1.149999976158142,0.22047443687915802,54.5
1593,52232192.0,0.0013425645884126425,2.604705572128296,1.1299999952316284,1.0,0.22590941190719604,58.39999771118164
1594,52264960.0,0.0012677672784775496,2.3731422424316406,0.8499999642372131,1.1299999952316284,0.21232938766479492,58.29999923706055
1595,52297728.0,0.0012212512083351612,2.242248773574829,0.949999988079071,0.8499999642372131,0.2404569387435913,43.20000076293945
1596,52330496.0,0.0013805963099002838,1.9552674293518066,0.7199999690055847,0.949999988079071,0.20458486676216125,52.89999771118164
1597,52363264.0,0.0011374647729098797,2.705122947692871,1.0799999237060547,0.7199999690055847,0.2234269380569458,49.79999923706055
1598,52396032.0,0.0006474236724898219,2.4088902473449707,1.1100000143051147,1.0799999237060547,0.22710484266281128,61.89999771118164
1599,52428800.0,0.0012225492391735315,2.185053825378418,1.5199999809265137,1.1100000143051147,0.2114308476448059,57.0
1600,52461568.0,0.0009793343488126993,2.5060970783233643,0.7799999713897705,1.5199999809265137,0.195785790681839,63.29999923706055
1601,52494336.0,0.0011235837591812015,2.5277035236358643,0.9099999666213989,0.7799999713897705,0.22426456212997437,51.39999771118164
1602,52527104.0,0.0009706974378786981,2.072761297225952,0.5899999737739563,0.9099999666213989,0.2356986701488495,52.19999694824219
1603,52559872.0,0.0013631274923682213,2.647932529449463,0.14000000059604645,0.5899999737739563,0.20335452258586884,56.79999923706055
1604,52592640.0,0.0011118209222331643,2.248732089996338,0.07999999821186066,0.14000000059604645,0.20813217759132385,58.099998474121094
1605,52625408.0,0.0011107517639175057,2.446438789367676,0.26999998092651367,0.07999999821186066,0.20563769340515137,54.599998474121094
1606,52658176.0,0.0010254111839458346,2.3020200729370117,0.3700000047683716,0.26999998092651367,0.20292159914970398,65.69999694824219
1607,52690944.0,0.001067183562554419,2.409074544906616,0.3499999940395355,0.3700000047683716,0.20144756138324738,54.79999923706055
1608,52723712.0,0.001630714163184166,2.0705676078796387,0.6200000047683716,0.3499999940395355,0.23897963762283325,63.29999923706055
1609,52756480.0,0.0009190463460981846,2.2309718132019043,1.1699999570846558,0.6200000047683716,0.22356851398944855,61.69999694824219
1610,52789248.0,0.001315741566941142,2.2455997467041016,0.8499999642372131,1.1699999570846558,0.23369762301445007,69.5999984741211
1611,52822016.0,0.0012055746046826243,2.489658832550049,0.8999999761581421,0.8499999642372131,0.22278007864952087,69.29999542236328
1612,52854784.0,0.0015602527419105172,2.1917543411254883,0.8299999833106995,0.8999999761581421,0.25372520089149475,68.79999542236328
1613,52887552.0,0.0011235300917178392,2.3068668842315674,1.059999942779541,0.8299999833106995,0.21971553564071655,71.79999542236328
1614,52920320.0,0.0012637762119993567,2.311269760131836,0.8299999833106995,1.059999942779541,0.18485137820243835,64.79999542236328
1615,52953088.0,0.0020202139858156443,2.40653133392334,0.9199999570846558,0.8299999833106995,0.22842082381248474,72.0999984741211
1616,52985856.0,0.001068686950020492,1.6414276361465454,0.8799999952316284,0.9199999570846558,0.2251371443271637,70.0999984741211
1617,53018624.0,0.001777342869900167,1.968093991279602,0.8899999856948853,0.8799999952316284,0.21307861804962158,59.599998474121094
1618,53051392.0,0.0015953059773892164,2.4043493270874023,1.1200000047683716,0.8899999856948853,0.21696540713310242,62.099998474121094
1619,53084160.0,0.0008363777305930853,1.8741133213043213,0.6499999761581421,1.1200000047683716,0.2378539741039276,65.79999542236328
1620,53116928.0,0.00121047452557832,2.226579427719116,1.100000023841858,0.6499999761581421,0.2113143652677536,60.0
1621,53149696.0,0.0014244059566408396,2.2818217277526855,1.309999942779541,1.100000023841858,0.20568954944610596,66.4000015258789
1622,53182464.0,0.0009650175925344229,2.601344585418701,0.9699999690055847,1.309999942779541,0.21113097667694092,71.5999984741211
1623,53215232.0,0.0010262769646942616,2.6681952476501465,0.9899999499320984,0.9699999690055847,0.2277907133102417,60.099998474121094
1624,53248000.0,0.0013058673357591033,2.472740411758423,0.8499999642372131,0.9899999499320984,0.22450953722000122,53.89999771118164
1625,53280768.0,0.0010915801394730806,2.2722008228302,0.8199999928474426,0.8499999642372131,0.21412873268127441,56.79999923706055
1626,53313536.0,0.0012545108329504728,2.470964193344116,0.019999999552965164,0.8199999928474426,0.20656797289848328,47.099998474121094
1627,53346304.0,0.0007794590201228857,2.3286828994750977,0.17000000178813934,0.019999999552965164,0.22557024657726288,37.89999771118164
1628,53379072.0,0.0014498095260933042,1.9517292976379395,0.17999999225139618,0.17000000178813934,0.22151626646518707,39.89999771118164
1629,53411840.0,0.0010568853467702866,2.111144781112671,0.07999999821186066,0.17999999225139618,0.2090356945991516,42.0
1630,53444608.0,0.0010108585702255368,2.0092995166778564,0.32999998331069946,0.07999999821186066,0.21588034927845,35.099998474121094
1631,53477376.0,0.000938255398068577,2.9369378089904785,0.5799999833106995,0.32999998331069946,0.20384511351585388,37.099998474121094
1632,53510144.0,0.0007948389393277466,1.9990254640579224,0.5099999904632568,0.5799999833106995,0.20755383372306824,36.70000076293945
1633,53542912.0,0.001559278927743435,2.1854355335235596,0.5299999713897705,0.5099999904632568,0.20541676878929138,42.70000076293945
1634,53575680.0,0.0011855262564495206,2.5106937885284424,0.32999998331069946,0.5299999713897705,0.22042244672775269,35.29999923706055
1635,53608448.0,0.0012426972389221191,2.277867317199707,0.35999998450279236,0.32999998331069946,0.2145702838897705,41.79999923706055
1636,53641216.0,0.0011449756566435099,2.2666537761688232,0.3100000023841858,0.35999998450279236,0.22413083910942078,42.099998474121094
1637,53673984.0,0.0011246564099565148,2.122110605239868,0.2199999988079071,0.3100000023841858,0.2387116253376007,38.099998474121094
1638,53706752.0,0.0012669613352045417,2.2164604663848877,1.090000033378601,0.2199999988079071,0.21871784329414368,43.29999923706055
1639,53739520.0,0.0013147781137377024,2.4998512268066406,1.1399999856948853,1.090000033378601,0.22980938851833344,48.20000076293945
1640,53772288.0,0.0011763903312385082,2.218388557434082,0.9099999666213989,1.1399999856948853,0.22109436988830566,46.099998474121094
1641,53805056.0,0.0011721140472218394,1.775344729423523,0.85999995470047,0.9099999666213989,0.21866829693317413,50.70000076293945
1642,53837824.0,0.001275721937417984,2.328887939453125,0.7599999904632568,0.85999995470047,0.22289738059043884,48.0
1643,53870592.0,0.001121892244555056,2.1930274963378906,0.8100000023841858,0.7599999904632568,0.21612022817134857,52.79999923706055
1644,53903360.0,0.0010689487680792809,2.4837241172790527,0.8399999737739563,0.8100000023841858,0.2291962057352066,51.29999923706055
1645,53936128.0,0.0012204210506752133,1.6820317506790161,0.8399999737739563,0.8399999737739563,0.22733421623706818,49.099998474121094
1646,53968896.0,0.0012918654829263687,2.276036500930786,1.1200000047683716,0.8399999737739563,0.21998515725135803,47.599998474121094
1647,54001664.0,0.0008391729206778109,2.193340539932251,1.25,1.1200000047683716,0.2134990245103836,54.0
1648,54034432.0,0.0014948955504223704,1.8440080881118774,1.1999999284744263,1.25,0.22532117366790771,57.79999923706055
1649,54067200.0,0.0012772375484928489,2.189816951751709,0.8999999761581421,1.1999999284744263,0.24183161556720734,40.5
1650,54099968.0,0.0014772526919841766,2.0910801887512207,1.059999942779541,0.8999999761581421,0.233547642827034,54.29999923706055
1651,54132736.0,0.0011989633785560727,2.0676121711730957,1.0,1.059999942779541,0.20392334461212158,46.599998474121094
1652,54165504.0,0.0010958269704133272,1.9960678815841675,1.0499999523162842,1.0,0.242064967751503,39.89999771118164
1653,54198272.0,0.0018233242444694042,2.024998426437378,1.0199999809265137,1.0499999523162842,0.2443319857120514,49.79999923706055
1654,54231040.0,0.0008950843475759029,2.026381731033325,1.1799999475479126,1.0199999809265137,0.19472625851631165,51.29999923706055
1655,54263808.0,0.0019103533122688532,1.9396865367889404,1.4399999380111694,1.1799999475479126,0.23304961621761322,46.099998474121094
1656,54296576.0,0.0012383052380755544,1.930026888847351,1.1299999952316284,1.4399999380111694,0.2103649377822876,64.5
1657,54329344.0,0.0014106694143265486,1.7694166898727417,1.3899999856948853,1.1299999952316284,0.23390081524848938,66.5999984741211
1658,54362112.0,0.001195146469399333,1.8836661577224731,1.5499999523162842,1.3899999856948853,0.22793549299240112,61.099998474121094
1659,54394880.0,0.0012397605460137129,2.3481781482696533,1.8299999237060547,1.5499999523162842,0.20181989669799805,61.39999771118164
1660,54427648.0,0.0011628704378381371,2.327211618423462,1.1799999475479126,1.8299999237060547,0.20192645490169525,59.0
1661,54460416.0,0.0013076942414045334,1.8738789558410645,1.5699999332427979,1.1799999475479126,0.21530400216579437,52.0
1662,54493184.0,0.0011765965027734637,2.1658473014831543,2.190000057220459,1.5699999332427979,0.2437976896762848,63.39999771118164
1663,54525952.0,0.0010973622556775808,2.3740134239196777,1.909999966621399,2.190000057220459,0.20852258801460266,66.9000015258789
1664,54558720.0,0.001780903316102922,1.8885908126831055,2.0299999713897705,1.909999966621399,0.22059381008148193,59.79999923706055
1665,54591488.0,0.0011240874882787466,2.037731170654297,1.909999966621399,2.0299999713897705,0.24159759283065796,64.5999984741211
1666,54624256.0,0.0019731977954506874,1.7253127098083496,1.5199999809265137,1.909999966621399,0.21276961266994476,61.099998474121094
1667,54657024.0,0.0007796388817951083,1.65869140625,1.6899999380111694,1.5199999809265137,0.22855934500694275,61.599998474121094
1668,54689792.0,0.0015861226711422205,2.075619697570801,1.7699999809265137,1.6899999380111694,0.20879994332790375,55.599998474121094
1669,54722560.0,0.001439461950212717,2.154170274734497,1.7999999523162842,1.7699999809265137,0.2229606956243515,57.5
1670,54755328.0,0.0013099440839141607,2.41642689704895,1.559999942779541,1.7999999523162842,0.23195040225982666,56.69999694824219
1671,54788096.0,0.0012249512365087867,2.0330538749694824,2.1499998569488525,1.559999942779541,0.2266208678483963,60.19999694824219
1672,54820864.0,0.0013943975791335106,2.5046939849853516,2.119999885559082,2.1499998569488525,0.2348620444536209,58.69999694824219
1673,54853632.0,0.0008307996322400868,2.2420692443847656,2.359999895095825,2.119999885559082,0.2050020694732666,51.69999694824219
1674,54886400.0,0.001474806573241949,2.3649115562438965,2.309999942779541,2.359999895095825,0.2265094816684723,56.69999694824219
1675,54919168.0,0.0013108947314321995,2.0791983604431152,2.059999942779541,2.309999942779541,0.23635411262512207,67.0999984741211
1676,54951936.0,0.0012398975668475032,2.439851760864258,2.259999990463257,2.059999942779541,0.25166916847229004,54.5
1677,54984704.0,0.0014398866333067417,1.8201947212219238,2.1599998474121094,2.259999990463257,0.24275144934654236,61.5
1678,55017472.0,0.0010324125178158283,2.2927048206329346,2.0,2.1599998474121094,0.19826868176460266,61.599998474121094
1679,55050240.0,0.0009519134182482958,2.115633964538574,1.8499999046325684,2.0,0.21493300795555115,49.70000076293945
1680,55083008.0,0.0011373248416930437,2.177699565887451,2.1399998664855957,1.8499999046325684,0.20504289865493774,63.099998474121094
1681,55115776.0,0.0011816476471722126,1.776887059211731,1.5999999046325684,2.1399998664855957,0.2158297300338745,63.79999923706055
1682,55148544.0,0.0011087022721767426,1.9045157432556152,1.649999976158142,1.5999999046325684,0.20630842447280884,56.5
1683,55181312.0,0.0010545977856963873,2.0076887607574463,1.399999976158142,1.649999976158142,0.19704270362854004,52.5
1684,55214080.0,0.0009365301229991019,2.33385968208313,1.4499999284744263,1.399999976158142,0.2199958860874176,52.0
1685,55246848.0,0.0012594733852893114,1.7976890802383423,1.090000033378601,1.4499999284744263,0.23969560861587524,51.39999771118164
1686,55279616.0,0.0010969019494950771,2.0783300399780273,1.1899999380111694,1.090000033378601,0.22895415127277374,52.69999694824219
1687,55312384.0,0.001311236061155796,1.9895788431167603,1.4399999380111694,1.1899999380111694,0.19979634881019592,52.69999694824219
1688,55345152.0,0.0013688409235328436,2.198028326034546,1.1299999952316284,1.4399999380111694,0.21867775917053223,52.5
1689,55377920.0,0.0009554412099532783,1.5491328239440918,1.25,1.1299999952316284,0.20078936219215393,51.599998474121094
1690,55410688.0,0.0011252302210777998,2.2064476013183594,1.459999918937683,1.25,0.20618540048599243,62.79999923706055
1691,55443456.0,0.001291612396016717,1.9969711303710938,1.4399999380111694,1.459999918937683,0.23209477961063385,64.5
1692,55476224.0,0.0009902601595968008,2.2118325233459473,1.1699999570846558,1.4399999380111694,0.21736004948616028,74.5
1693,55508992.0,0.0012382823042571545,2.293018102645874,1.209999918937683,1.1699999570846558,0.23513726890087128,65.0
1694,55541760.0,0.0014379795175045729,1.962578296661377,1.0399999618530273,1.209999918937683,0.22142399847507477,56.89999771118164
1695,55574528.0,0.0011189626529812813,2.047767162322998,1.0799999237060547,1.0399999618530273,0.22000187635421753,54.5
1696,55607296.0,0.0011652371613308787,2.3211379051208496,1.1200000047683716,1.0799999237060547,0.21216648817062378,54.5
1697,55640064.0,0.000914962962269783,2.362459182739258,1.2400000095367432,1.1200000047683716,0.21127066016197205,51.89999771118164
1698,55672832.0,0.0012482742313295603,2.121131181716919,1.2599999904632568,1.2400000095367432,0.21506693959236145,47.29999923706055
1699,55705600.0,0.0017996320966631174,2.091463565826416,0.9599999785423279,1.2599999904632568,0.24883440136909485,55.099998474121094
1700,55738368.0,0.0009616503375582397,1.5609735250473022,0.9199999570846558,0.9599999785423279,0.21457308530807495,64.29999542236328
1701,55771136.0,0.0010169161250814795,2.091540813446045,1.3299999237060547,0.9199999570846558,0.20642712712287903,48.5
1702,55803904.0,0.0011843587271869183,2.0960404872894287,1.3399999141693115,1.3299999237060547,0.19698788225650787,52.39999771118164
1703,55836672.0,0.001343211391940713,1.6721606254577637,1.399999976158142,1.3399999141693115,0.20678013563156128,52.29999923706055
1704,55869440.0,0.0012081970926374197,1.736914038658142,1.4499999284744263,1.399999976158142,0.211256206035614,56.39999771118164
1705,55902208.0,0.0010132075985893607,1.95723557472229,1.2300000190734863,1.4499999284744263,0.20914457738399506,68.5
1706,55934976.0,0.0011352857109159231,2.4049317836761475,1.1399999856948853,1.2300000190734863,0.20412686467170715,71.69999694824219
1707,55967744.0,0.0013832183321937919,2.0047247409820557,1.3199999332427979,1.1399999856948853,0.21187111735343933,69.19999694824219
1708,56000512.0,0.0011246823705732822,1.8261064291000366,1.149999976158142,1.3199999332427979,0.19838941097259521,66.19999694824219
1709,56033280.0,0.0013020092155784369,1.8126939535140991,1.3700000047683716,1.149999976158142,0.2269686758518219,72.79999542236328
1710,56066048.0,0.0010345339542254806,1.8230847120285034,1.1399999856948853,1.3700000047683716,0.22402843832969666,68.5999984741211
1711,56098816.0,0.0011709753889590502,2.1900601387023926,1.1200000047683716,1.1399999856948853,0.19432303309440613,67.5
1712,56131584.0,0.001026784535497427,2.134068012237549,1.3600000143051147,1.1200000047683716,0.2095472663640976,69.19999694824219
1713,56164352.0,0.0009118894231505692,2.2004103660583496,1.0399999618530273,1.3600000143051147,0.2157215178012848,59.39999771118164
1714,56197120.0,0.0007693505031056702,2.1433236598968506,1.46999990940094,1.0399999618530273,0.19885307550430298,67.29999542236328
1715,56229888.0,0.001135445898398757,2.0845677852630615,1.5199999809265137,1.46999990940094,0.20581722259521484,67.79999542236328
1716,56262656.0,0.000996414921246469,1.7496265172958374,1.090000033378601,1.5199999809265137,0.2111527919769287,69.5
1717,56295424.0,0.0012617461616173387,2.2658462524414062,1.090000033378601,1.090000033378601,0.2352210283279419,67.0999984741211
1718,56328192.0,0.0008414571639150381,2.067234992980957,1.459999918937683,1.090000033378601,0.20550379157066345,54.89999771118164
1719,56360960.0,0.0010184661950916052,2.19728684425354,1.1999999284744263,1.459999918937683,0.18166358768939972,50.39999771118164
1720,56393728.0,0.0018226889660581946,2.0654115676879883,1.1299999952316284,1.1999999284744263,0.21572601795196533,52.0
1721,56426496.0,0.0018314486369490623,1.8730074167251587,1.0699999332427979,1.1299999952316284,0.20341357588768005,49.5
1722,56459264.0,0.0011934409849345684,2.4181134700775146,1.1899999380111694,1.0699999332427979,0.21018193662166595,59.599998474121094
1723,56492032.0,0.001131518161855638,2.30501389503479,1.559999942779541,1.1899999380111694,0.19955143332481384,52.0
1724,56524800.0,0.001827079220674932,1.9587806463241577,1.7899999618530273,1.559999942779541,0.21966102719306946,58.29999923706055
1725,56557568.0,0.0014129428891465068,2.1781017780303955,1.5399999618530273,1.7899999618530273,0.19604235887527466,56.89999771118164
1726,56590336.0,0.0010150701273232698,2.119831085205078,0.9599999785423279,1.5399999618530273,0.21127380430698395,61.099998474121094
1727,56623104.0,0.001098858192563057,1.7873520851135254,1.25,0.9599999785423279,0.23158517479896545,50.39999771118164
1728,56655872.0,0.001943333656527102,1.8551621437072754,1.5099999904632568,1.25,0.23822984099388123,52.19999694824219
1729,56688640.0,0.001525680534541607,2.127392292022705,1.5399999618530273,1.5099999904632568,0.2175467610359192,50.599998474121094
1730,56721408.0,0.0016831220127642155,2.105292797088623,1.75,1.5399999618530273,0.22464707493782043,45.599998474121094
1731,56754176.0,0.0010781572200357914,1.8472691774368286,1.7999999523162842,1.75,0.1982264518737793,46.39999771118164
1732,56786944.0,0.0010586875723674893,2.2858028411865234,1.7599999904632568,1.7999999523162842,0.20636224746704102,46.39999771118164
1733,56819712.0,0.0006251450395211577,1.9714876413345337,1.5499999523162842,1.7599999904632568,0.182496577501297,49.39999771118164
1734,56852480.0,0.0012604843359440565,1.8023405075073242,1.7699999809265137,1.5499999523162842,0.21885354816913605,55.79999923706055
1735,56885248.0,0.0011597798438742757,1.981000304222107,1.4900000095367432,1.7699999809265137,0.2124403864145279,55.79999923706055
1736,56918016.0,0.0008245112840086222,2.3301491737365723,1.4800000190734863,1.4900000095367432,0.20347073674201965,53.79999923706055
1737,56950784.0,0.0008356006001122296,2.089465618133545,1.5099999904632568,1.4800000190734863,0.1873234063386917,57.29999923706055
1738,56983552.0,0.0008794364985078573,2.3061749935150146,1.4800000190734863,1.5099999904632568,0.20641875267028809,58.89999771118164
1739,57016320.0,0.0009711615275591612,2.514930248260498,1.4399999380111694,1.4800000190734863,0.19534306228160858,64.79999542236328
1740,57049088.0,0.0011279936879873276,2.186337947845459,1.2799999713897705,1.4399999380111694,0.2163226306438446,52.39999771118164
1741,57081856.0,0.0013941846555098891,2.108854293823242,1.6299999952316284,1.2799999713897705,0.2175069898366928,56.5
1742,57114624.0,0.0007828202797099948,2.3012187480926514,1.4800000190734863,1.6299999952316284,0.20434588193893433,59.0
1743,57147392.0,0.001347932149656117,1.895923137664795,1.309999942779541,1.4800000190734863,0.2031945139169693,59.0
1744,57180160.0,0.0013845484936609864,1.9971435070037842,1.4900000095367432,1.309999942779541,0.19332879781723022,62.69999694824219
1745,57212928.0,0.001699688844382763,2.3383212089538574,1.5399999618530273,1.4900000095367432,0.2035420835018158,59.0
1746,57245696.0,0.0011249661911278963,2.6730446815490723,1.5699999332427979,1.5399999618530273,0.1931757628917694,58.099998474121094
1747,57278464.0,0.0011785021051764488,1.9104938507080078,1.3399999141693115,1.5699999332427979,0.21891969442367554,61.599998474121094
1748,57311232.0,0.0012576133012771606,2.1215333938598633,1.3700000047683716,1.3399999141693115,0.22003291547298431,66.5999984741211
1749,57344000.0,0.0015818888787180185,1.6301469802856445,1.6699999570846558,1.3700000047683716,0.2296084314584732,56.0
1750,57376768.0,0.0016285148449242115,2.3700923919677734,1.8600000143051147,1.6699999570846558,0.21016325056552887,51.39999771118164
1751,57409536.0,0.0010393478441983461,2.379051446914673,1.9399999380111694,1.8600000143051147,0.21359005570411682,54.79999923706055
1752,57442304.0,0.0015625213272869587,1.8862968683242798,1.6200000047683716,1.9399999380111694,0.2091020941734314,51.099998474121094
1753,57475072.0,0.00108581583481282,2.1193203926086426,1.6799999475479126,1.6200000047683716,0.18453103303909302,48.89999771118164
1754,57507840.0,0.0013796662678942084,1.9345825910568237,1.6699999570846558,1.6799999475479126,0.19970834255218506,50.0
1755,57540608.0,0.0011542905122041702,1.8847734928131104,1.5999999046325684,1.6699999570846558,0.20356154441833496,49.39999771118164
1756,57573376.0,0.0007664592703804374,2.025200843811035,0.8799999952316284,1.5999999046325684,0.2070552408695221,47.0
1757,57606144.0,0.0009004763560369611,1.9570847749710083,0.8999999761581421,0.8799999952316284,0.200950026512146,41.79999923706055
1758,57638912.0,0.0015640167985111475,2.2833340167999268,1.0099999904632568,0.8999999761581421,0.18892523646354675,45.79999923706055
1759,57671680.0,0.0010643089190125465,2.385551691055298,1.0,1.0099999904632568,0.18889835476875305,47.20000076293945
1760,57704448.0,0.0010441236663609743,1.5568552017211914,0.8399999737739563,1.0,0.23331937193870544,47.70000076293945
1761,57737216.0,0.0010653164936229587,2.092731237411499,0.949999988079071,0.8399999737739563,0.19396275281906128,44.29999923706055
1762,57769984.0,0.0014674589037895203,2.179016351699829,0.6200000047683716,0.949999988079071,0.1943964660167694,44.29999923706055
1763,57802752.0,0.001126432092860341,2.1711466312408447,0.6800000071525574,0.6200000047683716,0.2049686312675476,48.0
1764,57835520.0,0.00140065373852849,2.4111592769622803,0.9899999499320984,0.6800000071525574,0.2062089741230011,51.0
1765,57868288.0,0.0010420710314065218,1.7153700590133667,1.4499999284744263,0.9899999499320984,0.1986001431941986,45.79999923706055
1766,57901056.0,0.0015409523621201515,2.1442558765411377,1.5999999046325684,1.4499999284744263,0.20329001545906067,51.599998474121094
1767,57933824.0,0.0014240241143852472,2.2317922115325928,1.3299999237060547,1.5999999046325684,0.21825698018074036,51.099998474121094
1768,57966592.0,0.0011502758134156466,1.8366568088531494,1.159999966621399,1.3299999237060547,0.2379232943058014,39.70000076293945
1769,57999360.0,0.0014942653942853212,2.268627166748047,1.2200000286102295,1.159999966621399,0.20819438993930817,59.099998474121094
1770,58032128.0,0.0015244144015014172,1.7817140817642212,1.409999966621399,1.2200000286102295,0.2280176281929016,41.79999923706055
1771,58064896.0,0.0011475863866508007,1.8552374839782715,0.6200000047683716,1.409999966621399,0.21591366827487946,41.099998474121094
1772,58097664.0,0.0011215306585654616,2.106566905975342,0.32999998331069946,0.6200000047683716,0.21845391392707825,41.5
1773,58130432.0,0.0011894977651536465,1.9833779335021973,0.5799999833106995,0.32999998331069946,0.23134109377861023,48.099998474121094
1774,58163200.0,0.0011320756748318672,2.023601770401001,0.9799999594688416,0.5799999833106995,0.2158435583114624,45.20000076293945
1775,58195968.0,0.00117449089884758,2.322870969772339,0.8899999856948853,0.9799999594688416,0.23781777918338776,60.89999771118164
1776,58228736.0,0.0007950012804940343,1.8442785739898682,0.9099999666213989,0.8899999856948853,0.19296211004257202,46.599998474121094
1777,58261504.0,0.0015089178923517466,2.0331006050109863,0.6599999666213989,0.9099999666213989,0.21724113821983337,46.39999771118164
1778,58294272.0,0.0013136756606400013,1.9732266664505005,0.5899999737739563,0.6599999666213989,0.22943976521492004,46.0
1779,58327040.0,0.0013145504053682089,1.9137333631515503,0.7899999618530273,0.5899999737739563,0.20214787125587463,39.599998474121094
1780,58359808.0,0.0009019788121804595,2.0593667030334473,0.7099999785423279,0.7899999618530273,0.1995890736579895,38.89999771118164
1781,58392576.0,0.0015147712547332048,2.1986348628997803,0.5600000023841858,0.7099999785423279,0.23398426175117493,48.0
1782,58425344.0,0.0013221391709521413,1.9533332586288452,0.3400000035762787,0.5600000023841858,0.2133578360080719,43.39999771118164
1783,58458112.0,0.0012178373290225863,2.041090488433838,0.25,0.3400000035762787,0.2158200591802597,39.29999923706055
1784,58490880.0,0.001821172540076077,1.7026869058609009,0.5299999713897705,0.25,0.22183142602443695,45.29999923706055
1785,58523648.0,0.0010702202562242746,2.2102911472320557,0.4899999797344208,0.5299999713897705,0.2146190106868744,33.89999771118164
1786,58556416.0,0.0010138084180653095,2.018432378768921,0.28999999165534973,0.4899999797344208,0.19836902618408203,50.39999771118164
1787,58589184.0,0.0015093801775947213,2.4489896297454834,0.4899999797344208,0.28999999165534973,0.22020778059959412,56.19999694824219
1788,58621952.0,0.0011820956133306026,2.1188297271728516,0.22999998927116394,0.4899999797344208,0.218051016330719,58.79999923706055
1789,58654720.0,0.0009799522813409567,2.1835577487945557,0.23999999463558197,0.22999998927116394,0.2182805836200714,58.0
1790,58687488.0,0.001154939760453999,2.7582809925079346,0.47999998927116394,0.23999999463558197,0.20075678825378418,57.29999923706055
1791,58720256.0,0.0012749058660119772,2.2520804405212402,0.7999999523162842,0.47999998927116394,0.21079117059707642,47.5
1792,58753024.0,0.0012745304265990853,1.9471304416656494,0.9300000071525574,0.7999999523162842,0.20055577158927917,43.70000076293945
1793,58785792.0,0.0012271793093532324,2.168152093887329,0.8199999928474426,0.9300000071525574,0.20248356461524963,56.39999771118164
1794,58818560.0,0.0011763533111661673,2.0751447677612305,0.7699999809265137,0.8199999928474426,0.2078915685415268,46.89999771118164
1795,58851328.0,0.0012264661490917206,1.8558083772659302,1.149999976158142,0.7699999809265137,0.2198471873998642,44.099998474121094
1796,58884096.0,0.0008234888082370162,2.0413529872894287,1.350000023841858,1.149999976158142,0.18674784898757935,55.89999771118164
1797,58916864.0,0.001500043086707592,1.9617723226547241,1.5999999046325684,1.350000023841858,0.21876221895217896,57.599998474121094
1798,58949632.0,0.0012039280263707042,1.7115939855575562,1.659999966621399,1.5999999046325684,0.17815199494361877,62.89999771118164
1799,58982400.0,0.0012638294138014317,2.0455870628356934,1.4800000190734863,1.659999966621399,0.23816639184951782,64.79999542236328
1800,59015168.0,0.0015877231489866972,2.169389009475708,1.5199999809265137,1.4800000190734863,0.21908780932426453,73.5999984741211
1801,59047936.0,0.0017542487476021051,1.6230520009994507,1.3600000143051147,1.5199999809265137,0.24293716251850128,71.79999542236328
1802,59080704.0,0.0013569284928962588,2.0733160972595215,1.2200000286102295,1.3600000143051147,0.22753626108169556,68.19999694824219
1803,59113472.0,0.0015835869126021862,2.0942134857177734,1.1200000047683716,1.2200000286102295,0.1942693591117859,70.69999694824219
1804,59146240.0,0.001013253815472126,2.214927911758423,1.1399999856948853,1.1200000047683716,0.20502819120883942,67.5
1805,59179008.0,0.001386977732181549,2.558717966079712,1.4199999570846558,1.1399999856948853,0.20385491847991943,71.0999984741211
1806,59211776.0,0.0008882214315235615,2.092421054840088,1.5399999618530273,1.4199999570846558,0.1890794336795807,60.69999694824219
1807,59244544.0,0.0013801386812701821,1.7388697862625122,1.2799999713897705,1.5399999618530273,0.2204374521970749,68.29999542236328
1808,59277312.0,0.0022501335479319096,2.126762866973877,1.1799999475479126,1.2799999713897705,0.2277418076992035,68.19999694824219
1809,59310080.0,0.001454453682526946,2.045356035232544,1.0699999332427979,1.1799999475479126,0.19716015458106995,71.9000015258789
1810,59342848.0,0.0006568884709849954,1.7810728549957275,1.1100000143051147,1.0699999332427979,0.19417829811573029,67.9000015258789
1811,59375616.0,0.00096902996301651,1.9851728677749634,1.0099999904632568,1.1100000143051147,0.20464208722114563,71.5999984741211
1812,59408384.0,0.0010037013562396169,2.4100890159606934,0.949999988079071,1.0099999904632568,0.1976003795862198,74.9000015258789
1813,59441152.0,0.001087171956896782,2.019150972366333,1.3899999856948853,0.949999988079071,0.20937217772006989,73.19999694824219
1814,59473920.0,0.0015257996274158359,1.897680640220642,1.5,1.3899999856948853,0.2136707752943039,75.9000015258789
1815,59506688.0,0.0008866301504895091,2.36080002784729,1.5999999046325684,1.5,0.2096518576145172,70.4000015258789
1816,59539456.0,0.0013670299667865038,1.953383207321167,1.309999942779541,1.5999999046325684,0.2063351273536682,65.29999542236328
1817,59572224.0,0.00106388283893466,1.8847169876098633,1.1699999570846558,1.309999942779541,0.19562292098999023,68.69999694824219
1818,59604992.0,0.0010576280765235424,2.2774250507354736,0.8199999928474426,1.1699999570846558,0.20200279355049133,71.5999984741211
1819,59637760.0,0.0020225730258971453,1.750974416732788,0.7099999785423279,0.8199999928474426,0.1946851909160614,72.9000015258789
1820,59670528.0,0.001092755701392889,1.8633875846862793,0.7299999594688416,0.7099999785423279,0.2116113305091858,76.19999694824219
1821,59703296.0,0.0016947034746408463,2.0716564655303955,0.7299999594688416,0.7299999594688416,0.22534851729869843,82.29999542236328
1822,59736064.0,0.0009854795644059777,2.5952959060668945,1.1799999475479126,0.7299999594688416,0.21418875455856323,77.29999542236328
1823,59768832.0,0.0013180880341678858,2.221384286880493,1.2599999904632568,1.1799999475479126,0.22863009572029114,85.9000015258789
1824,59801600.0,0.0011725923977792263,1.885817050933838,1.6100000143051147,1.2599999904632568,0.21012532711029053,93.5
1825,59834368.0,0.0009877202101051807,2.009281635284424,1.0799999237060547,1.6100000143051147,0.19729605317115784,81.79999542236328
1826,59867136.0,0.0016692329663783312,2.274242639541626,1.0,1.0799999237060547,0.21396706998348236,77.79999542236328
1827,59899904.0,0.0021369457244873047,2.0662293434143066,1.0099999904632568,1.0,0.2211403250694275,89.5
1828,59932672.0,0.0012155703734606504,1.9528809785842896,1.0499999523162842,1.0099999904632568,0.22571083903312683,90.5999984741211
1829,59965440.0,0.0012890188954770565,1.857430338859558,0.7199999690055847,1.0499999523162842,0.22560057044029236,87.5
1830,59998208.0,0.0016709183109924197,2.0748987197875977,0.9300000071525574,0.7199999690055847,0.22866427898406982,81.5
1831,60030976.0,0.001415350940078497,2.0343613624572754,0.699999988079071,0.9300000071525574,0.21386536955833435,77.0999984741211
1832,60063744.0,0.0007979584624990821,1.556394100189209,0.8299999833106995,0.699999988079071,0.19955748319625854,66.69999694824219
1833,60096512.0,0.0011770969722419977,2.2954561710357666,0.9199999570846558,0.8299999833106995,0.21542827785015106,66.5999984741211
1834,60129280.0,0.0012420716229826212,2.043132781982422,0.8899999856948853,0.9199999570846558,0.21888259053230286,65.9000015258789
1835,60162048.0,0.0011142548173666,2.139853000640869,0.8199999928474426,0.8899999856948853,0.2265457808971405,67.0999984741211
1836,60194816.0,0.0013598803197965026,1.8268157243728638,1.209999918937683,0.8199999928474426,0.21341758966445923,75.19999694824219
1837,60227584.0,0.0019479886395856738,2.163404941558838,1.209999918937683,1.209999918937683,0.1864078789949417,78.19999694824219
1838,60260352.0,0.0012447959743440151,1.7231546640396118,0.9699999690055847,1.209999918937683,0.19624926149845123,62.29999923706055
1839,60293120.0,0.0011655207490548491,2.1540441513061523,1.1699999570846558,0.9699999690055847,0.21278324723243713,66.5
1840,60325888.0,0.0011450824094936252,1.8389766216278076,1.25,1.1699999570846558,0.20815862715244293,79.9000015258789
1841,60358656.0,0.0013735601678490639,1.7118266820907593,1.2699999809265137,1.25,0.22727461159229279,76.0999984741211
1842,60391424.0,0.0011608090717345476,2.1445398330688477,1.1999999284744263,1.2699999809265137,0.19782498478889465,78.69999694824219
1843,60424192.0,0.0013387781800702214,2.2619941234588623,1.1899999380111694,1.1999999284744263,0.2172560840845108,79.29999542236328
1844,60456960.0,0.0011420748196542263,1.960077166557312,0.949999988079071,1.1899999380111694,0.2305552363395691,75.79999542236328
1845,60489728.0,0.0008787013939581811,1.9384310245513916,0.7899999618530273,0.949999988079071,0.21275994181632996,75.9000015258789
1846,60522496.0,0.0014370630960911512,1.7615951299667358,1.090000033378601,0.7899999618530273,0.20711228251457214,71.5
1847,60555264.0,0.0007764566689729691,2.148510456085205,1.0199999809265137,1.090000033378601,0.19420021772384644,87.0
1848,60588032.0,0.0009058024734258652,1.8995864391326904,0.8899999856948853,1.0199999809265137,0.19605152308940887,82.5
1849,60620800.0,0.0009104833006858826,1.7377548217773438,0.8700000047683716,0.8899999856948853,0.21213854849338531,82.0999984741211
1850,60653568.0,0.0015277761267498136,2.100085735321045,0.6699999570846558,0.8700000047683716,0.22914378345012665,90.69999694824219
1851,60686336.0,0.0016914412844926119,2.407374143600464,0.6699999570846558,0.6699999570846558,0.2027873396873474,87.0999984741211
1852,60719104.0,0.0013039158657193184,1.656528353691101,0.6599999666213989,0.6699999570846558,0.22925329208374023,81.9000015258789
1853,60751872.0,0.0010306357871741056,1.9363516569137573,0.7899999618530273,0.6599999666213989,0.19921284914016724,82.0
1854,60784640.0,0.001452394761145115,1.4767879247665405,0.7699999809265137,0.7899999618530273,0.22641152143478394,87.9000015258789
1855,60817408.0,0.0007948209531605244,2.2216134071350098,0.8399999737739563,0.7699999809265137,0.21245084702968597,78.0999984741211
1856,60850176.0,0.0008291226695291698,1.9654006958007812,0.8299999833106995,0.8399999737739563,0.21149855852127075,80.5
1857,60882944.0,0.0012944982154294848,1.9883885383605957,0.5999999642372131,0.8299999833106995,0.19327151775360107,79.4000015258789
1858,60915712.0,0.001478193560615182,2.0399725437164307,0.6299999952316284,0.5999999642372131,0.1986353099346161,78.0
1859,60948480.0,0.0010173686314374208,1.8943825960159302,0.6899999976158142,0.6299999952316284,0.21287724375724792,72.69999694824219
1860,60981248.0,0.001962826354429126,1.9474905729293823,1.059999942779541,0.6899999976158142,0.24367418885231018,78.4000015258789
1861,61014016.0,0.001008237013593316,1.7514935731887817,0.9599999785423279,1.059999942779541,0.2155448943376541,76.19999694824219
1862,61046784.0,0.0014943946152925491,1.9623494148254395,1.3799999952316284,0.9599999785423279,0.22189851105213165,78.69999694824219
1863,61079552.0,0.0017351964488625526,1.651777982711792,1.159999966621399,1.3799999952316284,0.21868044137954712,79.0999984741211
1864,61112320.0,0.0015273250173777342,2.093292474746704,1.5299999713897705,1.159999966621399,0.20390817523002625,79.5999984741211
1865,61145088.0,0.0012611668789759278,1.5677306652069092,1.4299999475479126,1.5299999713897705,0.20291444659233093,82.4000015258789
1866,61177856.0,0.0015290927840396762,2.0313608646392822,1.2899999618530273,1.4299999475479126,0.19725537300109863,83.4000015258789
1867,61210624.0,0.0009884281316772103,1.8686720132827759,1.1999999284744263,1.2899999618530273,0.19946208596229553,75.79999542236328
1868,61243392.0,0.0014610833022743464,1.6245490312576294,1.209999918937683,1.1999999284744263,0.21367178857326508,77.0
1869,61276160.0,0.002190785948187113,1.722743272781372,1.1899999380111694,1.209999918937683,0.2353018969297409,73.0999984741211
1870,61308928.0,0.0010879498440772295,1.7797720432281494,1.2300000190734863,1.1899999380111694,0.20109717547893524,69.9000015258789
1871,61341696.0,0.0011946095619350672,1.9631354808807373,1.2400000095367432,1.2300000190734863,0.20412126183509827,65.29999542236328
1872,61374464.0,0.0015107491053640842,2.0617387294769287,1.1299999952316284,1.2400000095367432,0.20251700282096863,62.0
1873,61407232.0,0.0012389710173010826,2.077993631362915,0.8499999642372131,1.1299999952316284,0.2239285111427307,77.0
1874,61440000.0,0.0013335018884390593,2.3047664165496826,0.8999999761581421,0.8499999642372131,0.20791149139404297,54.79999923706055
1875,61472768.0,0.0011400457005947828,2.232546091079712,0.7699999809265137,0.8999999761581421,0.209914430975914,57.89999771118164
1876,61505536.0,0.0013347737258300185,1.808013677597046,1.1299999952316284,0.7699999809265137,0.2034822702407837,48.5
1877,61538304.0,0.0020096234511584044,2.5300843715667725,1.100000023841858,1.1299999952316284,0.20491620898246765,57.89999771118164
1878,61571072.0,0.0017794605810195208,1.2473291158676147,1.0399999618530273,1.100000023841858,0.195790097117424,51.39999771118164
1879,61603840.0,0.0011370775755494833,1.6658765077590942,1.149999976158142,1.0399999618530273,0.2140934020280838,59.29999923706055
1880,61636608.0,0.001266139792278409,1.8613834381103516,1.1399999856948853,1.149999976158142,0.21021410822868347,55.19999694824219
1881,61669376.0,0.0013767564669251442,2.379276752471924,1.149999976158142,1.1399999856948853,0.18948961794376373,60.19999694824219
1882,61702144.0,0.0007980633527040482,1.5876147747039795,1.2200000286102295,1.149999976158142,0.23108069598674774,66.0999984741211
1883,61734912.0,0.0014991634525358677,1.6559473276138306,1.2899999618530273,1.2200000286102295,0.2176056206226349,75.5999984741211
1884,61767680.0,0.0010475157760083675,1.6217093467712402,1.209999918937683,1.2899999618530273,0.19240444898605347,68.19999694824219
1885,61800448.0,0.0010952306911349297,1.707899808883667,1.159999966621399,1.209999918937683,0.21073800325393677,68.19999694824219
1886,61833216.0,0.0013394249835982919,2.147404909133911,1.1999999284744263,1.159999966621399,0.20428359508514404,66.0999984741211
1887,61865984.0,0.0012995228171348572,1.6676362752914429,1.1999999284744263,1.1999999284744263,0.20943167805671692,71.19999694824219
1888,61898752.0,0.001029178500175476,1.6569513082504272,1.209999918937683,1.1999999284744263,0.2325143814086914,63.79999923706055
1889,61931520.0,0.0016121277585625648,1.6636781692504883,1.1899999380111694,1.209999918937683,0.23184829950332642,63.79999923706055
1890,61964288.0,0.0011825473047792912,1.9837974309921265,1.0699999332427979,1.1899999380111694,0.20615051686763763,62.89999771118164
1891,61997056.0,0.0009486663620918989,1.8138831853866577,0.8399999737739563,1.0699999332427979,0.21433551609516144,64.79999542236328
1892,62029824.0,0.0010403459891676903,1.4521582126617432,0.9399999976158142,0.8399999737739563,0.19799792766571045,64.79999542236328
1893,62062592.0,0.0013771692756563425,1.3152884244918823,0.7400000095367432,0.9399999976158142,0.2099747657775879,64.4000015258789
1894,62095360.0,0.0012255245819687843,1.6733113527297974,0.6599999666213989,0.7400000095367432,0.21017098426818848,61.79999923706055
1895,62128128.0,0.001063588890247047,1.7395551204681396,0.6599999666213989,0.6599999666213989,0.21324558556079865,62.29999923706055
1896,62160896.0,0.0014381386572495103,1.5373578071594238,0.2199999988079071,0.6599999666213989,0.23078200221061707,61.89999771118164
1897,62193664.0,0.0012825981248170137,1.7140023708343506,0.3199999928474426,0.2199999988079071,0.19802922010421753,49.70000076293945
1898,62226432.0,0.001412094454281032,1.9036332368850708,0.3799999952316284,0.3199999928474426,0.2082100212574005,55.69999694824219
1899,62259200.0,0.0010299215791746974,1.5348824262619019,0.3499999940395355,0.3799999952316284,0.2187323272228241,63.19999694824219
1900,62291968.0,0.0013042136561125517,1.8349617719650269,0.4399999976158142,0.3499999940395355,0.22613729536533356,63.29999923706055
1901,62324736.0,0.0016626177821308374,1.6922111511230469,0.8499999642372131,0.4399999976158142,0.2178398072719574,64.19999694824219
1902,62357504.0,0.0012399381957948208,2.0534772872924805,0.9799999594688416,0.8499999642372131,0.2502704858779907,64.0
1903,62390272.0,0.0010599447414278984,2.090963363647461,1.0399999618530273,0.9799999594688416,0.22409753501415253,64.29999542236328
1904,62423040.0,0.0015015904791653156,2.075953483581543,1.0299999713897705,1.0399999618530273,0.20186391472816467,66.5999984741211
1905,62455808.0,0.001710395677946508,1.6624329090118408,0.8899999856948853,1.0299999713897705,0.18419058620929718,66.0999984741211
1906,62488576.0,0.0009141528280451894,1.8266321420669556,1.059999942779541,0.8899999856948853,0.22250758111476898,61.099998474121094
1907,62521344.0,0.001405450515449047,1.7893345355987549,0.7799999713897705,1.059999942779541,0.20950840413570404,55.599998474121094
1908,62554112.0,0.0015361374244093895,1.933260202407837,0.7599999904632568,0.7799999713897705,0.20889461040496826,59.5
1909,62586880.0,0.0011643879115581512,2.402224063873291,0.8399999737739563,0.7599999904632568,0.21785509586334229,58.29999923706055
1910,62619648.0,0.001137227052822709,1.574910044670105,0.9899999499320984,0.8399999737739563,0.2279905080795288,54.5
1911,62652416.0,0.001260295044630766,2.2855563163757324,0.550000011920929,0.9899999499320984,0.2031339704990387,71.5
1912,62685184.0,0.001322263735346496,2.019944429397583,0.7099999785423279,0.550000011920929,0.20707298815250397,55.89999771118164
1913,62717952.0,0.0014438660582527518,2.544567346572876,0.4699999988079071,0.7099999785423279,0.22072383761405945,65.5
1914,62750720.0,0.001118169748224318,2.012476921081543,0.7199999690055847,0.4699999988079071,0.20075322687625885,60.099998474121094
1915,62783488.0,0.0008237714064307511,2.1890504360198975,0.4699999988079071,0.7199999690055847,0.20384901762008667,54.29999923706055
1916,62816256.0,0.0010955509496852756,1.7876043319702148,0.23999999463558197,0.4699999988079071,0.19737841188907623,53.19999694824219
1917,62849024.0,0.0010108491405844688,1.8364638090133667,0.5899999737739563,0.23999999463558197,0.20936958491802216,53.69999694824219
1918,62881792.0,0.0017538266256451607,2.293853282928467,0.7799999713897705,0.5899999737739563,0.2250347137451172,53.29999923706055
1919,62914560.0,0.0008710628608241677,1.9194504022598267,0.8899999856948853,0.7799999713897705,0.2164897471666336,55.29999923706055
1920,62947328.0,0.0008910729666240513,1.945481300354004,0.3999999761581421,0.8899999856948853,0.23372578620910645,54.0
1921,62980096.0,0.0015464025782421231,2.0439531803131104,0.09999999403953552,0.3999999761581421,0.227495014667511,58.099998474121094
1922,63012864.0,0.0015577583108097315,1.8026601076126099,0.04999999701976776,0.09999999403953552,0.22711774706840515,55.0
1923,63045632.0,0.0014540993142873049,1.8789279460906982,0.23999999463558197,0.04999999701976776,0.19700272381305695,51.599998474121094
1924,63078400.0,0.0013679316034540534,1.6718699932098389,0.20999999344348907,0.23999999463558197,0.20874494314193726,61.0
1925,63111168.0,0.0012636848259717226,1.4768649339675903,0.17999999225139618,0.20999999344348907,0.20078976452350616,59.0
1926,63143936.0,0.0014728442765772343,1.851322054862976,0.07999999821186066,0.17999999225139618,0.2043103277683258,56.5
1927,63176704.0,0.0013625110732391477,1.9087047576904297,0.05999999865889549,0.07999999821186066,0.228929340839386,53.5
1928,63209472.0,0.0014075576327741146,2.0163486003875732,0.12999999523162842,0.05999999865889549,0.21864080429077148,41.099998474121094
1929,63242240.0,0.0014618561835959554,1.7044271230697632,-0.08999999612569809,0.12999999523162842,0.17874650657176971,34.099998474121094
1930,63275008.0,0.0008804070530459285,1.7837061882019043,0.17999999225139618,-0.08999999612569809,0.19975292682647705,34.099998474121094
1931,63307776.0,0.0016975320177152753,1.3741953372955322,0.4399999976158142,0.17999999225139618,0.23120921850204468,33.39999771118164
1932,63340544.0,0.0012951778480783105,1.725037693977356,0.3100000023841858,0.4399999976158142,0.19300687313079834,46.89999771118164
1933,63373312.0,0.0012601374182850122,1.844880223274231,-0.08999999612569809,0.3100000023841858,0.21815717220306396,38.5
1934,63406080.0,0.0010430566035211086,1.96290922164917,0.019999999552965164,-0.08999999612569809,0.20270554721355438,37.5
1935,63438848.0,0.0012790239416062832,2.0101749897003174,-0.04999999701976776,0.019999999552965164,0.19067348539829254,49.89999771118164
1936,63471616.0,0.0015562557382509112,1.5839823484420776,-0.03999999910593033,-0.04999999701976776,0.20356376469135284,53.29999923706055
1937,63504384.0,0.0012609196128323674,1.4169074296951294,-0.03999999910593033,-0.03999999910593033,0.22142210602760315,54.29999923706055
1938,63537152.0,0.0011770302662625909,1.9572092294692993,-0.04999999701976776,-0.03999999910593033,0.20194168388843536,51.79999923706055
1939,63569920.0,0.001453275210224092,1.5847728252410889,-0.05999999865889549,-0.04999999701976776,0.20380274951457977,50.79999923706055
1940,63602688.0,0.0005922261625528336,1.8356876373291016,-0.05999999865889549,-0.05999999865889549,0.22086286544799805,46.89999771118164
1941,63635456.0,0.0011796033941209316,2.2190756797790527,-0.12999999523162842,-0.05999999865889549,0.19104191660881042,45.70000076293945
1942,63668224.0,0.0009032060042954981,1.9756770133972168,0.3700000047683716,-0.12999999523162842,0.18918582797050476,50.29999923706055
1943,63700992.0,0.0008946913876570761,1.7794188261032104,0.14999999105930328,0.3700000047683716,0.17904330790042877,57.19999694824219
1944,63733760.0,0.0013291370123624802,1.7342395782470703,0.26999998092651367,0.14999999105930328,0.18890516459941864,55.39999771118164
1945,63766528.0,0.0010667669121176004,2.169268846511841,0.47999998927116394,0.26999998092651367,0.20078425109386444,51.89999771118164
1946,63799296.0,0.0016730270581319928,2.3935792446136475,0.3700000047683716,0.47999998927116394,0.18897292017936707,48.39999771118164
1947,63832064.0,0.0011081108823418617,1.7278136014938354,0.07999999821186066,0.3700000047683716,0.2002003788948059,45.79999923706055
1948,63864832.0,0.0008951521012932062,1.6004282236099243,-0.07000000029802322,0.07999999821186066,0.19497767090797424,48.0
1949,63897600.0,0.0013644397258758545,1.8073363304138184,0.07999999821186066,-0.07000000029802322,0.204148069024086,45.099998474121094
1950,63930368.0,0.001503797946497798,2.255678176879883,0.20999999344348907,0.07999999821186066,0.19732701778411865,48.599998474121094
1951,63963136.0,0.001064141048118472,2.171255350112915,0.2199999988079071,0.20999999344348907,0.20336569845676422,43.099998474121094
1952,63995904.0,0.0012954742414876819,1.837700605392456,0.11999999731779099,0.2199999988079071,0.22148026525974274,45.599998474121094
1953,64028672.0,0.0010606922442093492,2.068187952041626,0.5099999904632568,0.11999999731779099,0.2180938720703125,44.79999923706055
1954,64061440.0,0.0015118119772523642,1.5792200565338135,0.14999999105930328,0.5099999904632568,0.22159147262573242,46.599998474121094
1955,64094208.0,0.0012234761379659176,1.7745171785354614,0.41999998688697815,0.14999999105930328,0.22582072019577026,51.5
1956,64126976.0,0.0012257506605237722,2.2331674098968506,0.5299999713897705,0.41999998688697815,0.21204107999801636,51.5
1957,64159744.0,0.0013800763990730047,2.4352340698242188,0.4699999988079071,0.5299999713897705,0.20008403062820435,56.5
1958,64192512.0,0.0017403078963980079,2.3118975162506104,0.2800000011920929,0.4699999988079071,0.2361215054988861,50.79999923706055
1959,64225280.0,0.0013694895897060633,1.8872044086456299,0.6200000047683716,0.2800000011920929,0.21455708146095276,42.099998474121094
1960,64258048.0,0.0014813027810305357,1.826278567314148,0.4899999797344208,0.6200000047683716,0.2248150110244751,62.5
1961,64290816.0,0.0011227610521018505,2.6036720275878906,0.47999998927116394,0.4899999797344208,0.19566144049167633,51.19999694824219
1962,64323584.0,0.0010655028745532036,2.3438937664031982,0.7599999904632568,0.47999998927116394,0.20684094727039337,51.19999694824219
1963,64356352.0,0.001467060181312263,2.010911226272583,0.5799999833106995,0.7599999904632568,0.20030108094215393,58.099998474121094
1964,64389120.0,0.0006886929622851312,2.5204598903656006,0.6100000143051147,0.5799999833106995,0.23784464597702026,59.39999771118164
1965,64421888.0,0.0013576461933553219,1.6329970359802246,0.5399999618530273,0.6100000143051147,0.2207922637462616,54.5
1966,64454656.0,0.0008462463738396764,1.9716341495513916,0.5399999618530273,0.5399999618530273,0.204543799161911,55.89999771118164
1967,64487424.0,0.0015624233055859804,2.312171220779419,0.8399999737739563,0.5399999618530273,0.21256978809833527,55.89999771118164
1968,64520192.0,0.0012320694513618946,2.143491744995117,0.9599999785423279,0.8399999737739563,0.21863481402397156,57.89999771118164
1969,64552960.0,0.0010654883226379752,2.2710394859313965,0.9799999594688416,0.9599999785423279,0.1958128958940506,45.599998474121094
1970,64585728.0,0.0020341055933386087,2.108652114868164,1.1799999475479126,0.9799999594688416,0.2037716805934906,53.5
1971,64618496.0,0.0012216002214699984,2.1878445148468018,0.949999988079071,1.1799999475479126,0.21713118255138397,54.19999694824219
1972,64651264.0,0.0012382774148136377,1.7049394845962524,0.9599999785423279,0.949999988079071,0.20045486092567444,51.29999923706055
1973,64684032.0,0.0016983362147584558,2.2682721614837646,1.0399999618530273,0.9599999785423279,0.2181205153465271,52.39999771118164
1974,64716800.0,0.0011789028067141771,1.9959272146224976,1.0,1.0399999618530273,0.19553744792938232,51.599998474121094
1975,64749568.0,0.0013710701605305076,2.3913402557373047,0.9099999666213989,1.0,0.20889778435230255,51.599998474121094
1976,64782336.0,0.001078921020962298,2.317486047744751,0.7799999713897705,0.9099999666213989,0.19286832213401794,51.599998474121094
1977,64815104.0,0.001115771010518074,2.069138765335083,1.209999918937683,0.7799999713897705,0.2097785472869873,44.099998474121094
1978,64847872.0,0.0011389139108359814,1.7979445457458496,0.8399999737739563,1.209999918937683,0.19851481914520264,53.099998474121094
1979,64880640.0,0.0012404643930494785,2.1757633686065674,0.4599999785423279,0.8399999737739563,0.20832622051239014,56.39999771118164
1980,64913408.0,0.0011216322891414165,2.265244960784912,0.7899999618530273,0.4599999785423279,0.1843375265598297,48.70000076293945
1981,64946176.0,0.0015127884689718485,2.0853002071380615,0.8399999737739563,0.7899999618530273,0.2162666916847229,44.39999771118164
1982,64978944.0,0.0014417555648833513,2.0946717262268066,0.8199999928474426,0.8399999737739563,0.23156899213790894,38.39999771118164
1983,65011712.0,0.001069696736522019,1.8238732814788818,1.0099999904632568,0.8199999928474426,0.20210663974285126,45.39999771118164
1984,65044480.0,0.0011350368149578571,1.909056305885315,1.0,1.0099999904632568,0.20120540261268616,44.79999923706055
1985,65077248.0,0.0011258900631219149,2.508437156677246,1.0699999332427979,1.0,0.19622087478637695,32.70000076293945
1986,65110016.0,0.001226173248142004,2.0414464473724365,1.0,1.0699999332427979,0.1856251358985901,45.20000076293945
1987,65142784.0,0.0012685528490692377,1.9739545583724976,0.9699999690055847,1.0,0.2222147136926651,39.599998474121094
1988,65175552.0,0.0014717059675604105,2.064417839050293,0.6800000071525574,0.9699999690055847,0.19798994064331055,39.599998474121094
1989,65208320.0,0.00225629098713398,1.585286259651184,0.8399999737739563,0.6800000071525574,0.21289008855819702,44.0
1990,65241088.0,0.0013648862950503826,1.657900094985962,0.8700000047683716,0.8399999737739563,0.20967845618724823,42.599998474121094
1991,65273856.0,0.0011375710600987077,2.1716723442077637,0.8999999761581421,0.8700000047683716,0.18287009000778198,32.89999771118164
1992,65306624.0,0.0030559413135051727,1.9425302743911743,0.6499999761581421,0.8999999761581421,0.20109106600284576,32.29999923706055
1993,65339392.0,0.0010201032273471355,2.004807949066162,0.5799999833106995,0.6499999761581421,0.18156804144382477,30.899999618530273
1994,65372160.0,0.0009763081907294691,2.268873453140259,0.6800000071525574,0.5799999833106995,0.20643486082553864,28.399999618530273
1995,65404928.0,0.0010335426777601242,2.223982095718384,0.7799999713897705,0.6800000071525574,0.21633455157279968,28.899999618530273
1996,65437696.0,0.0014552413485944271,1.9763845205307007,1.0,0.7799999713897705,0.23210594058036804,35.39999771118164
1997,65470464.0,0.0009422412840649486,1.9048608541488647,1.1200000047683716,1.0,0.20016616582870483,39.39999771118164
1998,65503232.0,0.001640167785808444,2.1613528728485107,1.149999976158142,1.1200000047683716,0.20712095499038696,49.39999771118164
1999,65536000.0,0.0014781918143853545,1.7529082298278809,1.149999976158142,1.149999976158142,0.22262722253799438,42.39999771118164
2000,65568768.0,0.0010876653250306845,1.9601802825927734,0.8499999642372131,1.149999976158142,0.18296024203300476,45.79999923706055
2001,65601536.0,0.001122566289268434,2.233505964279175,1.1399999856948853,0.8499999642372131,0.21089711785316467,50.29999923706055
2002,65634304.0,0.0012379137333482504,2.2314536571502686,1.1200000047683716,1.1399999856948853,0.16644355654716492,29.799999237060547
2003,65667072.0,0.0008952996577136219,2.1732118129730225,1.1699999570846558,1.1200000047683716,0.20514556765556335,41.29999923706055
2004,65699840.0,0.0009913273388519883,2.5845963954925537,1.0699999332427979,1.1699999570846558,0.2079886645078659,41.29999923706055
2005,65732608.0,0.0011113417567685246,2.529238700866699,1.1699999570846558,1.0699999332427979,0.2125203162431717,41.39999771118164
2006,65765376.0,0.0013451577397063375,2.2740530967712402,0.8999999761581421,1.1699999570846558,0.19584327936172485,43.79999923706055
2007,65798144.0,0.0014924482675269246,2.5567359924316406,1.1200000047683716,0.8999999761581421,0.2267763465642929,51.0
2008,65830912.0,0.001334318658336997,1.8466750383377075,0.7199999690055847,1.1200000047683716,0.19998396933078766,29.899999618530273
2009,65863680.0,0.001625262899324298,2.187814950942993,0.9399999976158142,0.7199999690055847,0.22191327810287476,41.20000076293945
2010,65896448.0,0.0010080436477437615,2.290982246398926,0.6200000047683716,0.9399999976158142,0.21518495678901672,48.599998474121094
2011,65929216.0,0.0012893599923700094,1.9900174140930176,1.0399999618530273,0.6200000047683716,0.21224665641784668,41.599998474121094
2012,65961984.0,0.001830088091082871,2.0770013332366943,0.75,1.0399999618530273,0.20715603232383728,27.599998474121094
2013,65994752.0,0.0010498031042516232,2.0068976879119873,1.159999966621399,0.75,0.22702866792678833,41.79999923706055
2014,66027520.0,0.0013956429902464151,2.01556658744812,1.1100000143051147,1.159999966621399,0.18404583632946014,45.29999923706055
2015,66060288.0,0.0009729075245559216,2.073967456817627,1.1200000047683716,1.1100000143051147,0.1863880455493927,34.20000076293945
2016,66093056.0,0.001657041604630649,2.0870182514190674,1.459999918937683,1.1200000047683716,0.21048596501350403,40.39999771118164
2017,66125824.0,0.0012581681367009878,1.8038156032562256,1.4399999380111694,1.459999918937683,0.2153467833995819,45.5
2018,66158592.0,0.001335994340479374,2.3097784519195557,1.3600000143051147,1.4399999380111694,0.1899704486131668,50.599998474121094
2019,66191360.0,0.0011999132111668587,2.060638666152954,1.3399999141693115,1.3600000143051147,0.19945117831230164,43.599998474121094
2020,66224128.0,0.0012206158135086298,2.2627716064453125,1.3700000047683716,1.3399999141693115,0.2150290608406067,46.599998474121094
2021,66256896.0,0.0015141012845560908,1.995118498802185,1.4299999475479126,1.3700000047683716,0.20113341510295868,36.099998474121094
2022,66289664.0,0.0017024672124534845,1.950911045074463,1.459999918937683,1.4299999475479126,0.2210463285446167,36.599998474121094
2023,66322432.0,0.0009421345312148333,1.9807775020599365,1.0099999904632568,1.459999918937683,0.21074837446212769,36.39999771118164
2024,66355200.0,0.0021432784851640463,2.0816385746002197,1.0,1.0099999904632568,0.2228803038597107,45.20000076293945
2025,66387968.0,0.0006474393885582685,2.433013916015625,1.0499999523162842,1.0,0.17866775393486023,43.89999771118164
2026,66420736.0,0.0012242565862834454,2.077146530151367,1.0499999523162842,1.0499999523162842,0.20623445510864258,46.5
2027,66453504.0,0.0019332210067659616,2.45317006111145,1.0099999904632568,1.0499999523162842,0.21014715731143951,52.69999694824219
2028,66486272.0,0.0010919779306277633,2.246643304824829,0.9099999666213989,1.0099999904632568,0.21174302697181702,38.599998474121094
2029,66519040.0,0.00194341572932899,1.8417332172393799,1.059999942779541,0.9099999666213989,0.20437899231910706,39.599998474121094
2030,66551808.0,0.001519298180937767,2.109215259552002,0.6499999761581421,1.059999942779541,0.22685730457305908,44.099998474121094
2031,66584576.0,0.0007625475991517305,2.231175184249878,0.8899999856948853,0.6499999761581421,0.19374391436576843,42.099998474121094
2032,66617344.0,0.0015246968250721693,1.7839469909667969,1.1200000047683716,0.8899999856948853,0.2149648666381836,40.599998474121094
2033,66650112.0,0.0008835013140924275,2.456594467163086,0.8999999761581421,1.1200000047683716,0.21047678589820862,52.599998474121094
2034,66682880.0,0.0014142198488116264,1.72026526927948,1.0399999618530273,0.8999999761581421,0.19688445329666138,47.0
2035,66715648.0,0.0009702921961434186,2.1236326694488525,1.159999966621399,1.0399999618530273,0.19350376725196838,49.79999923706055
2036,66748416.0,0.00103083869908005,2.0555102825164795,1.159999966621399,1.159999966621399,0.21008971333503723,49.79999923706055
2037,66781184.0,0.00112361297942698,2.0346455574035645,0.9799999594688416,1.159999966621399,0.2030242681503296,53.39999771118164
2038,66813952.0,0.0016067367978394032,1.9715880155563354,1.0099999904632568,0.9799999594688416,0.21010500192642212,43.39999771118164
2039,66846720.0,0.0013826948124915361,2.3610644340515137,0.7199999690055847,1.0099999904632568,0.20916524529457092,46.89999771118164
2040,66879488.0,0.001784824999049306,2.499656915664673,0.7599999904632568,0.7199999690055847,0.20561741292476654,54.89999771118164
2041,66912256.0,0.0008339137420989573,2.017733573913574,0.8299999833106995,0.7599999904632568,0.19370999932289124,58.39999771118164
2042,66945024.0,0.001093394123017788,2.303955078125,0.9599999785423279,0.8299999833106995,0.2196122705936432,57.5
2043,66977792.0,0.0012887618504464626,2.0342824459075928,1.3600000143051147,0.9599999785423279,0.2102026641368866,58.5
2044,67010560.0,0.0011075780494138598,1.8729125261306763,1.8499999046325684,1.3600000143051147,0.21108120679855347,67.29999542236328
2045,67043328.0,0.0010503212688490748,2.3182034492492676,1.3799999952316284,1.8499999046325684,0.1930963099002838,57.19999694824219
2046,67076096.0,0.0010293414816260338,1.5085617303848267,1.5099999904632568,1.3799999952316284,0.21143820881843567,62.29999923706055
2047,67108864.0,0.0012559907045215368,1.789434790611267,1.4399999380111694,1.5099999904632568,0.20951101183891296,65.79999542236328
2048,67141632.0,0.0015110508538782597,1.8774380683898926,1.25,1.4399999380111694,0.19662581384181976,68.69999694824219
2049,67174400.0,0.0010897403117269278,2.462007522583008,1.2400000095367432,1.25,0.18822261691093445,68.69999694824219
2050,67207168.0,0.0016202256083488464,2.3996307849884033,1.1799999475479126,1.2400000095367432,0.21220776438713074,60.89999771118164
2051,67239936.0,0.002385322004556656,1.9309500455856323,0.8899999856948853,1.1799999475479126,0.22387169301509857,59.89999771118164
2052,67272704.0,0.0010112327290698886,2.0907976627349854,0.7999999523162842,0.8899999856948853,0.20821794867515564,67.4000015258789
2053,67305472.0,0.0017679906450212002,1.7212507724761963,0.5999999642372131,0.7999999523162842,0.21596425771713257,60.099998474121094
2054,67338240.0,0.0011183933820575476,2.101386308670044,0.38999998569488525,0.5999999642372131,0.20378367602825165,57.39999771118164
2055,67371008.0,0.001532779773697257,2.548865795135498,0.5699999928474426,0.38999998569488525,0.21083831787109375,63.0
2056,67403776.0,0.0013304399326443672,2.1563303470611572,0.85999995470047,0.5699999928474426,0.2238088995218277,63.0
2057,67436544.0,0.0011197252897545695,2.2031545639038086,0.6100000143051147,0.85999995470047,0.2062712013721466,65.4000015258789
2058,67469312.0,0.0008206221973523498,1.8391227722167969,0.3700000047683716,0.6100000143051147,0.1923261284828186,65.4000015258789
2059,67502080.0,0.0010180269600823522,2.2072179317474365,0.550000011920929,0.3700000047683716,0.21832627058029175,70.4000015258789
2060,67534848.0,0.000887216767296195,2.129310369491577,0.5199999809265137,0.550000011920929,0.1944008767604828,70.4000015258789
2061,67567616.0,0.0010616453364491463,2.479649782180786,0.25999999046325684,0.5199999809265137,0.21508951485157013,70.4000015258789
2062,67600384.0,0.0014398235362023115,2.606431007385254,0.6899999976158142,0.25999999046325684,0.21642494201660156,75.29999542236328
2063,67633152.0,0.0013845149660483003,2.327694892883301,0.3199999928474426,0.6899999976158142,0.20378166437149048,79.69999694824219
2064,67665920.0,0.001219696132466197,2.213710308074951,0.5,0.3199999928474426,0.19030044972896576,64.79999542236328
2065,67698688.0,0.0009673485765233636,2.2928194999694824,0.23999999463558197,0.5,0.20384398102760315,62.89999771118164
2066,67731456.0,0.0011623012833297253,2.3043720722198486,0.38999998569488525,0.23999999463558197,0.2028828263282776,72.0999984741211
2067,67764224.0,0.0013650216860696673,2.1811351776123047,0.4699999988079071,0.38999998569488525,0.18451356887817383,71.0999984741211
2068,67796992.0,0.0012512884568423033,2.1853370666503906,0.1899999976158142,0.4699999988079071,0.20232808589935303,76.29999542236328
2069,67829760.0,0.0014700412284582853,1.9396806955337524,0.5699999928474426,0.1899999976158142,0.24267837405204773,69.0999984741211
2070,67862528.0,0.0014691764954477549,1.9371060132980347,0.38999998569488525,0.5699999928474426,0.21097880601882935,53.29999923706055
2071,67895296.0,0.0011132995132356882,2.1180107593536377,0.5799999833106995,0.38999998569488525,0.20589116215705872,51.0
2072,67928064.0,0.0011757762404158711,1.984360694885254,0.5399999618530273,0.5799999833106995,0.2086378037929535,47.39999771118164
2073,67960832.0,0.0009961863979697227,2.0992980003356934,0.5299999713897705,0.5399999618530273,0.21270188689231873,59.0
2074,67993600.0,0.0016375345876440406,2.534898042678833,0.6200000047683716,0.5299999713897705,0.2119309902191162,48.0
2075,68026368.0,0.0016092940932139754,2.5127310752868652,0.5600000023841858,0.6200000047683716,0.20827080309391022,54.5
2076,68059136.0,0.0012707599671557546,2.4969642162323,0.5699999928474426,0.5600000023841858,0.20938459038734436,56.599998474121094
2077,68091904.0,0.0013887318782508373,2.2984519004821777,0.5999999642372131,0.5699999928474426,0.21415480971336365,53.599998474121094
2078,68124672.0,0.001400986686348915,2.249631404876709,0.7400000095367432,0.5999999642372131,0.20876038074493408,59.0
2079,68157440.0,0.001665713032707572,1.9323710203170776,0.8199999928474426,0.7400000095367432,0.20315706729888916,56.19999694824219
2080,68190208.0,0.0013367107603698969,1.5976557731628418,0.32999998331069946,0.8199999928474426,0.23146682977676392,49.70000076293945
2081,68222976.0,0.0011920647229999304,2.2343969345092773,0.4899999797344208,0.32999998331069946,0.215134859085083,50.599998474121094
2082,68255744.0,0.00153595011215657,1.9974898099899292,0.44999998807907104,0.4899999797344208,0.20250192284584045,64.0999984741211
2083,68288512.0,0.0017918925732374191,1.9609788656234741,0.4899999797344208,0.44999998807907104,0.2185484617948532,47.89999771118164
2084,68321280.0,0.001330982195213437,2.158033847808838,0.26999998092651367,0.4899999797344208,0.23152166604995728,53.5
2085,68354048.0,0.0014791027642786503,2.1974408626556396,0.07999999821186066,0.26999998092651367,0.21683081984519958,51.39999771118164
2086,68386816.0,0.001040618633851409,2.1080400943756104,-0.019999999552965164,0.07999999821186066,0.20499347150325775,50.79999923706055
2087,68419584.0,0.0018636820605024695,2.319251537322998,-0.07999999821186066,-0.019999999552965164,0.2207469642162323,50.29999923706055
2088,68452352.0,0.0012188079999759793,1.7635608911514282,0.2199999988079071,-0.07999999821186066,0.22103357315063477,55.29999923706055
2089,68485120.0,0.00107816350646317,1.8784023523330688,0.3199999928474426,0.2199999988079071,0.213180273771286,51.79999923706055
2090,68517888.0,0.0009211639408022165,2.468493700027466,0.29999998211860657,0.3199999928474426,0.20881475508213043,43.89999771118164
2091,68550656.0,0.0015369656030088663,2.1907198429107666,0.5899999737739563,0.29999998211860657,0.19320958852767944,53.0
2092,68583424.0,0.0010211134795099497,2.311068534851074,0.6899999976158142,0.5899999737739563,0.2015131264925003,48.89999771118164
2093,68616192.0,0.0009719203226268291,1.5291393995285034,0.5799999833106995,0.6899999976158142,0.2200426161289215,49.29999923706055
2094,68648960.0,0.0009546199580654502,1.8805203437805176,0.6499999761581421,0.5799999833106995,0.20330974459648132,40.89999771118164
2095,68681728.0,0.001092952792532742,1.8486469984054565,0.5699999928474426,0.6499999761581421,0.20545893907546997,45.79999923706055
2096,68714496.0,0.001763700507581234,1.8350282907485962,0.6699999570846558,0.5699999928474426,0.2103319764137268,43.39999771118164
2097,68747264.0,0.0011825710535049438,2.099848747253418,0.5099999904632568,0.6699999570846558,0.22209560871124268,37.39999771118164
2098,68780032.0,0.0015087726060301065,2.5016984939575195,0.3999999761581421,0.5099999904632568,0.19945122301578522,40.0
2099,68812800.0,0.001336506800726056,2.1866872310638428,0.38999998569488525,0.3999999761581421,0.20820510387420654,32.5
2100,68845568.0,0.0009676548652350903,2.0807602405548096,0.6100000143051147,0.38999998569488525,0.19354170560836792,32.20000076293945
2101,68878336.0,0.0011623615864664316,1.9572964906692505,0.6800000071525574,0.6100000143051147,0.2064065933227539,38.20000076293945
2102,68911104.0,0.0009187215473502874,1.7257108688354492,0.8999999761581421,0.6800000071525574,0.20506122708320618,43.29999923706055
2103,68943872.0,0.0009321144316345453,2.417100667953491,1.2799999713897705,0.8999999761581421,0.18970635533332825,39.70000076293945
2104,68976640.0,0.0010688306065276265,2.1291494369506836,1.25,1.2799999713897705,0.21522165834903717,36.29999923706055
2105,69009408.0,0.001249058754183352,1.956590175628662,0.85999995470047,1.25,0.22200706601142883,34.39999771118164
2106,69042176.0,0.0011240425519645214,2.440166473388672,0.8299999833106995,0.85999995470047,0.20519524812698364,35.5
2107,69074944.0,0.0013864864595234394,2.1189422607421875,0.9799999594688416,0.8299999833106995,0.21161684393882751,38.70000076293945
2108,69107712.0,0.0013708856422454119,1.6630504131317139,0.6399999856948853,0.9799999594688416,0.2059534192085266,45.0
2109,69140480.0,0.001518667209893465,2.1963274478912354,1.3600000143051147,0.6399999856948853,0.2259763926267624,36.89999771118164
2110,69173248.0,0.0016109514981508255,2.586022138595581,0.9099999666213989,1.3600000143051147,0.1926269382238388,53.79999923706055
2111,69206016.0,0.0011275213910266757,2.108592987060547,0.8399999737739563,0.9099999666213989,0.22088651359081268,43.20000076293945
2112,69238784.0,0.0009517268626950681,1.9526993036270142,0.5,0.8399999737739563,0.20867009460926056,54.69999694824219
2113,69271552.0,0.0013366348575800657,2.025055170059204,0.949999988079071,0.5,0.2006722092628479,47.5
2114,69304320.0,0.0015098837902769446,2.2099087238311768,0.6800000071525574,0.949999988079071,0.18898065388202667,34.20000076293945
2115,69337088.0,0.0010039056651294231,2.0672624111175537,0.9599999785423279,0.6800000071525574,0.1949683427810669,54.099998474121094
2116,69369856.0,0.0013257198734208941,2.09440541267395,1.0,0.9599999785423279,0.21417637169361115,52.5
2117,69402624.0,0.001200951519422233,2.0234715938568115,1.2999999523162842,1.0,0.20598982274532318,23.899999618530273
2118,69435392.0,0.0009435894316993654,2.1020257472991943,1.350000023841858,1.2999999523162842,0.20246827602386475,36.39999771118164
2119,69468160.0,0.0006053376710042357,2.3030343055725098,1.2699999809265137,1.350000023841858,0.1907375007867813,27.899999618530273
2120,69500928.0,0.0012948838993906975,2.4385366439819336,1.2799999713897705,1.2699999809265137,0.17774692177772522,42.39999771118164
2121,69533696.0,0.0012015635147690773,2.290114641189575,1.2999999523162842,1.2799999713897705,0.21101468801498413,30.599998474121094
2122,69566464.0,0.0013964681420475245,2.120142936706543,0.7899999618530273,1.2999999523162842,0.20563602447509766,39.79999923706055
2123,69599232.0,0.0015982254408299923,1.552419900894165,0.8499999642372131,0.7899999618530273,0.19745738804340363,41.29999923706055
2124,69632000.0,0.0007305302424356341,2.3210055828094482,0.85999995470047,0.8499999642372131,0.19002565741539001,36.599998474121094
2125,69664768.0,0.0021522194147109985,2.2479970455169678,0.38999998569488525,0.85999995470047,0.21741554141044617,34.5
2126,69697536.0,0.0014306120574474335,1.9835524559020996,0.699999988079071,0.38999998569488525,0.2095986157655716,38.89999771118164
2127,69730304.0,0.0018805972067639232,2.2915055751800537,0.5,0.699999988079071,0.24021029472351074,42.79999923706055
2128,69763072.0,0.001304758246988058,1.940870761871338,0.47999998927116394,0.5,0.21419093012809753,38.39999771118164
2129,69795840.0,0.0014140496496111155,2.0299863815307617,0.6100000143051147,0.47999998927116394,0.220845028758049,56.89999771118164
2130,69828608.0,0.0011350117856636643,2.0042953491210938,0.10999999940395355,0.6100000143051147,0.19007791578769684,57.39999771118164
2131,69861376.0,0.0012217788025736809,2.179287910461426,0.28999999165534973,0.10999999940395355,0.20585502684116364,59.19999694824219
2132,69894144.0,0.0013933148002251983,1.8146884441375732,0.03999999910593033,0.28999999165534973,0.22055283188819885,60.599998474121094
2133,69926912.0,0.00110697525087744,2.001650094985962,0.35999998450279236,0.03999999910593033,0.21239632368087769,60.5
2134,69959680.0,0.0016675073420628905,2.0021347999572754,0.2199999988079071,0.35999998450279236,0.20524823665618896,54.69999694824219
2135,69992448.0,0.001604597084224224,2.1602532863616943,0.6100000143051147,0.2199999988079071,0.19463875889778137,60.39999771118164
2136,70025216.0,0.00172386912163347,1.940202236175537,0.429999977350235,0.6100000143051147,0.2428426742553711,52.0
2137,70057984.0,0.0013889844994992018,2.005937099456787,0.8299999833106995,0.429999977350235,0.21515755355358124,52.79999923706055
2138,70090752.0,0.0010456338059157133,1.821985125541687,0.9099999666213989,0.8299999833106995,0.19579800963401794,52.099998474121094
2139,70123520.0,0.0011057625524699688,1.688274621963501,0.9599999785423279,0.9099999666213989,0.19687369465827942,51.89999771118164
2140,70156288.0,0.0014657874125987291,2.0110301971435547,0.47999998927116394,0.9599999785423279,0.2215765118598938,52.19999694824219
2141,70189056.0,0.0020752178970724344,2.017916679382324,1.1299999952316284,0.47999998927116394,0.19634193181991577,51.39999771118164
2142,70221824.0,0.0013964222744107246,2.1387083530426025,1.0399999618530273,1.1299999952316284,0.1891588568687439,60.5
2143,70254592.0,0.0011103682918474078,2.0706024169921875,1.100000023841858,1.0399999618530273,0.20850446820259094,55.19999694824219
2144,70287360.0,0.0016272853827103972,2.378298759460449,0.9199999570846558,1.100000023841858,0.2243281751871109,66.69999694824219
2145,70320128.0,0.001256995601579547,2.1216673851013184,1.0499999523162842,0.9199999570846558,0.20296496152877808,64.0
2146,70352896.0,0.0011268071830272675,2.2205097675323486,1.5,1.0499999523162842,0.20615550875663757,64.29999542236328
2147,70385664.0,0.00168998958542943,2.4183566570281982,1.3700000047683716,1.5,0.1983998864889145,63.69999694824219
2148,70418432.0,0.0009681073133833706,2.190761089324951,1.0299999713897705,1.3700000047683716,0.2037743330001831,61.89999771118164
2149,70451200.0,0.0011523353168740869,2.3154122829437256,1.399999976158142,1.0299999713897705,0.22231422364711761,60.29999923706055
2150,70483968.0,0.001512773334980011,1.989348292350769,1.1100000143051147,1.399999976158142,0.1976364552974701,60.89999771118164
2151,70516736.0,0.0013312024530023336,2.3948111534118652,1.0099999904632568,1.1100000143051147,0.20015129446983337,57.39999771118164
2152,70549504.0,0.0010523161618039012,2.196765422821045,0.9599999785423279,1.0099999904632568,0.21314796805381775,59.39999771118164
2153,70582272.0,0.0009958009468391538,2.290099859237671,1.0199999809265137,0.9599999785423279,0.19782479107379913,59.69999694824219
2154,70615040.0,0.0011621213052421808,2.477351188659668,1.1999999284744263,1.0199999809265137,0.21755802631378174,55.599998474121094
2155,70647808.0,0.0018487002234905958,2.4020862579345703,0.9599999785423279,1.1999999284744263,0.2138577699661255,57.69999694824219
2156,70680576.0,0.0013475010637193918,2.423818588256836,0.9099999666213989,0.9599999785423279,0.21189412474632263,59.79999923706055
2157,70713344.0,0.0015259471256285906,2.1655709743499756,0.8700000047683716,0.9099999666213989,0.23354393243789673,60.0
2158,70746112.0,0.0016189062735065818,2.2862420082092285,1.1200000047683716,0.8700000047683716,0.18681174516677856,61.0
2159,70778880.0,0.002045166678726673,2.123581886291504,0.6800000071525574,1.1200000047683716,0.19604304432868958,61.0
2160,70811648.0,0.0014437176287174225,1.9133411645889282,1.1999999284744263,0.6800000071525574,0.21561230719089508,54.5
2161,70844416.0,0.0013068446423858404,2.814626932144165,1.2699999809265137,1.1999999284744263,0.20428375899791718,53.79999923706055
2162,70877184.0,0.0014272959670051932,2.1921937465667725,1.0799999237060547,1.2699999809265137,0.229018434882164,67.5999984741211
2163,70909952.0,0.0013223045971244574,2.1486752033233643,1.209999918937683,1.0799999237060547,0.2003750205039978,62.0
2164,70942720.0,0.0016155927442014217,2.6070144176483154,1.149999976158142,1.209999918937683,0.2084706425666809,59.5
2165,70975488.0,0.001543149584904313,2.0502548217773438,1.2300000190734863,1.149999976158142,0.21564346551895142,60.19999694824219
2166,71008256.0,0.001068632584065199,2.7746095657348633,0.6200000047683716,1.2300000190734863,0.20156200230121613,59.5
2167,71041024.0,0.0018623750656843185,2.2720541954040527,1.1999999284744263,0.6200000047683716,0.2129315435886383,61.5
2168,71073792.0,0.0015813899226486683,2.007814645767212,0.5,1.1999999284744263,0.24227409064769745,64.0
2169,71106560.0,0.000859291641972959,2.1286699771881104,0.3199999928474426,0.5,0.21669471263885498,59.69999694824219
2170,71139328.0,0.0009941661264747381,2.180837631225586,0.26999998092651367,0.3199999928474426,0.19762441515922546,54.29999923706055
2171,71172096.0,0.001317668822593987,2.4610044956207275,0.35999998450279236,0.26999998092651367,0.22423747181892395,47.29999923706055
2172,71204864.0,0.0011969874612987041,2.20684814453125,-0.09999999403953552,0.35999998450279236,0.1929510086774826,50.70000076293945
2173,71237632.0,0.0014224948827177286,2.238492250442505,0.3799999952316284,-0.09999999403953552,0.2216918170452118,53.79999923706055
2174,71270400.0,0.0011026738211512566,2.581364154815674,0.12999999523162842,0.3799999952316284,0.20367205142974854,54.19999694824219
2175,71303168.0,0.0017024208791553974,2.322906494140625,0.9599999785423279,0.12999999523162842,0.22986622154712677,59.19999694824219
2176,71335936.0,0.0012345933355391026,2.5919361114501953,0.8100000023841858,0.9599999785423279,0.222986102104187,50.79999923706055
2177,71368704.0,0.0016907269600778818,2.5098650455474854,0.550000011920929,0.8100000023841858,0.22079288959503174,53.29999923706055
2178,71401472.0,0.00116753950715065,1.9583078622817993,0.029999999329447746,0.550000011920929,0.22285574674606323,53.39999771118164
2179,71434240.0,0.0012039931025356054,2.185546398162842,0.5299999713897705,0.029999999329447746,0.21772918105125427,53.099998474121094
2180,71467008.0,0.00150967831723392,2.254897356033325,0.6599999666213989,0.5299999713897705,0.2298833727836609,68.29999542236328
2181,71499776.0,0.0015915740514174104,2.115807294845581,0.8899999856948853,0.6599999666213989,0.2435648888349533,52.89999771118164
2182,71532544.0,0.0022245158907026052,2.1729774475097656,0.8199999928474426,0.8899999856948853,0.22435829043388367,59.89999771118164
2183,71565312.0,0.0014080599648877978,2.565067768096924,0.7999999523162842,0.8199999928474426,0.23432913422584534,58.29999923706055
2184,71598080.0,0.0013546862173825502,2.5430076122283936,0.8299999833106995,0.7999999523162842,0.21307040750980377,37.20000076293945
2185,71630848.0,0.001000995864160359,2.320756673812866,0.8299999833106995,0.8299999833106995,0.22019840776920319,39.599998474121094
2186,71663616.0,0.0018249009735882282,2.614819049835205,0.8399999737739563,0.8299999833106995,0.2093295454978943,41.599998474121094
2187,71696384.0,0.0019754725508391857,2.182887077331543,0.5,0.8399999737739563,0.21216937899589539,46.70000076293945
2188,71729152.0,0.0016463185893371701,2.317470073699951,0.5099999904632568,0.5,0.24459770321846008,45.5
2189,71761920.0,0.0018940359586849809,2.587836265563965,0.5099999904632568,0.5099999904632568,0.23731300234794617,42.89999771118164
2190,71794688.0,0.001014616573229432,2.7449920177459717,0.550000011920929,0.5099999904632568,0.2360033541917801,57.19999694824219
2191,71827456.0,0.0010979373473674059,1.8357503414154053,0.6200000047683716,0.550000011920929,0.2117418646812439,65.5
2192,71860224.0,0.0012833337532356381,2.6291544437408447,1.1999999284744263,0.6200000047683716,0.24874167144298553,54.19999694824219
2193,71892992.0,0.001370215555652976,1.9284367561340332,1.0,1.1999999284744263,0.22645147144794464,70.19999694824219
2194,71925760.0,0.0014279677998274565,2.1005771160125732,0.8100000023841858,1.0,0.2158603072166443,67.0999984741211
2195,71958528.0,0.0011979893315583467,2.4575560092926025,0.7799999713897705,0.8100000023841858,0.20150884985923767,58.69999694824219
2196,71991296.0,0.0012253965251147747,2.3790855407714844,0.5999999642372131,0.7799999713897705,0.2152235507965088,57.39999771118164
2197,72024064.0,0.0009276780765503645,2.340791702270508,1.1200000047683716,0.5999999642372131,0.2173038125038147,65.19999694824219
2198,72056832.0,0.0011889246525242925,2.437976837158203,0.8999999761581421,1.1200000047683716,0.2062370926141739,69.69999694824219
2199,72089600.0,0.0010221670381724834,2.235527753829956,1.2999999523162842,0.8999999761581421,0.20723235607147217,61.5
2200,72122368.0,0.001119749853387475,2.487436056137085,0.9399999976158142,1.2999999523162842,0.21211948990821838,62.099998474121094
2201,72155136.0,0.001277955831028521,2.406435012817383,0.9099999666213989,0.9399999976158142,0.21878528594970703,66.19999694824219
2202,72187904.0,0.0012099511222913861,2.178980588912964,1.0299999713897705,0.9099999666213989,0.21599391102790833,72.5999984741211
2203,72220672.0,0.0017910697497427464,2.2966134548187256,1.0299999713897705,1.0299999713897705,0.22232773900032043,68.0999984741211
2204,72253440.0,0.0014265826903283596,2.4399054050445557,1.0299999713897705,1.0299999713897705,0.2067418396472931,65.69999694824219
2205,72286208.0,0.0015703465323895216,2.314399480819702,0.9399999976158142,1.0299999713897705,0.21239003539085388,82.19999694824219
2206,72318976.0,0.0014364395756274462,2.3921196460723877,0.8499999642372131,0.9399999976158142,0.19567778706550598,77.19999694824219
2207,72351744.0,0.0019533690065145493,1.9893543720245361,0.8899999856948853,0.8499999642372131,0.20421341061592102,84.69999694824219
2208,72384512.0,0.001644351053982973,2.4824163913726807,1.2300000190734863,0.8899999856948853,0.224252387881279,77.69999694824219
2209,72417280.0,0.0011621585581451654,2.6922473907470703,1.3399999141693115,1.2300000190734863,0.2076803743839264,69.0
2210,72450048.0,0.002159323077648878,2.1652991771698,1.090000033378601,1.3399999141693115,0.2213999330997467,81.5
2211,72482816.0,0.001380267320200801,2.268573522567749,0.5199999809265137,1.090000033378601,0.20044778287410736,78.5999984741211
2212,72515584.0,0.0015037611592561007,2.356983184814453,0.3199999928474426,0.5199999809265137,0.212091326713562,81.29999542236328
2213,72548352.0,0.001368552795611322,2.61541485786438,0.4099999964237213,0.3199999928474426,0.21974395215511322,71.19999694824219
2214,72581120.0,0.0012945375638082623,2.6749753952026367,0.29999998211860657,0.4099999964237213,0.2233966588973999,73.79999542236328
2215,72613888.0,0.0015507639618590474,1.9278753995895386,0.25,0.29999998211860657,0.2078186571598053,59.69999694824219
2216,72646656.0,0.001121849985793233,2.3954544067382812,0.5600000023841858,0.25,0.20012564957141876,71.9000015258789
2217,72679424.0,0.00146232801489532,2.253882884979248,0.8799999952316284,0.5600000023841858,0.21261826157569885,81.29999542236328
2218,72712192.0,0.0011995498789474368,1.9261109828948975,0.9599999785423279,0.8799999952316284,0.19838359951972961,78.0999984741211
2219,72744960.0,0.0019381017191335559,2.135453462600708,0.699999988079071,0.9599999785423279,0.19290781021118164,68.0999984741211
2220,72777728.0,0.0014745714142918587,2.514115333557129,0.4899999797344208,0.699999988079071,0.23449131846427917,66.29999542236328
2221,72810496.0,0.0011932514607906342,2.3634767532348633,0.3199999928474426,0.4899999797344208,0.22248557209968567,71.0
2222,72843264.0,0.0011136650573462248,2.2457025051116943,0.7199999690055847,0.3199999928474426,0.2270241677761078,75.4000015258789
2223,72876032.0,0.0021808522287756205,2.100445032119751,0.8899999856948853,0.7199999690055847,0.21115657687187195,70.0
2224,72908800.0,0.0017707839142531157,2.197089195251465,0.5099999904632568,0.8899999856948853,0.2154877483844757,64.9000015258789
2225,72941568.0,0.0015422916039824486,2.4820399284362793,0.4899999797344208,0.5099999904632568,0.22250892221927643,57.39999771118164
2226,72974336.0,0.0013122705277055502,2.2812867164611816,1.0299999713897705,0.4899999797344208,0.22302626073360443,56.39999771118164
2227,73007104.0,0.001123580033890903,2.5825953483581543,0.6899999976158142,1.0299999713897705,0.22417621314525604,68.29999542236328
2228,73039872.0,0.0009552772389724851,2.211703300476074,0.44999998807907104,0.6899999976158142,0.19880038499832153,69.79999542236328
2229,73072640.0,0.001471810624934733,2.08967924118042,0.17999999225139618,0.44999998807907104,0.23276065289974213,73.29999542236328
2230,73105408.0,0.0011226612841710448,2.410505771636963,0.7299999594688416,0.17999999225139618,0.22844453155994415,76.19999694824219
2231,73138176.0,0.000897400313988328,2.3659183979034424,0.9599999785423279,0.7299999594688416,0.1902068853378296,73.5
2232,73170944.0,0.0015207468532025814,1.8940277099609375,0.9699999690055847,0.9599999785423279,0.23192289471626282,66.29999542236328
2233,73203712.0,0.0012621539644896984,1.683811902999878,1.1299999952316284,0.9699999690055847,0.22976946830749512,67.19999694824219
2234,73236480.0,0.0016484318766742945,2.4073469638824463,0.7799999713897705,1.1299999952316284,0.2027125358581543,65.5999984741211
2235,73269248.0,0.001272738678380847,2.318507671356201,0.32999998331069946,0.7799999713897705,0.20798584818840027,83.4000015258789
2236,73302016.0,0.0011877999641001225,2.2022252082824707,0.8100000023841858,0.32999998331069946,0.18529267609119415,68.0
2237,73334784.0,0.0013988674618303776,2.4880287647247314,0.41999998688697815,0.8100000023841858,0.2219005823135376,72.4000015258789
2238,73367552.0,0.0019104955717921257,2.0298566818237305,0.8799999952316284,0.41999998688697815,0.2199428528547287,68.0
2239,73400320.0,0.001094965497031808,2.1199660301208496,0.08999999612569809,0.8799999952316284,0.20834779739379883,69.79999542236328
2240,73433088.0,0.0019711311906576157,2.299215316772461,0.2800000011920929,0.08999999612569809,0.23115283250808716,59.19999694824219
2241,73465856.0,0.0017129896441474557,2.5816919803619385,-0.26999998092651367,0.2800000011920929,0.21731318533420563,56.5
2242,73498624.0,0.0011929126922041178,2.552387237548828,0.7599999904632568,-0.26999998092651367,0.19845551252365112,62.89999771118164
2243,73531392.0,0.0010350290685892105,2.5583126544952393,1.0,0.7599999904632568,0.22685258090496063,64.79999542236328
2244,73564160.0,0.0016482729697600007,2.2000365257263184,0.7099999785423279,1.0,0.1921030580997467,57.0
2245,73596928.0,0.0008487778250128031,2.3191864490509033,1.0,0.7099999785423279,0.2041977196931839,75.4000015258789
2246,73629696.0,0.0010179473320022225,2.3181257247924805,0.38999998569488525,1.0,0.2181595116853714,64.4000015258789
2247,73662464.0,0.001103291055187583,2.1316487789154053,0.7199999690055847,0.38999998569488525,0.18298035860061646,62.5
2248,73695232.0,0.001354898209683597,2.274808883666992,0.03999999910593033,0.7199999690055847,0.24676497280597687,54.69999694824219
2249,73728000.0,0.001474607503041625,2.2186946868896484,-0.23999999463558197,0.03999999910593033,0.22073893249034882,58.0
2250,73760768.0,0.0009018461569212377,1.910068392753601,-0.3400000035762787,-0.23999999463558197,0.233357772231102,64.5999984741211
2251,73793536.0,0.0009775025537237525,2.4114882946014404,-0.32999998331069946,-0.3400000035762787,0.22699254751205444,62.5
2252,73826304.0,0.0010519321076571941,2.5611979961395264,-0.3499999940395355,-0.32999998331069946,0.2124163806438446,64.0999984741211
2253,73859072.0,0.0008490544278174639,2.367880344390869,-0.5600000023841858,-0.3499999940395355,0.21406540274620056,57.89999771118164
2254,73891840.0,0.001645388314500451,2.178809642791748,-0.8799999952316284,-0.5600000023841858,0.22085785865783691,67.5
2255,73924608.0,0.0014419382205232978,2.288989305496216,-0.8199999928474426,-0.8799999952316284,0.2372712939977646,59.5
2256,73957376.0,0.0011928824242204428,2.274723768234253,-0.5899999737739563,-0.8199999928474426,0.22279348969459534,57.099998474121094
2257,73990144.0,0.0018604849465191364,2.324864387512207,-0.11999999731779099,-0.5899999737739563,0.22283147275447845,46.5
2258,74022912.0,0.001752985524944961,2.267688274383545,-0.5999999642372131,-0.11999999731779099,0.21148192882537842,56.89999771118164
2259,74055680.0,0.0015848376788198948,2.130810499191284,-0.1899999976158142,-0.5999999642372131,0.22458378970623016,66.0
2260,74088448.0,0.0010533365420997143,1.7050167322158813,-0.029999999329447746,-0.1899999976158142,0.19759729504585266,49.70000076293945
2261,74121216.0,0.001622483367100358,2.188188314437866,-0.09999999403953552,-0.029999999329447746,0.2185729742050171,54.29999923706055
2262,74153984.0,0.001781341154128313,2.3051040172576904,0.6399999856948853,-0.09999999403953552,0.20166639983654022,60.29999923706055
2263,74186752.0,0.0005880690878257155,2.4377071857452393,0.6800000071525574,0.6399999856948853,0.20077809691429138,57.29999923706055
2264,74219520.0,0.0018289632862433791,2.161728858947754,0.25,0.6800000071525574,0.22256657481193542,57.69999694824219
2265,74252288.0,0.0010972577147185802,2.3512842655181885,0.5299999713897705,0.25,0.19097065925598145,61.19999694824219
2266,74285056.0,0.0013963818782940507,1.6593331098556519,0.4699999988079071,0.5299999713897705,0.20594856142997742,53.89999771118164
2267,74317824.0,0.002015904523432255,2.2802047729492188,0.7699999809265137,0.4699999988079071,0.2361907809972763,58.79999923706055
2268,74350592.0,0.0016046811360865831,2.0846974849700928,0.7199999690055847,0.7699999809265137,0.2132098525762558,56.19999694824219
2269,74383360.0,0.0010687910253182054,2.572211503982544,0.4399999976158142,0.7199999690055847,0.20812171697616577,47.0
2270,74416128.0,0.000880196166690439,2.37489652633667,0.6100000143051147,0.4399999976158142,0.2345210313796997,50.70000076293945
2271,74448896.0,0.0008623479516245425,2.6150150299072266,0.7599999904632568,0.6100000143051147,0.21868781745433807,49.89999771118164
2272,74481664.0,0.0015293664764612913,2.442591905593872,0.8399999737739563,0.7599999904632568,0.21398133039474487,53.19999694824219
2273,74514432.0,0.0015029539354145527,2.2226946353912354,0.7400000095367432,0.8399999737739563,0.20613989233970642,59.19999694824219
2274,74547200.0,0.0013508896809071302,2.7624459266662598,0.8999999761581421,0.7400000095367432,0.20653128623962402,56.0
2275,74579968.0,0.0014799453783780336,2.022047281265259,0.5799999833106995,0.8999999761581421,0.24252410233020782,63.89999771118164
2276,74612736.0,0.0014068440068513155,2.4354894161224365,0.41999998688697815,0.5799999833106995,0.21739961206912994,45.89999771118164
2277,74645504.0,0.0015960518503561616,2.0112924575805664,0.5799999833106995,0.41999998688697815,0.20452000200748444,48.89999771118164
2278,74678272.0,0.0013758910354226828,2.199716091156006,0.41999998688697815,0.5799999833106995,0.20743070542812347,50.599998474121094
2279,74711040.0,0.002481201896443963,1.8955726623535156,0.429999977350235,0.41999998688697815,0.21522237360477448,60.0
2280,74743808.0,0.002022449392825365,2.046464443206787,0.25999999046325684,0.429999977350235,0.21011173725128174,62.69999694824219
2281,74776576.0,0.0016766437329351902,1.6954656839370728,0.17000000178813934,0.25999999046325684,0.2343250811100006,56.0
2282,74809344.0,0.0010532429441809654,2.1575927734375,0.6299999952316284,0.17000000178813934,0.22294147312641144,64.4000015258789
2283,74842112.0,0.0012520949821919203,2.1300084590911865,0.32999998331069946,0.6299999952316284,0.22086068987846375,55.0
2284,74874880.0,0.0012197191826999187,2.2606217861175537,0.25999999046325684,0.32999998331069946,0.22366929054260254,56.69999694824219
2285,74907648.0,0.0013934597373008728,2.1534643173217773,0.4099999964237213,0.25999999046325684,0.1936292201280594,58.099998474121094
2286,74940416.0,0.0013221446424722672,2.0212175846099854,0.32999998331069946,0.4099999964237213,0.22873827815055847,66.69999694824219
2287,74973184.0,0.0019112394656985998,2.5517473220825195,0.85999995470047,0.32999998331069946,0.2190430462360382,58.89999771118164
2288,75005952.0,0.0010979946237057447,2.303321599960327,0.5699999928474426,0.85999995470047,0.21259240806102753,67.19999694824219
2289,75038720.0,0.0017454378539696336,2.482532262802124,0.5299999713897705,0.5699999928474426,0.22148725390434265,60.69999694824219
2290,75071488.0,0.0012352927587926388,2.599151849746704,0.19999998807907104,0.5299999713897705,0.2040925920009613,64.9000015258789
2291,75104256.0,0.001005751546472311,2.180466890335083,1.0699999332427979,0.19999998807907104,0.21712157130241394,77.0
2292,75137024.0,0.0013893956784158945,2.4308688640594482,0.5799999833106995,1.0699999332427979,0.23024028539657593,64.0
2293,75169792.0,0.0010298978304490447,2.1420116424560547,0.7400000095367432,0.5799999833106995,0.2164231240749359,52.29999923706055
2294,75202560.0,0.0008208673098124564,2.385596990585327,0.41999998688697815,0.7400000095367432,0.21218189597129822,65.19999694824219
2295,75235328.0,0.0010811451356858015,2.0265135765075684,0.2199999988079071,0.41999998688697815,0.1927499920129776,70.4000015258789
2296,75268096.0,0.0014456042554229498,2.816053628921509,0.29999998211860657,0.2199999988079071,0.21295426785945892,57.89999771118164
2297,75300864.0,0.0017155978130176663,2.1832196712493896,0.29999998211860657,0.29999998211860657,0.19422216713428497,71.29999542236328
2298,75333632.0,0.0013288308400660753,2.1610188484191895,0.5899999737739563,0.29999998211860657,0.20994359254837036,59.89999771118164
2299,75366400.0,0.0010511805303394794,2.2768101692199707,0.22999998927116394,0.5899999737739563,0.21043068170547485,59.39999771118164
2300,75399168.0,0.0015453266678377986,2.2196545600891113,0.5099999904632568,0.22999998927116394,0.22251619398593903,58.79999923706055
2301,75431936.0,0.0008409968577325344,2.37103533744812,0.14000000059604645,0.5099999904632568,0.20143651962280273,69.5999984741211
2302,75464704.0,0.0020050029270350933,2.4253880977630615,0.5099999904632568,0.14000000059604645,0.21071507036685944,65.29999542236328
2303,75497472.0,0.001003117999061942,2.4016623497009277,0.2199999988079071,0.5099999904632568,0.20657427608966827,56.89999771118164
2304,75530240.0,0.0008147107437252998,2.3677210807800293,0.03999999910593033,0.2199999988079071,0.21680788695812225,64.5999984741211
2305,75563008.0,0.0015190639533102512,2.2577242851257324,0.7400000095367432,0.03999999910593033,0.2199341058731079,65.0
2306,75595776.0,0.000954222516156733,2.5867228507995605,0.4699999988079071,0.7400000095367432,0.19478484988212585,67.4000015258789
2307,75628544.0,0.0017603535670787096,1.7864097356796265,0.4699999988079071,0.4699999988079071,0.22315141558647156,66.4000015258789
2308,75661312.0,0.0008976731915026903,2.1159329414367676,0.44999998807907104,0.4699999988079071,0.19975395500659943,61.39999771118164
2309,75694080.0,0.0009214426390826702,2.471808671951294,0.85999995470047,0.44999998807907104,0.2197951078414917,58.69999694824219
2310,75726848.0,0.001497443299740553,2.2322094440460205,0.4599999785423279,0.85999995470047,0.20522569119930267,53.099998474121094
2311,75759616.0,0.0014811339788138866,2.125513792037964,0.5600000023841858,0.4599999785423279,0.2259047031402588,52.19999694824219
2312,75792384.0,0.0010603098198771477,2.3137600421905518,0.9399999976158142,0.5600000023841858,0.21401458978652954,51.69999694824219
2313,75825152.0,0.001585241174325347,2.123175859451294,0.38999998569488525,0.9399999976158142,0.22988006472587585,61.89999771118164
2314,75857920.0,0.0010628686286509037,1.868859887123108,0.3199999928474426,0.38999998569488525,0.19583413004875183,72.0999984741211
2315,75890688.0,0.0012564870994538069,2.1382429599761963,0.4399999976158142,0.3199999928474426,0.2125226855278015,69.69999694824219
2316,75923456.0,0.001373062958009541,2.2403619289398193,0.3499999940395355,0.4399999976158142,0.2066996991634369,69.69999694824219
2317,75956224.0,0.0009154717554338276,2.3247289657592773,0.6299999952316284,0.3499999940395355,0.18186771869659424,69.5
2318,75988992.0,0.001322659314610064,2.2433624267578125,0.5600000023841858,0.6299999952316284,0.2307235598564148,63.69999694824219
2319,76021760.0,0.0011871273163706064,1.9720882177352905,0.8700000047683716,0.5600000023841858,0.23074573278427124,73.69999694824219
2320,76054528.0,0.0007245299057103693,1.9738849401474,0.8199999928474426,0.8700000047683716,0.22114136815071106,55.89999771118164
2321,76087296.0,0.0013924138620495796,2.511467218399048,1.0299999713897705,0.8199999928474426,0.20632770657539368,64.0999984741211
2322,76120064.0,0.0010807760991156101,2.410588264465332,0.9899999499320984,1.0299999713897705,0.20307937264442444,50.29999923706055
2323,76152832.0,0.0015500481240451336,2.16574764251709,0.949999988079071,0.9899999499320984,0.22516676783561707,61.599998474121094
2324,76185600.0,0.001091506564989686,2.0538642406463623,0.8299999833106995,0.949999988079071,0.21761968731880188,51.29999923706055
2325,76218368.0,0.0015299038495868444,2.3432159423828125,0.7799999713897705,0.8299999833106995,0.21291431784629822,52.5
2326,76251136.0,0.0013339463621377945,1.8444799184799194,0.7799999713897705,0.7799999713897705,0.23310959339141846,57.69999694824219
2327,76283904.0,0.0016253561479970813,1.8656165599822998,0.7999999523162842,0.7799999713897705,0.22321908175945282,57.89999771118164
2328,76316672.0,0.0014211939414963126,2.2863712310791016,0.7299999594688416,0.7999999523162842,0.23002251982688904,54.39999771118164
2329,76349440.0,0.0013656248338520527,2.1632020473480225,0.7299999594688416,0.7299999594688416,0.22326558828353882,51.5
2330,76382208.0,0.0010999464429914951,1.6021958589553833,0.38999998569488525,0.7299999594688416,0.21379812061786652,47.0
2331,76414976.0,0.0014448921428993344,1.791428565979004,0.3999999761581421,0.38999998569488525,0.18574273586273193,52.89999771118164
2332,76447744.0,0.0014655517879873514,2.3893492221832275,0.5,0.3999999761581421,0.2200387567281723,58.79999923706055
2333,76480512.0,0.0012204336235299706,2.2105600833892822,0.41999998688697815,0.5,0.21772827208042145,64.29999542236328
2334,76513280.0,0.0014801754150539637,1.6508253812789917,0.429999977350235,0.41999998688697815,0.22578905522823334,59.79999923706055
2335,76546048.0,0.0012411638163030148,2.2268691062927246,0.47999998927116394,0.429999977350235,0.19310155510902405,70.9000015258789
2336,76578816.0,0.0010829195380210876,1.90690016746521,0.3799999952316284,0.47999998927116394,0.22420179843902588,67.69999694824219
2337,76611584.0,0.0018188398098573089,2.1281278133392334,0.4699999988079071,0.3799999952316284,0.2281201183795929,63.79999923706055
2338,76644352.0,0.0017086449079215527,2.191473960876465,0.47999998927116394,0.4699999988079071,0.21912211179733276,63.19999694824219
2339,76677120.0,0.0015245724935084581,2.1178784370422363,0.2199999988079071,0.47999998927116394,0.20994985103607178,65.19999694824219
2340,76709888.0,0.0017754922155290842,1.9398157596588135,0.41999998688697815,0.2199999988079071,0.20353524386882782,66.69999694824219
2341,76742656.0,0.0014763011131435633,2.1198766231536865,0.5600000023841858,0.41999998688697815,0.21938836574554443,68.69999694824219
2342,76775424.0,0.0020656019914895296,2.0730671882629395,0.3799999952316284,0.5600000023841858,0.2261534333229065,60.099998474121094
2343,76808192.0,0.0014499358367174864,2.4831697940826416,0.0,0.3799999952316284,0.2083483785390854,59.099998474121094
2344,76840960.0,0.002174139954149723,2.181212902069092,0.20999999344348907,0.0,0.21828487515449524,59.599998474121094
2345,76873728.0,0.0013232514029368758,2.525848150253296,0.1599999964237213,0.20999999344348907,0.22632275521755219,59.099998474121094
2346,76906496.0,0.0011570482747629285,2.10001277923584,0.12999999523162842,0.1599999964237213,0.21208317577838898,55.69999694824219
2347,76939264.0,0.0014148842310532928,1.6269049644470215,0.6200000047683716,0.12999999523162842,0.22602489590644836,58.099998474121094
2348,76972032.0,0.0017423979006707668,2.3785197734832764,0.29999998211860657,0.6200000047683716,0.2198178768157959,50.79999923706055
2349,77004800.0,0.0014283114578574896,2.6461355686187744,0.6200000047683716,0.29999998211860657,0.19877776503562927,51.29999923706055
2350,77037568.0,0.0012073013931512833,2.0732131004333496,0.47999998927116394,0.6200000047683716,0.20272767543792725,57.79999923706055
2351,77070336.0,0.0011520832777023315,2.241795539855957,0.2199999988079071,0.47999998927116394,0.20976383984088898,56.79999923706055
2352,77103104.0,0.0013287472538650036,2.1566524505615234,0.26999998092651367,0.2199999988079071,0.216311976313591,53.39999771118164
2353,77135872.0,0.0013784529874101281,1.9521969556808472,0.05999999865889549,0.26999998092651367,0.2038559466600418,58.69999694824219
2354,77168640.0,0.0018000846030190587,2.364413022994995,0.5399999618530273,0.05999999865889549,0.20329856872558594,45.599998474121094
2355,77201408.0,0.0013691845815628767,1.8490397930145264,0.7999999523162842,0.5399999618530273,0.231428325176239,49.89999771118164
2356,77234176.0,0.0014821627410128713,2.291499614715576,0.8399999737739563,0.7999999523162842,0.21807004511356354,49.70000076293945
2357,77266944.0,0.0013670615153387189,2.1980338096618652,0.7299999594688416,0.8399999737739563,0.21393057703971863,47.39999771118164
2358,77299712.0,0.001209498499520123,1.9908796548843384,0.6499999761581421,0.7299999594688416,0.20386138558387756,49.79999923706055
2359,77332480.0,0.0013920937199145555,2.0558578968048096,1.0699999332427979,0.6499999761581421,0.20133066177368164,51.89999771118164
2360,77365248.0,0.0013535290490835905,1.795310139656067,0.5799999833106995,1.0699999332427979,0.22648872435092926,56.099998474121094
2361,77398016.0,0.0012436823453754187,1.9948232173919678,0.5899999737739563,0.5799999833106995,0.2246532291173935,50.0
2362,77430784.0,0.0012586279772222042,2.3654801845550537,0.9799999594688416,0.5899999737739563,0.20356598496437073,47.70000076293945
2363,77463552.0,0.0007137968204915524,2.5225794315338135,0.4399999976158142,0.9799999594688416,0.18433524668216705,63.29999923706055
2364,77496320.0,0.0014435426564887166,2.079881191253662,0.8100000023841858,0.4399999976158142,0.21049630641937256,59.099998474121094
2365,77529088.0,0.0016225527506321669,2.008167028427124,0.23999999463558197,0.8100000023841858,0.21590590476989746,59.099998474121094
2366,77561856.0,0.0016008883249014616,2.071404457092285,0.23999999463558197,0.23999999463558197,0.2224038541316986,60.099998474121094
2367,77594624.0,0.0016062877839431167,2.256882905960083,0.5299999713897705,0.23999999463558197,0.23121041059494019,65.19999694824219
2368,77627392.0,0.0013966142432764173,1.8800790309906006,0.4099999964237213,0.5299999713897705,0.21670366823673248,65.19999694824219
2369,77660160.0,0.000926380162127316,1.9449049234390259,0.38999998569488525,0.4099999964237213,0.2076081782579422,63.79999923706055
2370,77692928.0,0.0014282355550676584,2.1542890071868896,0.6100000143051147,0.38999998569488525,0.23550865054130554,58.69999694824219
2371,77725696.0,0.001769553404301405,2.0739212036132812,0.14000000059604645,0.6100000143051147,0.2188294529914856,57.0
2372,77758464.0,0.0018112988909706473,2.0876355171203613,-0.10999999940395355,0.14000000059604645,0.21111181378364563,62.099998474121094
2373,77791232.0,0.0014546997845172882,2.315523624420166,0.14000000059604645,-0.10999999940395355,0.21523620188236237,57.89999771118164
2374,77824000.0,0.0016753228846937418,1.6304551362991333,0.19999998807907104,0.14000000059604645,0.20927399396896362,52.39999771118164
2375,77856768.0,0.0016155790071934462,1.7825497388839722,0.17000000178813934,0.19999998807907104,0.21226942539215088,53.5
2376,77889536.0,0.0018269880674779415,2.3040871620178223,0.23999999463558197,0.17000000178813934,0.2363692820072174,61.099998474121094
2377,77922304.0,0.0014161659637466073,2.204737663269043,0.2800000011920929,0.23999999463558197,0.222069650888443,63.19999694824219
2378,77955072.0,0.0011946321465075016,2.1731526851654053,0.1899999976158142,0.2800000011920929,0.2113170325756073,65.0
2379,77987840.0,0.001165928551927209,1.75152587890625,0.75,0.1899999976158142,0.19273695349693298,58.79999923706055
2380,78020608.0,0.0016409533564001322,1.893471598625183,0.7199999690055847,0.75,0.19746838510036469,64.19999694824219
2381,78053376.0,0.0009880352299660444,1.952828288078308,0.7199999690055847,0.7199999690055847,0.19420135021209717,60.599998474121094
2382,78086144.0,0.0014920670073479414,2.1536478996276855,1.059999942779541,0.7199999690055847,0.22833757102489471,61.89999771118164
2383,78118912.0,0.0015612985007464886,2.476071834564209,1.0799999237060547,1.059999942779541,0.22012653946876526,58.79999923706055
2384,78151680.0,0.0015984743367880583,2.176201581954956,0.7099999785423279,1.0799999237060547,0.23256443440914154,58.599998474121094
2385,78184448.0,0.0015106366481631994,2.084739923477173,0.7799999713897705,0.7099999785423279,0.19966530799865723,61.0
2386,78217216.0,0.001485879416577518,2.0328128337860107,0.7799999713897705,0.7799999713897705,0.19744259119033813,56.29999923706055
2387,78249984.0,0.001051838044077158,2.3322980403900146,1.7999999523162842,0.7799999713897705,0.2131674587726593,56.5
2388,78282752.0,0.002045936416834593,2.0565788745880127,1.1100000143051147,1.7999999523162842,0.19929330050945282,61.19999694824219
2389,78315520.0,0.0015898351557552814,1.970038652420044,1.4199999570846558,1.1100000143051147,0.21886701881885529,63.19999694824219
2390,78348288.0,0.0010975550394505262,1.7945196628570557,1.4199999570846558,1.4199999570846558,0.19407929480075836,55.29999923706055
2391,78381056.0,0.0013441245537251234,1.9333544969558716,0.7899999618530273,1.4199999570846558,0.2000686526298523,55.29999923706055
2392,78413824.0,0.0012589029502123594,2.2948105335235596,0.6800000071525574,0.7899999618530273,0.2010495662689209,57.599998474121094
2393,78446592.0,0.001055895583704114,2.0744173526763916,0.7299999594688416,0.6800000071525574,0.20074307918548584,55.0
2394,78479360.0,0.001474461518228054,2.10188364982605,1.5799999237060547,0.7299999594688416,0.22524702548980713,56.0
2395,78512128.0,0.0014493996277451515,2.1648240089416504,0.9300000071525574,1.5799999237060547,0.18083971738815308,55.79999923706055
2396,78544896.0,0.001627757796086371,2.1292495727539062,1.0799999237060547,0.9300000071525574,0.23793062567710876,55.0
2397,78577664.0,0.0008431707974523306,2.3918521404266357,0.7699999809265137,1.0799999237060547,0.19792631268501282,62.0
2398,78610432.0,0.0013833786360919476,2.187007188796997,0.7099999785423279,0.7699999809265137,0.1915612667798996,58.79999923706055
2399,78643200.0,0.001264023594558239,2.4210824966430664,0.3799999952316284,0.7099999785423279,0.23497076332569122,59.79999923706055
2400,78675968.0,0.0011408587452024221,2.1160809993743896,0.47999998927116394,0.3799999952316284,0.18754112720489502,56.39999771118164
2401,78708736.0,0.000901471299584955,2.7080471515655518,0.5399999618530273,0.47999998927116394,0.20498737692832947,57.39999771118164
2402,78741504.0,0.0011432245373725891,2.4879117012023926,1.0299999713897705,0.5399999618530273,0.21857260167598724,59.89999771118164
2403,78774272.0,0.0016462539788335562,2.1188604831695557,0.8299999833106995,1.0299999713897705,0.21877604722976685,58.19999694824219
2404,78807040.0,0.002455407287925482,2.426321029663086,0.6100000143051147,0.8299999833106995,0.22518500685691833,61.89999771118164
2405,78839808.0,0.001473426353186369,2.2494490146636963,0.9699999690055847,0.6100000143051147,0.19925102591514587,58.89999771118164
2406,78872576.0,0.00120909558609128,2.733632802963257,0.11999999731779099,0.9699999690055847,0.23274824023246765,60.69999694824219
2407,78905344.0,0.0016477147582918406,2.4536633491516113,0.6699999570846558,0.11999999731779099,0.2127966433763504,54.29999923706055
2408,78938112.0,0.0014875535853207111,2.0890750885009766,-0.4699999988079071,0.6699999570846558,0.21343161165714264,55.39999771118164
2409,78970880.0,0.0010470414999872446,2.3774116039276123,0.10999999940395355,-0.4699999988079071,0.18440109491348267,51.89999771118164
2410,79003648.0,0.0012385284062474966,2.187464952468872,-0.17999999225139618,0.10999999940395355,0.220638707280159,51.39999771118164
2411,79036416.0,0.0014064516872167587,2.329115152359009,0.14999999105930328,-0.17999999225139618,0.2266639769077301,51.79999923706055
2412,79069184.0,0.0013139379443600774,2.3536441326141357,0.550000011920929,0.14999999105930328,0.21714144945144653,51.099998474121094
2413,79101952.0,0.0014052980113774538,2.4153621196746826,-0.17999999225139618,0.550000011920929,0.19619199633598328,55.89999771118164
2414,79134720.0,0.0015005682362243533,2.480036497116089,-0.5099999904632568,-0.17999999225139618,0.2013530433177948,58.79999923706055
2415,79167488.0,0.0011102098505944014,2.493035316467285,-0.47999998927116394,-0.5099999904632568,0.18848876655101776,57.69999694824219
2416,79200256.0,0.0010343125322833657,2.3084959983825684,-0.3700000047683716,-0.47999998927116394,0.19244468212127686,55.89999771118164
2417,79233024.0,0.001201091567054391,2.5890488624572754,-0.22999998927116394,-0.3700000047683716,0.20113834738731384,59.69999694824219
2418,79265792.0,0.0016168011352419853,2.1780288219451904,-0.17999999225139618,-0.22999998927116394,0.2185826301574707,59.69999694824219
2419,79298560.0,0.0011740310583263636,2.1960642337799072,-0.29999998211860657,-0.17999999225139618,0.20448508858680725,59.69999694824219
2420,79331328.0,0.0011430906597524881,2.2283668518066406,-0.22999998927116394,-0.29999998211860657,0.21176017820835114,57.69999694824219
2421,79364096.0,0.002090451307594776,2.4631383419036865,0.14000000059604645,-0.22999998927116394,0.18174423277378082,55.0
2422,79396864.0,0.00145093840546906,2.7786641120910645,-0.09999999403953552,0.14000000059604645,0.21576043963432312,53.19999694824219
2423,79429632.0,0.0010386859066784382,2.336329936981201,-0.09999999403953552,-0.09999999403953552,0.20659592747688293,54.39999771118164
2424,79462400.0,0.001329181483015418,2.613889694213867,0.009999999776482582,-0.09999999403953552,0.21229155361652374,55.5
2425,79495168.0,0.001295335590839386,2.5519397258758545,0.14000000059604645,0.009999999776482582,0.2049442082643509,52.89999771118164
2426,79527936.0,0.001423560082912445,2.538675546646118,0.1599999964237213,0.14000000059604645,0.21588318049907684,48.599998474121094
2427,79560704.0,0.0017448675353080034,2.27608323097229,0.09999999403953552,0.1599999964237213,0.21106788516044617,60.099998474121094
2428,79593472.0,0.0015223805094137788,2.566709041595459,-0.5,0.09999999403953552,0.21063926815986633,59.89999771118164
2429,79626240.0,0.0011415064800530672,2.65598726272583,-0.4099999964237213,-0.5,0.2052619308233261,62.599998474121094
2430,79659008.0,0.0015011279610916972,2.482365131378174,-0.3700000047683716,-0.4099999964237213,0.1956116110086441,60.69999694824219
2431,79691776.0,0.0009850049391388893,2.876753330230713,-0.35999998450279236,-0.3700000047683716,0.21323521435260773,58.39999771118164
2432,79724544.0,0.0015329367015510798,2.0473575592041016,0.08999999612569809,-0.35999998450279236,0.22509431838989258,68.9000015258789
2433,79757312.0,0.0015442876610904932,2.3073716163635254,-0.44999998807907104,0.08999999612569809,0.20311853289604187,72.5999984741211
2434,79790080.0,0.0012475638650357723,2.208472967147827,-0.11999999731779099,-0.44999998807907104,0.22839820384979248,69.9000015258789
2435,79822848.0,0.0016099722124636173,2.411741018295288,0.19999998807907104,-0.11999999731779099,0.2164047211408615,64.0
2436,79855616.0,0.001232886454090476,2.293412208557129,0.32999998331069946,0.19999998807907104,0.19251275062561035,69.5999984741211
2437,79888384.0,0.001457179430872202,2.692715883255005,-0.4599999785423279,0.32999998331069946,0.20740604400634766,59.099998474121094
2438,79921152.0,0.0012178010074421763,2.6104323863983154,-0.6899999976158142,-0.4599999785423279,0.2045610249042511,48.0
2439,79953920.0,0.0009159224573522806,2.5288710594177246,-0.23999999463558197,-0.6899999976158142,0.21464796364307404,50.39999771118164
2440,79986688.0,0.0014855817425996065,2.2437047958374023,-0.029999999329447746,-0.23999999463558197,0.23629221320152283,50.5
2441,80019456.0,0.001522325212135911,2.351574420928955,0.019999999552965164,-0.029999999329447746,0.21570256352424622,57.099998474121094
2442,80052224.0,0.0014826026745140553,2.2799978256225586,-0.3400000035762787,0.019999999552965164,0.21043597161769867,57.5
2443,80084992.0,0.0010688385227695107,2.4681718349456787,-0.44999998807907104,-0.3400000035762787,0.21956682205200195,53.5
2444,80117760.0,0.0009310347959399223,2.4202470779418945,-0.1899999976158142,-0.44999998807907104,0.1786096692085266,53.5
2445,80150528.0,0.0014695964055135846,2.2583439350128174,0.550000011920929,-0.1899999976158142,0.218713641166687,53.599998474121094
2446,80183296.0,0.0016615574713796377,2.0012755393981934,0.1899999976158142,0.550000011920929,0.20494426786899567,58.19999694824219
2447,80216064.0,0.0018667548429220915,2.371987819671631,-0.03999999910593033,0.1899999976158142,0.2057769000530243,50.099998474121094
2448,80248832.0,0.001742724096402526,2.973090410232544,-0.10999999940395355,-0.03999999910593033,0.21032333374023438,49.39999771118164
2449,80281600.0,0.00108355563133955,2.348773956298828,0.4099999964237213,-0.10999999940395355,0.20396292209625244,51.5
2450,80314368.0,0.0011248834198340774,2.123394012451172,0.14999999105930328,0.4099999964237213,0.20732206106185913,54.5
2451,80347136.0,0.001311162719503045,2.5476021766662598,-0.07999999821186066,0.14999999105930328,0.21085818111896515,51.69999694824219
2452,80379904.0,0.0013678167015314102,2.1881771087646484,0.10999999940395355,-0.07999999821186066,0.23148228228092194,50.79999923706055
2453,80412672.0,0.0020695130806416273,2.429263114929199,0.3199999928474426,0.10999999940395355,0.2259557843208313,55.599998474121094
2454,80445440.0,0.001223913161084056,2.145399570465088,0.25,0.3199999928474426,0.22240082919597626,57.69999694824219
2455,80478208.0,0.0012934261467307806,2.105820417404175,0.2800000011920929,0.25,0.2337866723537445,52.19999694824219
2456,80510976.0,0.001642058021388948,1.932002305984497,-0.19999998807907104,0.2800000011920929,0.21306365728378296,57.0
2457,80543744.0,0.0020656627602875233,2.4053878784179688,0.07000000029802322,-0.19999998807907104,0.23485341668128967,53.0
2458,80576512.0,0.0016201005782932043,2.434994697570801,-0.25,0.07000000029802322,0.1991550326347351,53.599998474121094
2459,80609280.0,0.0015798457898199558,2.702669382095337,0.5899999737739563,-0.25,0.22367414832115173,50.5
2460,80642048.0,0.0017361979698762298,1.9930081367492676,0.6699999570846558,0.5899999737739563,0.188326895236969,60.599998474121094
2461,80674816.0,0.001380531582981348,2.465353488922119,0.5799999833106995,0.6699999570846558,0.24923129379749298,61.39999771118164
2462,80707584.0,0.0011391447624191642,2.389787435531616,1.0099999904632568,0.5799999833106995,0.18643686175346375,60.19999694824219
2463,80740352.0,0.001435676938854158,2.0111207962036133,0.9399999976158142,1.0099999904632568,0.20424884557724,59.79999923706055
2464,80773120.0,0.0012696918565779924,2.508350133895874,1.350000023841858,0.9399999976158142,0.20788834989070892,61.0
2465,80805888.0,0.0016643941635265946,2.6582419872283936,1.46999990940094,1.350000023841858,0.21460261940956116,66.69999694824219
2466,80838656.0,0.0013386383652687073,2.3125553131103516,1.7599999904632568,1.46999990940094,0.2138577252626419,70.9000015258789
2467,80871424.0,0.001064468757249415,2.765505075454712,1.409999966621399,1.7599999904632568,0.19925418496131897,68.79999542236328
2468,80904192.0,0.0015928992070257664,2.2669596672058105,1.399999976158142,1.409999966621399,0.20828871428966522,68.5
2469,80936960.0,0.0018026658799499273,2.798654556274414,1.6699999570846558,1.399999976158142,0.19164440035820007,63.69999694824219
2470,80969728.0,0.0013512452132999897,2.218611001968384,1.6399999856948853,1.6699999570846558,0.21463468670845032,72.19999694824219
2471,81002496.0,0.0009396190871484578,2.5402393341064453,1.659999966621399,1.6399999856948853,0.1921141892671585,68.5999984741211
2472,81035264.0,0.001233310322277248,2.3285529613494873,1.4800000190734863,1.659999966621399,0.22270631790161133,72.0
2473,81068032.0,0.0012009823694825172,1.8411064147949219,1.4499999284744263,1.4800000190734863,0.21613919734954834,68.5999984741211
2474,81100800.0,0.0016501168720424175,2.808629274368286,0.85999995470047,1.4499999284744263,0.22287003695964813,64.19999694824219
2475,81133568.0,0.0013498093467205763,2.5844688415527344,0.7599999904632568,0.85999995470047,0.21162833273410797,60.79999923706055
2476,81166336.0,0.001258634845726192,2.282261371612549,0.8399999737739563,0.7599999904632568,0.20883938670158386,60.79999923706055
2477,81199104.0,0.0008912910125218332,2.6375813484191895,0.6200000047683716,0.8399999737739563,0.20736593008041382,58.89999771118164
2478,81231872.0,0.0013411896070465446,2.223935127258301,0.7699999809265137,0.6200000047683716,0.2101946324110031,70.0999984741211
2479,81264640.0,0.0017188211204484105,2.4651291370391846,0.4899999797344208,0.7699999809265137,0.21710410714149475,64.0999984741211
2480,81297408.0,0.00121673836838454,2.199610710144043,0.6599999666213989,0.4899999797344208,0.22591108083724976,57.5
2481,81330176.0,0.0008990839123725891,2.0641932487487793,0.20999999344348907,0.6599999666213989,0.22164566814899445,62.0
2482,81362944.0,0.0012198472395539284,2.729614019393921,0.1899999976158142,0.20999999344348907,0.22833576798439026,67.5
2483,81395712.0,0.0014932265039533377,2.5385806560516357,0.22999998927116394,0.1899999976158142,0.19921359419822693,57.599998474121094
2484,81428480.0,0.0015489166835322976,2.0125021934509277,0.1599999964237213,0.22999998927116394,0.2145211398601532,61.69999694824219
2485,81461248.0,0.001280691009014845,2.6151034832000732,0.7599999904632568,0.1599999964237213,0.18682923913002014,54.0
2486,81494016.0,0.0016921970527619123,2.2340140342712402,0.14000000059604645,0.7599999904632568,0.20297351479530334,56.79999923706055
2487,81526784.0,0.0016677652020007372,2.4021830558776855,0.32999998331069946,0.14000000059604645,0.20580482482910156,59.39999771118164
2488,81559552.0,0.0013285308377817273,2.2265610694885254,0.6200000047683716,0.32999998331069946,0.21146419644355774,64.19999694824219
2489,81592320.0,0.0010979691287502646,2.539954662322998,0.5199999809265137,0.6200000047683716,0.2221250832080841,71.0
2490,81625088.0,0.0016134079778566957,2.3611435890197754,0.20999999344348907,0.5199999809265137,0.21892733871936798,71.0
2491,81657856.0,0.0019242222188040614,2.507035255432129,0.5799999833106995,0.20999999344348907,0.21270057559013367,53.69999694824219
2492,81690624.0,0.001788997557014227,2.7167675495147705,0.10999999940395355,0.5799999833106995,0.1722581386566162,67.4000015258789
2493,81723392.0,0.0013115511974319816,2.3953258991241455,0.14999999105930328,0.10999999940395355,0.20396262407302856,64.29999542236328
2494,81756160.0,0.0018200912745669484,2.3047757148742676,0.07999999821186066,0.14999999105930328,0.2244572937488556,60.79999923706055
2495,81788928.0,0.0010686216410249472,2.7415847778320312,0.22999998927116394,0.07999999821186066,0.19810983538627625,65.0
2496,81821696.0,0.0017745052464306355,2.7181172370910645,-0.05999999865889549,0.22999998927116394,0.19154399633407593,63.5
2497,81854464.0,0.0016171738971024752,2.2909231185913086,0.04999999701976776,-0.05999999865889549,0.2163330316543579,61.599998474121094
2498,81887232.0,0.001705771079286933,2.097107410430908,-0.009999999776482582,0.04999999701976776,0.20465748012065887,58.69999694824219
2499,81920000.0,0.0016251590568572283,2.542565107345581,-0.04999999701976776,-0.009999999776482582,0.20609626173973083,60.29999923706055
2500,81952768.0,0.0011344049125909805,2.4896762371063232,-0.07999999821186066,-0.04999999701976776,0.1914365291595459,58.0
2501,81985536.0,0.0011543725850060582,2.494342803955078,0.14000000059604645,-0.07999999821186066,0.21702253818511963,55.099998474121094
2502,82018304.0,0.0010570738231763244,2.052441358566284,-0.14999999105930328,0.14000000059604645,0.19530096650123596,60.29999923706055
2503,82051072.0,0.0010043579386547208,2.681955575942993,-0.17000000178813934,-0.14999999105930328,0.18202456831932068,62.5
2504,82083840.0,0.0009033953538164496,2.2887682914733887,0.20999999344348907,-0.17000000178813934,0.20034801959991455,57.39999771118164
2505,82116608.0,0.0010764154139906168,2.2730965614318848,0.2199999988079071,0.20999999344348907,0.23655053973197937,56.5
2506,82149376.0,0.001167752780020237,2.7948665618896484,-0.08999999612569809,0.2199999988079071,0.20576095581054688,56.69999694824219
2507,82182144.0,0.0015546362847089767,2.6227307319641113,0.17999999225139618,-0.08999999612569809,0.21852421760559082,59.099998474121094
2508,82214912.0,0.0014676033752039075,2.58925199508667,0.22999998927116394,0.17999999225139618,0.19953951239585876,50.20000076293945
2509,82247680.0,0.0012632713187485933,2.237168788909912,0.25,0.22999998927116394,0.21228910982608795,46.89999771118164
2510,82280448.0,0.001161649590358138,2.229501485824585,0.10999999940395355,0.25,0.19440093636512756,59.599998474121094
2511,82313216.0,0.0017347318353131413,2.127805233001709,0.08999999612569809,0.10999999940395355,0.22832638025283813,49.599998474121094
2512,82345984.0,0.001055883476510644,2.6973228454589844,-0.28999999165534973,0.08999999612569809,0.19613952934741974,54.5
2513,82378752.0,0.0013662893325090408,1.9688631296157837,0.08999999612569809,-0.28999999165534973,0.19481788575649261,49.5
2514,82411520.0,0.001313383923843503,2.358145236968994,-0.04999999701976776,0.08999999612569809,0.21034826338291168,51.5
2515,82444288.0,0.0026754129212349653,2.358733892440796,-0.3499999940395355,-0.04999999701976776,0.21542224287986755,52.29999923706055
2516,82477056.0,0.0014724131906405091,2.366325616836548,-0.3499999940395355,-0.3499999940395355,0.21251974999904633,52.099998474121094
2517,82509824.0,0.001221674494445324,2.174463987350464,-0.7599999904632568,-0.3499999940395355,0.20270289480686188,51.099998474121094
2518,82542592.0,0.0011297677410766482,2.214761257171631,-0.25,-0.7599999904632568,0.2142924666404724,55.79999923706055
2519,82575360.0,0.0015087059000506997,2.6501638889312744,-0.4399999976158142,-0.25,0.19889670610427856,54.099998474121094
2520,82608128.0,0.0019776178523898125,2.3792877197265625,-0.5,-0.4399999976158142,0.19632643461227417,56.19999694824219
2521,82640896.0,0.0010580002563074231,2.5376975536346436,-0.3499999940395355,-0.5,0.1927812099456787,58.69999694824219
2522,82673664.0,0.001172153395600617,2.5900776386260986,-0.7099999785423279,-0.3499999940395355,0.21394018828868866,62.19999694824219
2523,82706432.0,0.0013824610505253077,2.5618245601654053,-0.5999999642372131,-0.7099999785423279,0.20844969153404236,53.39999771118164
2524,82739200.0,0.0012838969705626369,2.4690096378326416,-0.5699999928474426,-0.5999999642372131,0.21151697635650635,51.29999923706055
2525,82771968.0,0.0011248497758060694,2.34173583984375,-0.1599999964237213,-0.5699999928474426,0.20370721817016602,57.79999923706055
2526,82804736.0,0.0015010195784270763,2.7901785373687744,-0.03999999910593033,-0.1599999964237213,0.2025354653596878,62.69999694824219
2527,82837504.0,0.0012779990211129189,2.612304210662842,0.07000000029802322,-0.03999999910593033,0.1866433173418045,58.5
2528,82870272.0,0.0016547300620004535,2.4732449054718018,-0.19999998807907104,0.07000000029802322,0.22455546259880066,63.69999694824219
2529,82903040.0,0.0019503069343045354,2.537503480911255,-0.3700000047683716,-0.19999998807907104,0.21091413497924805,65.4000015258789
2530,82935808.0,0.002254494931548834,2.5251870155334473,-0.38999998569488525,-0.3700000047683716,0.22609597444534302,57.099998474121094
2531,82968576.0,0.001113398582674563,2.3843464851379395,0.09999999403953552,-0.38999998569488525,0.17975695431232452,59.29999923706055
2532,83001344.0,0.0014441092498600483,2.45387601852417,0.22999998927116394,0.09999999403953552,0.17874756455421448,68.0
2533,83034112.0,0.0014930497854948044,2.756995916366577,0.14999999105930328,0.22999998927116394,0.20623087882995605,62.099998474121094
2534,83066880.0,0.0010397869627922773,2.5553719997406006,0.3799999952316284,0.14999999105930328,0.1949557662010193,73.0999984741211
2535,83099648.0,0.001728466828353703,2.4826784133911133,0.12999999523162842,0.3799999952316284,0.21517370641231537,65.4000015258789
2536,83132416.0,0.0017505488358438015,2.167011022567749,0.029999999329447746,0.12999999523162842,0.2167852222919464,66.0999984741211
2537,83165184.0,0.0013343621976673603,2.540865898132324,-0.04999999701976776,0.029999999329447746,0.21191740036010742,56.19999694824219
2538,83197952.0,0.0009510387317277491,2.654393196105957,0.04999999701976776,-0.04999999701976776,0.19784961640834808,55.39999771118164
2539,83230720.0,0.0012184816878288984,2.363924503326416,0.12999999523162842,0.04999999701976776,0.20972508192062378,56.29999923706055
2540,83263488.0,0.0017789583653211594,2.2842068672180176,-0.20999999344348907,0.12999999523162842,0.2158861607313156,66.0999984741211
2541,83296256.0,0.0017495104111731052,2.4204201698303223,0.17999999225139618,-0.20999999344348907,0.22935450077056885,58.599998474121094
2542,83329024.0,0.001110992394387722,2.534935712814331,-0.25999999046325684,0.17999999225139618,0.19515259563922882,61.099998474121094
2543,83361792.0,0.001397877698764205,2.456577777862549,0.1899999976158142,-0.25999999046325684,0.21494102478027344,58.599998474121094
2544,83394560.0,0.001013298286125064,2.885435104370117,0.4699999988079071,0.1899999976158142,0.19799700379371643,61.099998474121094
2545,83427328.0,0.0013594732154160738,2.586530923843384,0.38999998569488525,0.4699999988079071,0.19964222609996796,54.69999694824219
2546,83460096.0,0.0012385863810777664,2.033566951751709,0.08999999612569809,0.38999998569488525,0.2099238932132721,57.19999694824219
2547,83492864.0,0.001643480616621673,2.261204957962036,0.25999999046325684,0.08999999612569809,0.21594467759132385,65.5
2548,83525632.0,0.0010100859217345715,2.2029430866241455,0.47999998927116394,0.25999999046325684,0.19436393678188324,64.79999542236328
2549,83558400.0,0.001811955706216395,2.7708382606506348,0.6100000143051147,0.47999998927116394,0.21202127635478973,63.89999771118164
2550,83591168.0,0.00183556554839015,2.3375680446624756,0.11999999731779099,0.6100000143051147,0.20256909728050232,66.29999542236328
2551,83623936.0,0.0009095980785787106,2.5008249282836914,0.05999999865889549,0.11999999731779099,0.19830389320850372,70.5
2552,83656704.0,0.0014040303649380803,2.861299514770508,-0.10999999940395355,0.05999999865889549,0.2246653139591217,53.599998474121094
2553,83689472.0,0.0011860488448292017,2.1696345806121826,-0.17999999225139618,-0.10999999940395355,0.20700795948505402,54.69999694824219
2554,83722240.0,0.0019098094198852777,2.1319844722747803,-0.11999999731779099,-0.17999999225139618,0.21944597363471985,56.69999694824219
2555,83755008.0,0.0018370713805779815,2.115118980407715,0.1599999964237213,-0.11999999731779099,0.21684110164642334,58.0
2556,83787776.0,0.0011345301754772663,2.4165589809417725,-0.1599999964237213,0.1599999964237213,0.2261463850736618,57.89999771118164
2557,83820544.0,0.0011777430772781372,2.2358758449554443,-0.17000000178813934,-0.1599999964237213,0.2005561888217926,66.9000015258789
2558,83853312.0,0.0009838222758844495,1.9159798622131348,0.08999999612569809,-0.17000000178813934,0.21965524554252625,68.5999984741211
2559,83886080.0,0.0009416130487807095,2.246659278869629,-0.20999999344348907,0.08999999612569809,0.20131905376911163,67.5999984741211
2560,83918848.0,0.0010685788001865149,2.404052495956421,-0.12999999523162842,-0.20999999344348907,0.1945028454065323,63.5
2561,83951616.0,0.0017801495268940926,2.6371874809265137,-0.1599999964237213,-0.12999999523162842,0.21128025650978088,65.0999984741211
2562,83984384.0,0.0015711156884208322,2.062605857849121,0.1899999976158142,-0.1599999964237213,0.19309724867343903,65.9000015258789
2563,84017152.0,0.0012091387761756778,1.976235032081604,-0.12999999523162842,0.1899999976158142,0.22387388348579407,58.099998474121094
2564,84049920.0,0.001314051216468215,2.0748987197875977,-0.14000000059604645,-0.12999999523162842,0.20802873373031616,63.0
2565,84082688.0,0.0018667078111320734,2.1853716373443604,-0.04999999701976776,-0.14000000059604645,0.21613414585590363,54.099998474121094
2566,84115456.0,0.0035817776806652546,2.3537542819976807,0.009999999776482582,-0.04999999701976776,0.20237235724925995,63.69999694824219
2567,84148224.0,0.000946673157159239,2.4348490238189697,-0.10999999940395355,0.009999999776482582,0.18179333209991455,57.39999771118164
2568,84180992.0,0.0014937757514417171,2.5187718868255615,-0.07999999821186066,-0.10999999940395355,0.21933278441429138,56.099998474121094
2569,84213760.0,0.0015292458701878786,2.3203628063201904,-0.17999999225139618,-0.07999999821186066,0.20826034247875214,51.5
2570,84246528.0,0.0012419370468705893,2.691619396209717,-0.3100000023841858,-0.17999999225139618,0.21466585993766785,49.099998474121094
2571,84279296.0,0.0017889455193653703,2.803436517715454,-0.25999999046325684,-0.3100000023841858,0.20055468380451202,52.599998474121094
2572,84312064.0,0.0019877380691468716,2.6587679386138916,-0.28999999165534973,-0.25999999046325684,0.23918083310127258,50.39999771118164
2573,84344832.0,0.0014912009937688708,2.21819806098938,-0.20999999344348907,-0.28999999165534973,0.21114501357078552,53.79999923706055
2574,84377600.0,0.0015336209908127785,2.0196709632873535,-0.19999998807907104,-0.20999999344348907,0.22736984491348267,52.099998474121094
2575,84410368.0,0.0014224224723875523,2.373494863510132,0.1599999964237213,-0.19999998807907104,0.18251638114452362,46.0
2576,84443136.0,0.0015344149433076382,1.9961994886398315,-0.07999999821186066,0.1599999964237213,0.21911391615867615,47.39999771118164
2577,84475904.0,0.0010207624873146415,2.4425671100616455,0.11999999731779099,-0.07999999821186066,0.20842218399047852,51.69999694824219
2578,84508672.0,0.001498557860031724,2.464538335800171,0.019999999552965164,0.11999999731779099,0.20196525752544403,54.0
2579,84541440.0,0.0014636650448665023,2.430109739303589,0.009999999776482582,0.019999999552965164,0.19056785106658936,59.099998474121094
2580,84574208.0,0.0012525815982371569,2.3266594409942627,0.25,0.009999999776482582,0.22319012880325317,55.29999923706055
2581,84606976.0,0.0011531886411830783,2.1979517936706543,0.29999998211860657,0.25,0.19482195377349854,61.89999771118164
2582,84639744.0,0.0017158722039312124,2.149522066116333,0.20999999344348907,0.29999998211860657,0.2069849669933319,60.599998474121094
2583,84672512.0,0.001001818454824388,2.676459312438965,0.17999999225139618,0.20999999344348907,0.22616656124591827,56.5
2584,84705280.0,0.0011570352362468839,2.132063150405884,0.11999999731779099,0.17999999225139618,0.21250420808792114,62.099998474121094
2585,84738048.0,0.001343258423730731,2.4230945110321045,0.22999998927116394,0.11999999731779099,0.19036638736724854,54.29999923706055
2586,84770816.0,0.001075934385880828,2.5367026329040527,0.17999999225139618,0.22999998927116394,0.1988709568977356,55.19999694824219
2587,84803584.0,0.0018463253509253263,2.7306134700775146,0.3700000047683716,0.17999999225139618,0.2382829636335373,44.70000076293945
2588,84836352.0,0.0010408321395516396,1.951674461364746,0.41999998688697815,0.3700000047683716,0.18336233496665955,54.0
2589,84869120.0,0.001392277656123042,2.5949432849884033,0.44999998807907104,0.41999998688697815,0.2064266949892044,53.099998474121094
2590,84901888.0,0.0013434948632493615,2.6917362213134766,0.5600000023841858,0.44999998807907104,0.1972120702266693,49.89999771118164
2591,84934656.0,0.001127775409258902,2.1240437030792236,0.14000000059604645,0.5600000023841858,0.19889068603515625,43.89999771118164
2592,84967424.0,0.001583389937877655,2.5355732440948486,0.5,0.14000000059604645,0.19199228286743164,43.599998474121094
2593,85000192.0,0.0008674353593960404,2.258087635040283,0.23999999463558197,0.5,0.20236748456954956,40.599998474121094
2594,85032960.0,0.0017770357662811875,1.9636683464050293,0.09999999403953552,0.23999999463558197,0.20021015405654907,50.29999923706055
2595,85065728.0,0.0010182637488469481,2.184635639190674,0.22999998927116394,0.09999999403953552,0.1978428065776825,42.5
2596,85098496.0,0.0009335280628874898,2.5706331729888916,0.47999998927116394,0.22999998927116394,0.2191234529018402,40.39999771118164
2597,85131264.0,0.0012631600257009268,2.409090518951416,0.5199999809265137,0.47999998927116394,0.2154390513896942,36.70000076293945
2598,85164032.0,0.0013668315950781107,2.5174779891967773,0.4099999964237213,0.5199999809265137,0.1839081048965454,41.70000076293945
2599,85196800.0,0.002464077202603221,2.215064764022827,0.3799999952316284,0.4099999964237213,0.20762161910533905,41.70000076293945
2600,85229568.0,0.0012397331884130836,2.0338804721832275,0.3999999761581421,0.3799999952316284,0.20752467215061188,41.599998474121094
2601,85262336.0,0.0014005244011059403,2.4900364875793457,0.47999998927116394,0.3999999761581421,0.2052660882472992,41.599998474121094
2602,85295104.0,0.0009149526013061404,2.422153949737549,0.38999998569488525,0.47999998927116394,0.17725524306297302,46.599998474121094
2603,85327872.0,0.001218430232256651,2.696665048599243,0.47999998927116394,0.38999998569488525,0.19995516538619995,43.79999923706055
2604,85360640.0,0.0016018846072256565,2.3236982822418213,0.5099999904632568,0.47999998927116394,0.18877500295639038,47.89999771118164
2605,85393408.0,0.0013178109657019377,2.5153849124908447,0.5,0.5099999904632568,0.18475189805030823,48.70000076293945
2606,85426176.0,0.0013290459755808115,2.4332191944122314,0.5699999928474426,0.5,0.21077708899974823,45.39999771118164
2607,85458944.0,0.0013895513257011771,2.4491634368896484,0.7299999594688416,0.5699999928474426,0.20088331401348114,43.39999771118164
2608,85491712.0,0.0021135536953806877,2.443805694580078,0.699999988079071,0.7299999594688416,0.20901644229888916,52.69999694824219
2609,85524480.0,0.0010852552950382233,2.205568552017212,0.7199999690055847,0.699999988079071,0.21117429435253143,47.79999923706055
2610,85557248.0,0.001621925039216876,2.5830469131469727,0.8499999642372131,0.7199999690055847,0.21776770055294037,55.79999923706055
2611,85590016.0,0.0013677295064553618,2.492302179336548,0.6399999856948853,0.8499999642372131,0.1873045712709427,56.79999923706055
2612,85622784.0,0.0012931607197970152,2.6053125858306885,0.6399999856948853,0.6399999856948853,0.18970565497875214,49.89999771118164
2613,85655552.0,0.0012137687299400568,2.3234777450561523,0.5799999833106995,0.6399999856948853,0.22162504494190216,47.70000076293945
2614,85688320.0,0.0011569240596145391,2.268155574798584,0.5299999713897705,0.5799999833106995,0.19439557194709778,49.20000076293945
2615,85721088.0,0.0009055449045263231,2.729628801345825,0.6699999570846558,0.5299999713897705,0.2003958821296692,46.599998474121094
2616,85753856.0,0.00121840531937778,2.2548933029174805,0.7099999785423279,0.6699999570846558,0.22292423248291016,46.5
2617,85786624.0,0.001280378201045096,2.232495069503784,0.5699999928474426,0.7099999785423279,0.20758801698684692,53.19999694824219
2618,85819392.0,0.0014270872343331575,2.649362087249756,0.41999998688697815,0.5699999928474426,0.2165573239326477,48.599998474121094
2619,85852160.0,0.001156046986579895,2.197357416152954,0.5699999928474426,0.41999998688697815,0.18872350454330444,47.599998474121094
2620,85884928.0,0.00158784503582865,2.4732723236083984,0.4599999785423279,0.5699999928474426,0.22731822729110718,52.19999694824219
2621,85917696.0,0.0012700697407126427,2.6697981357574463,0.5299999713897705,0.4599999785423279,0.1974080502986908,46.79999923706055
2622,85950464.0,0.000997824245132506,2.383413553237915,0.5600000023841858,0.5299999713897705,0.19594871997833252,41.5
2623,85983232.0,0.0007827536901459098,2.211460590362549,0.5999999642372131,0.5600000023841858,0.2025534212589264,39.5
2624,86016000.0,0.0011741496855393052,1.9351959228515625,0.85999995470047,0.5999999642372131,0.20521408319473267,44.0
2625,86048768.0,0.0015848674811422825,2.2618958950042725,0.9099999666213989,0.85999995470047,0.19739215075969696,43.20000076293945
2626,86081536.0,0.0016913905274122953,2.2082700729370117,0.8399999737739563,0.9099999666213989,0.2014886438846588,40.29999923706055
2627,86114304.0,0.0012187198735773563,2.2038168907165527,0.9199999570846558,0.8399999737739563,0.20050406455993652,35.70000076293945
2628,86147072.0,0.0010729758068919182,2.2334630489349365,0.699999988079071,0.9199999570846558,0.21023763716220856,35.89999771118164
2629,86179840.0,0.001792798051610589,2.8640670776367188,0.9199999570846558,0.699999988079071,0.22137323021888733,43.5
2630,86212608.0,0.0019865944050252438,2.1594536304473877,0.8199999928474426,0.9199999570846558,0.19044071435928345,40.79999923706055
2631,86245376.0,0.0019400689052417874,2.689279079437256,1.0799999237060547,0.8199999928474426,0.20181521773338318,33.20000076293945
2632,86278144.0,0.0011347963009029627,2.039137601852417,1.2899999618530273,1.0799999237060547,0.19950786232948303,43.599998474121094
2633,86310912.0,0.0013429757673293352,2.6135590076446533,1.0,1.2899999618530273,0.18907493352890015,39.79999923706055
2634,86343680.0,0.0014117821119725704,2.5210061073303223,1.0499999523162842,1.0,0.19665780663490295,29.399999618530273
2635,86376448.0,0.0015456648543477058,2.722195863723755,1.100000023841858,1.0499999523162842,0.18005973100662231,34.0
2636,86409216.0,0.001209684181958437,2.2000489234924316,1.0799999237060547,1.100000023841858,0.20881891250610352,31.5
2637,86441984.0,0.0016222475096583366,2.0506999492645264,1.1299999952316284,1.0799999237060547,0.21717539429664612,35.39999771118164
2638,86474752.0,0.001692604972049594,1.9949009418487549,1.0399999618530273,1.1299999952316284,0.2101684957742691,29.099998474121094
2639,86507520.0,0.0011209233198314905,2.3058886528015137,1.059999942779541,1.0399999618530273,0.17687389254570007,29.5
2640,86540288.0,0.001285074045881629,2.5115272998809814,0.8899999856948853,1.059999942779541,0.21247509121894836,29.5
2641,86573056.0,0.001137496903538704,2.3210432529449463,1.1100000143051147,0.8899999856948853,0.18706397712230682,28.0
2642,86605824.0,0.001777145778760314,2.6009981632232666,1.0499999523162842,1.1100000143051147,0.17941603064537048,24.299999237060547
2643,86638592.0,0.0013720248825848103,2.227062702178955,1.0699999332427979,1.0499999523162842,0.21521404385566711,24.19999885559082
2644,86671360.0,0.0014938670210540295,2.085031509399414,1.4399999380111694,1.0699999332427979,0.2108403444290161,24.299999237060547
2645,86704128.0,0.0011197675485163927,2.5754904747009277,1.2599999904632568,1.4399999380111694,0.18356895446777344,28.099998474121094
2646,86736896.0,0.0010106457630172372,2.180804491043091,1.25,1.2599999904632568,0.20492082834243774,28.299999237060547
2647,86769664.0,0.0013062752550467849,2.2305908203125,1.6799999475479126,1.25,0.17390674352645874,30.599998474121094
2648,86802432.0,0.0012825110461562872,2.593184232711792,1.8799999952316284,1.6799999475479126,0.22055529057979584,32.89999771118164
2649,86835200.0,0.001482168911024928,2.0641965866088867,1.6299999952316284,1.8799999952316284,0.20316198468208313,28.19999885559082
2650,86867968.0,0.001295850845053792,2.2766005992889404,1.5899999141693115,1.6299999952316284,0.21846066415309906,26.099998474121094
2651,86900736.0,0.0018354349303990602,2.6370937824249268,1.7400000095367432,1.5899999141693115,0.1873825639486313,27.19999885559082
2652,86933504.0,0.0012754832860082388,2.3278019428253174,1.75,1.7400000095367432,0.18703007698059082,33.39999771118164
2653,86966272.0,0.001091511221602559,2.6762874126434326,1.4199999570846558,1.75,0.21150293946266174,29.799999237060547
2654,86999040.0,0.0009981991024687886,2.547412872314453,1.409999966621399,1.4199999570846558,0.2117125689983368,27.299999237060547
2655,87031808.0,0.0011055036447942257,2.552828311920166,1.3199999332427979,1.409999966621399,0.17875587940216064,27.19999885559082
2656,87064576.0,0.0016324212774634361,1.9466948509216309,1.4499999284744263,1.3199999332427979,0.2081688642501831,34.599998474121094
2657,87097344.0,0.0014173062518239021,2.1366395950317383,1.3600000143051147,1.4499999284744263,0.1971472203731537,34.20000076293945
2658,87130112.0,0.0012527065118774772,1.7539242506027222,1.2899999618530273,1.3600000143051147,0.17780667543411255,30.19999885559082
2659,87162880.0,0.0018068617209792137,2.353363513946533,1.350000023841858,1.2899999618530273,0.19726967811584473,31.899999618530273
2660,87195648.0,0.0018075312254950404,2.186025381088257,1.5899999141693115,1.350000023841858,0.21628354489803314,36.099998474121094
2661,87228416.0,0.0014519653050228953,2.2304391860961914,1.4499999284744263,1.5899999141693115,0.18921297788619995,28.399999618530273
2662,87261184.0,0.0014610020443797112,2.066056251525879,1.1899999380111694,1.4499999284744263,0.20175835490226746,28.099998474121094
2663,87293952.0,0.001593563356436789,2.3472635746002197,1.3299999237060547,1.1899999380111694,0.20394834876060486,35.70000076293945
2664,87326720.0,0.0015066689811646938,2.404158115386963,1.6399999856948853,1.3299999237060547,0.1886518895626068,36.099998474121094
2665,87359488.0,0.001143583096563816,2.5929200649261475,1.7400000095367432,1.6399999856948853,0.191593199968338,37.20000076293945
2666,87392256.0,0.0018730279989540577,2.376673698425293,1.4399999380111694,1.7400000095367432,0.2043205052614212,39.29999923706055
2667,87425024.0,0.001097033265978098,2.0095317363739014,1.350000023841858,1.4399999380111694,0.21973104774951935,35.79999923706055
2668,87457792.0,0.0012050094082951546,2.56650710105896,1.4399999380111694,1.350000023841858,0.183900386095047,34.099998474121094
2669,87490560.0,0.0017534843645989895,1.9772435426712036,0.8899999856948853,1.4399999380111694,0.211386039853096,40.599998474121094
2670,87523328.0,0.002469213679432869,1.9711227416992188,1.0499999523162842,0.8899999856948853,0.20591259002685547,39.29999923706055
2671,87556096.0,0.001762994914315641,2.4114954471588135,1.2400000095367432,1.0499999523162842,0.19233018159866333,35.099998474121094
2672,87588864.0,0.0009038777789101005,1.851338505744934,1.2200000286102295,1.2400000095367432,0.19650089740753174,38.29999923706055
2673,87621632.0,0.0008118143305182457,2.3766565322875977,1.090000033378601,1.2200000286102295,0.1878574788570404,36.20000076293945
2674,87654400.0,0.0015636250609531999,2.294313907623291,1.0799999237060547,1.090000033378601,0.22732307016849518,41.5
2675,87687168.0,0.0016733253141865134,2.077610492706299,1.0399999618530273,1.0799999237060547,0.19940286874771118,36.20000076293945
2676,87719936.0,0.0014192728558555245,2.1596121788024902,1.4800000190734863,1.0399999618530273,0.19142737984657288,38.29999923706055
2677,87752704.0,0.0013913768343627453,2.4668588638305664,1.4399999380111694,1.4800000190734863,0.21138225495815277,34.79999923706055
2678,87785472.0,0.0010409129317849874,2.5093460083007812,1.459999918937683,1.4399999380111694,0.1984463930130005,33.79999923706055
2679,87818240.0,0.001993149286136031,2.297661304473877,1.0799999237060547,1.459999918937683,0.20645518600940704,40.0
2680,87851008.0,0.0014436293859034777,2.4868648052215576,1.059999942779541,1.0799999237060547,0.2004164159297943,38.29999923706055
2681,87883776.0,0.0014491798356175423,2.166170597076416,1.350000023841858,1.059999942779541,0.20743456482887268,38.39999771118164
2682,87916544.0,0.0018096968997269869,2.13846755027771,1.3799999952316284,1.350000023841858,0.20598125457763672,39.099998474121094
2683,87949312.0,0.0022407090291380882,2.176351547241211,1.6799999475479126,1.3799999952316284,0.21516701579093933,40.5
2684,87982080.0,0.001400453969836235,2.3014638423919678,1.3700000047683716,1.6799999475479126,0.17998266220092773,43.0
2685,88014848.0,0.0016630818136036396,2.7985239028930664,1.4499999284744263,1.3700000047683716,0.19747701287269592,37.39999771118164
2686,88047616.0,0.0018771294271573424,2.264575719833374,1.3600000143051147,1.4499999284744263,0.19228483736515045,34.89999771118164
2687,88080384.0,0.0018186377128586173,2.0938661098480225,1.4900000095367432,1.3600000143051147,0.21131789684295654,34.599998474121094
2688,88113152.0,0.0012214903254061937,2.060779571533203,1.46999990940094,1.4900000095367432,0.19383221864700317,34.599998474121094
2689,88145920.0,0.001237772055901587,2.0419416427612305,1.3799999952316284,1.46999990940094,0.19961221516132355,43.099998474121094
2690,88178688.0,0.002114019589498639,1.7753723859786987,1.649999976158142,1.3799999952316284,0.19925743341445923,40.39999771118164
2691,88211456.0,0.001368701457977295,2.144340753555298,1.6200000047683716,1.649999976158142,0.20355316996574402,39.39999771118164
2692,88244224.0,0.0011546325404196978,2.0541419982910156,1.3899999856948853,1.6200000047683716,0.1957065761089325,39.39999771118164
2693,88276992.0,0.0012780807446688414,2.2111475467681885,1.2400000095367432,1.3899999856948853,0.17479518055915833,33.39999771118164
2694,88309760.0,0.0010617836378514767,2.36189341545105,1.649999976158142,1.2400000095367432,0.17787426710128784,35.89999771118164
2695,88342528.0,0.0014035683125257492,2.113999128341675,1.5899999141693115,1.649999976158142,0.21462950110435486,38.79999923706055
2696,88375296.0,0.0015448140911757946,2.321938991546631,1.649999976158142,1.5899999141693115,0.19487662613391876,38.79999923706055
2697,88408064.0,0.001784315099939704,2.152939558029175,1.6100000143051147,1.649999976158142,0.2090258002281189,38.79999923706055
2698,88440832.0,0.001750286086462438,2.2775394916534424,1.6299999952316284,1.6100000143051147,0.21603713929653168,38.79999923706055
2699,88473600.0,0.0014752775896340609,2.3192646503448486,1.7899999618530273,1.6299999952316284,0.194137841463089,38.599998474121094
2700,88506368.0,0.0013160910457372665,2.259384870529175,1.649999976158142,1.7899999618530273,0.21247564256191254,40.39999771118164
2701,88539136.0,0.0015315478667616844,2.1988656520843506,1.5999999046325684,1.649999976158142,0.19515840709209442,40.20000076293945
2702,88571904.0,0.0015016035176813602,1.9975931644439697,1.899999976158142,1.5999999046325684,0.20061972737312317,42.099998474121094
2703,88604672.0,0.0018962232861667871,2.390042781829834,1.899999976158142,1.899999976158142,0.20344455540180206,39.20000076293945
2704,88637440.0,0.0009732052567414939,2.1523501873016357,1.6799999475479126,1.899999976158142,0.17680874466896057,42.099998474121094
2705,88670208.0,0.0021670949645340443,2.9612438678741455,1.209999918937683,1.6799999475479126,0.18837064504623413,39.599998474121094
2706,88702976.0,0.0009603191865608096,2.291759729385376,1.2699999809265137,1.209999918937683,0.18884238600730896,33.5
2707,88735744.0,0.0018229193519800901,2.2444519996643066,1.2799999713897705,1.2699999809265137,0.193506121635437,37.89999771118164
2708,88768512.0,0.0018147372175008059,2.4616119861602783,1.0499999523162842,1.2799999713897705,0.20867188274860382,41.89999771118164
2709,88801280.0,0.0014173832023516297,2.231813430786133,1.0199999809265137,1.0499999523162842,0.2198009341955185,47.099998474121094
2710,88834048.0,0.0008416215423494577,2.491417169570923,1.2799999713897705,1.0199999809265137,0.18204113841056824,47.39999771118164
2711,88866816.0,0.0012274053879082203,2.2748303413391113,1.0299999713897705,1.2799999713897705,0.19951225817203522,51.89999771118164
2712,88899584.0,0.0011583676096051931,2.6411731243133545,1.2400000095367432,1.0299999713897705,0.19190576672554016,57.89999771118164
2713,88932352.0,0.0017311994452029467,2.5158486366271973,1.6699999570846558,1.2400000095367432,0.1938718855381012,45.89999771118164
2714,88965120.0,0.0012220481876283884,2.69159197807312,1.459999918937683,1.6699999570846558,0.19654321670532227,53.19999694824219
2715,88997888.0,0.001096434541977942,2.1544175148010254,1.4900000095367432,1.459999918937683,0.19046351313591003,46.20000076293945
2716,89030656.0,0.0012399391271173954,2.717287302017212,1.5399999618530273,1.4900000095367432,0.19960814714431763,54.69999694824219
2717,89063424.0,0.0012837870744988322,1.9563082456588745,1.1799999475479126,1.5399999618530273,0.18412436544895172,56.79999923706055
2718,89096192.0,0.0019837035797536373,2.4766383171081543,1.1999999284744263,1.1799999475479126,0.21831679344177246,53.099998474121094
2719,89128960.0,0.0011077196104452014,2.4664528369903564,1.1100000143051147,1.1999999284744263,0.19560536742210388,46.5
2720,89161728.0,0.0013277481775730848,2.750091552734375,1.1899999380111694,1.1100000143051147,0.19320149719715118,43.599998474121094
2721,89194496.0,0.0008590699872002006,2.5534369945526123,1.409999966621399,1.1899999380111694,0.18812879920005798,47.29999923706055
2722,89227264.0,0.0009982180781662464,2.5794808864593506,1.809999942779541,1.409999966621399,0.18082383275032043,52.29999923706055
2723,89260032.0,0.0015378101961687207,2.5069339275360107,1.3799999952316284,1.809999942779541,0.21491721272468567,52.29999923706055
2724,89292800.0,0.0020218142308294773,2.5112459659576416,1.350000023841858,1.3799999952316284,0.18601557612419128,52.29999923706055
2725,89325568.0,0.0010430419351905584,2.591487407684326,1.5099999904632568,1.350000023841858,0.1823587566614151,52.29999923706055
2726,89358336.0,0.001273434143513441,2.270855665206909,1.559999942779541,1.5099999904632568,0.21707139909267426,52.79999923706055
2727,89391104.0,0.0011459460947662592,2.259826183319092,1.6799999475479126,1.559999942779541,0.1846056431531906,52.79999923706055
2728,89423872.0,0.0011618295684456825,2.5373096466064453,1.7400000095367432,1.6799999475479126,0.20522351562976837,47.0
2729,89456640.0,0.0009999186731874943,2.69651198387146,1.5899999141693115,1.7400000095367432,0.17496532201766968,49.099998474121094
2730,89489408.0,0.0009005282772704959,2.4350929260253906,1.6899999380111694,1.5899999141693115,0.20635521411895752,46.29999923706055
2731,89522176.0,0.001274751964956522,2.3926899433135986,1.4399999380111694,1.6899999380111694,0.18943369388580322,39.5
2732,89554944.0,0.001749441958963871,2.2869417667388916,1.4900000095367432,1.4399999380111694,0.19942447543144226,37.599998474121094
2733,89587712.0,0.0013756472617387772,2.7405407428741455,1.0699999332427979,1.4900000095367432,0.18995144963264465,37.39999771118164
2734,89620480.0,0.0015444777673110366,2.4034218788146973,1.0799999237060547,1.0699999332427979,0.19169379770755768,34.5
2735,89653248.0,0.001209597336128354,2.4039113521575928,1.0799999237060547,1.0799999237060547,0.1953907310962677,36.89999771118164
2736,89686016.0,0.0012654075399041176,2.429929494857788,0.7099999785423279,1.0799999237060547,0.18291226029396057,39.79999923706055
2737,89718784.0,0.0018104731570929289,2.4902946949005127,0.9899999499320984,0.7099999785423279,0.17622222006320953,40.599998474121094
2738,89751552.0,0.000863738008774817,2.6978421211242676,0.9199999570846558,0.9899999499320984,0.19892250001430511,36.20000076293945
2739,89784320.0,0.0010781129822134972,2.6542086601257324,0.9199999570846558,0.9199999570846558,0.1888001561164856,33.39999771118164
2740,89817088.0,0.002661363687366247,2.2298808097839355,0.8999999761581421,0.9199999570846558,0.18002256751060486,33.39999771118164
2741,89849856.0,0.0018727262504398823,2.4139089584350586,0.8899999856948853,0.8999999761581421,0.18196406960487366,33.099998474121094
2742,89882624.0,0.0010246123420074582,2.6731019020080566,0.9399999976158142,0.8899999856948853,0.17829686403274536,26.0
2743,89915392.0,0.001999062020331621,2.51265025138855,0.6899999976158142,0.9399999976158142,0.18995770812034607,31.599998474121094
2744,89948160.0,0.0014086865121498704,2.4854140281677246,1.0199999809265137,0.6899999976158142,0.21065586805343628,34.099998474121094
2745,89980928.0,0.0011749870609492064,3.0868961811065674,1.0099999904632568,1.0199999809265137,0.18092381954193115,39.599998474121094
2746,90013696.0,0.001334896543994546,2.6722819805145264,1.2799999713897705,1.0099999904632568,0.21472057700157166,37.099998474121094
2747,90046464.0,0.0015414224471896887,2.748204469680786,0.9699999690055847,1.2799999713897705,0.1999540477991104,34.099998474121094
2748,90079232.0,0.001285205828025937,1.9723066091537476,1.3399999141693115,0.9699999690055847,0.1812121719121933,36.5
2749,90112000.0,0.0017858556238934398,2.627525568008423,1.2400000095367432,1.3399999141693115,0.19197334349155426,36.0
2750,90144768.0,0.0021852890495210886,2.1577532291412354,1.2300000190734863,1.2400000095367432,0.20112508535385132,30.5
2751,90177536.0,0.001560933655127883,2.6125948429107666,1.2699999809265137,1.2300000190734863,0.1895509958267212,30.5
2752,90210304.0,0.0013436414301395416,2.722212314605713,1.2400000095367432,1.2699999809265137,0.20014123618602753,34.89999771118164
2753,90243072.0,0.0015343734994530678,2.778226613998413,0.9699999690055847,1.2400000095367432,0.1916790008544922,33.39999771118164
2754,90275840.0,0.001067971345037222,2.2914464473724365,1.6399999856948853,0.9699999690055847,0.17581932246685028,31.69999885559082
2755,90308608.0,0.0012459228746592999,2.7417662143707275,1.159999966621399,1.6399999856948853,0.16662734746932983,33.70000076293945
2756,90341376.0,0.0025867964141070843,2.3895857334136963,1.2599999904632568,1.159999966621399,0.1840839684009552,36.20000076293945
2757,90374144.0,0.0011801577638834715,2.6881582736968994,1.2699999809265137,1.2599999904632568,0.20269560813903809,33.599998474121094
2758,90406912.0,0.001620735740289092,2.4794270992279053,1.1699999570846558,1.2699999809265137,0.18990173935890198,30.299999237060547
2759,90439680.0,0.0014523484278470278,2.450889825820923,1.1799999475479126,1.1699999570846558,0.2086482048034668,25.299999237060547
2760,90472448.0,0.0016208000015467405,2.3236312866210938,1.059999942779541,1.1799999475479126,0.20332948863506317,26.0
2761,90505216.0,0.0008265089127235115,2.3942062854766846,0.8199999928474426,1.059999942779541,0.14986681938171387,24.0
2762,90537984.0,0.002436671871691942,2.8315303325653076,1.3799999952316284,0.8199999928474426,0.1943534016609192,23.19999885559082
2763,90570752.0,0.0011075262445956469,2.3913989067077637,1.350000023841858,1.3799999952316284,0.1873359978199005,20.0
2764,90603520.0,0.0022414373233914375,2.859504461288452,1.0399999618530273,1.350000023841858,0.20131629705429077,25.69999885559082
2765,90636288.0,0.0015434185042977333,2.790027618408203,1.5,1.0399999618530273,0.17551565170288086,16.5
2766,90669056.0,0.0016521060606464744,2.704322576522827,1.2300000190734863,1.5,0.1838361620903015,29.0
2767,90701824.0,0.0012295949272811413,2.575347900390625,0.8399999737739563,1.2300000190734863,0.1943703591823578,30.5
2768,90734592.0,0.0012988124508410692,2.487020969390869,0.949999988079071,0.8399999737739563,0.1860266476869583,25.0
2769,90767360.0,0.0015278023201972246,2.464909315109253,0.6100000143051147,0.949999988079071,0.20129740238189697,20.0
2770,90800128.0,0.001991616329178214,2.5230374336242676,1.4299999475479126,0.6100000143051147,0.20642797648906708,25.0
2771,90832896.0,0.0011051732581108809,2.882220983505249,1.3899999856948853,1.4299999475479126,0.1841191053390503,35.79999923706055
2772,90865664.0,0.001301832846365869,2.6027309894561768,1.4499999284744263,1.3899999856948853,0.1899271011352539,35.29999923706055
2773,90898432.0,0.001824170583859086,2.9418702125549316,0.9699999690055847,1.4499999284744263,0.2133471667766571,35.29999923706055
2774,90931200.0,0.0016204423736780882,2.4088385105133057,0.9199999570846558,0.9699999690055847,0.1908593326807022,32.599998474121094
2775,90963968.0,0.0010896956082433462,2.2311949729919434,0.6599999666213989,0.9199999570846558,0.20229995250701904,30.19999885559082
2776,90996736.0,0.001655681524425745,2.1545016765594482,0.6499999761581421,0.6599999666213989,0.19788900017738342,37.599998474121094
2777,91029504.0,0.0012720654485747218,2.7394676208496094,1.25,0.6499999761581421,0.17274248600006104,35.79999923706055
2778,91062272.0,0.001265179831534624,2.357332468032837,0.9399999976158142,1.25,0.18524789810180664,35.89999771118164
2779,91095040.0,0.001167002134025097,2.564305305480957,0.6399999856948853,0.9399999976158142,0.1916031837463379,35.39999771118164
2780,91127808.0,0.0013331405352801085,2.131732225418091,1.0099999904632568,0.6399999856948853,0.16417108476161957,34.79999923706055
2781,91160576.0,0.0011885284911841154,2.1691787242889404,0.949999988079071,1.0099999904632568,0.19186852872371674,34.29999923706055
2782,91193344.0,0.0015921135200187564,2.697596788406372,0.17000000178813934,0.949999988079071,0.2337936908006668,34.29999923706055
2783,91226112.0,0.001147676957771182,2.4881751537323,0.4099999964237213,0.17000000178813934,0.18913307785987854,26.799999237060547
2784,91258880.0,0.0012840076815336943,2.233919620513916,0.4399999976158142,0.4099999964237213,0.1815159171819687,26.899999618530273
2785,91291648.0,0.0012440243735909462,2.521536111831665,0.35999998450279236,0.4399999976158142,0.21017977595329285,31.099998474121094
2786,91324416.0,0.0013732543447986245,2.690570592880249,0.6699999570846558,0.35999998450279236,0.1903427541255951,22.600000381469727
2787,91357184.0,0.0016086697578430176,2.488420009613037,0.7400000095367432,0.6699999570846558,0.1797109842300415,31.0
2788,91389952.0,0.0013809087686240673,2.547785520553589,0.6800000071525574,0.7400000095367432,0.19731257855892181,32.0
2789,91422720.0,0.0008994186064228415,2.3838155269622803,0.35999998450279236,0.6800000071525574,0.1825639307498932,33.0
2790,91455488.0,0.001337618101388216,1.9073340892791748,-0.11999999731779099,0.35999998450279236,0.17059357464313507,38.39999771118164
2791,91488256.0,0.0012704081600531936,1.7469489574432373,-0.25999999046325684,-0.11999999731779099,0.19922077655792236,32.099998474121094
2792,91521024.0,0.0010390286333858967,2.2718734741210938,0.03999999910593033,-0.25999999046325684,0.17978699505329132,38.099998474121094
2793,91553792.0,0.0012678633211180568,2.1709911823272705,0.4899999797344208,0.03999999910593033,0.18713757395744324,41.29999923706055
2794,91586560.0,0.0016970080323517323,2.245476484298706,-0.3100000023841858,0.4899999797344208,0.1946244239807129,46.29999923706055
2795,91619328.0,0.0013054115697741508,2.312481164932251,0.14000000059604645,-0.3100000023841858,0.19547231495380402,48.29999923706055
2796,91652096.0,0.0011777154868468642,2.266939163208008,0.5299999713897705,0.14000000059604645,0.1894654929637909,50.29999923706055
2797,91684864.0,0.001691023469902575,2.0408945083618164,0.5600000023841858,0.5299999713897705,0.18290185928344727,50.39999771118164
2798,91717632.0,0.0015456769615411758,2.458613157272339,0.5099999904632568,0.5600000023841858,0.20308087766170502,49.20000076293945
2799,91750400.0,0.0010757383424788713,2.4873874187469482,0.4899999797344208,0.5099999904632568,0.1571824550628662,55.099998474121094
2800,91783168.0,0.0009653394808992743,2.0892210006713867,0.5199999809265137,0.4899999797344208,0.21967476606369019,55.099998474121094
2801,91815936.0,0.001820006757043302,1.90518057346344,0.5399999618530273,0.5199999809265137,0.21081304550170898,53.599998474121094
2802,91848704.0,0.0010590803576633334,2.3564326763153076,0.23999999463558197,0.5399999618530273,0.17274640500545502,53.39999771118164
2803,91881472.0,0.0011250099632889032,2.3362679481506348,0.10999999940395355,0.23999999463558197,0.18832191824913025,50.0
2804,91914240.0,0.0013523154193535447,2.2768876552581787,0.5,0.10999999940395355,0.1798778474330902,53.5
2805,91947008.0,0.0009670770959928632,2.089411735534668,0.3400000035762787,0.5,0.20026396214962006,47.5
2806,91979776.0,0.0012478964636102319,2.056675434112549,0.12999999523162842,0.3400000035762787,0.19912944734096527,47.5
2807,92012544.0,0.0008619055151939392,2.16719388961792,0.11999999731779099,0.12999999523162842,0.18302884697914124,49.0
2808,92045312.0,0.001630101352930069,1.9506112337112427,0.25999999046325684,0.11999999731779099,0.20250432193279266,46.29999923706055
2809,92078080.0,0.0015678404597565532,2.0891916751861572,0.20999999344348907,0.25999999046325684,0.20279426872730255,50.0
2810,92110848.0,0.0011806690599769354,2.6182641983032227,0.1899999976158142,0.20999999344348907,0.18353824317455292,50.70000076293945
2811,92143616.0,0.0013123552780598402,2.131816864013672,0.5999999642372131,0.1899999976158142,0.19330042600631714,50.70000076293945
2812,92176384.0,0.0011476203799247742,2.3109912872314453,0.6299999952316284,0.5999999642372131,0.19617979228496552,50.70000076293945
2813,92209152.0,0.0016478768084198236,2.3324365615844727,0.699999988079071,0.6299999952316284,0.1978493481874466,49.79999923706055
2814,92241920.0,0.0014756678137928247,2.459477186203003,0.7599999904632568,0.699999988079071,0.1902528703212738,51.69999694824219
2815,92274688.0,0.0016578345093876123,2.2566003799438477,0.7799999713897705,0.7599999904632568,0.18580910563468933,49.79999923706055
2816,92307456.0,0.0013494871091097593,2.3966917991638184,0.7799999713897705,0.7799999713897705,0.1831580102443695,55.79999923706055
2817,92340224.0,0.0009382243733853102,2.6546778678894043,0.7099999785423279,0.7799999713897705,0.186501607298851,53.5
2818,92372992.0,0.0017915465869009495,2.258577346801758,0.6599999666213989,0.7099999785423279,0.21295902132987976,54.599998474121094
2819,92405760.0,0.0011089234612882137,2.625598669052124,0.6899999976158142,0.6599999666213989,0.18467725813388824,55.599998474121094
2820,92438528.0,0.0014603647869080305,1.9488948583602905,0.5799999833106995,0.6899999976158142,0.1918657422065735,43.0
2821,92471296.0,0.0013083796948194504,2.092726469039917,0.7899999618530273,0.5799999833106995,0.194981187582016,47.599998474121094
2822,92504064.0,0.0016314438544213772,2.365323781967163,0.25,0.7899999618530273,0.18725937604904175,46.39999771118164
2823,92536832.0,0.0017891725292429328,2.178892135620117,0.7699999809265137,0.25,0.18907934427261353,45.099998474121094
2824,92569600.0,0.0010546144330874085,1.9401462078094482,0.85999995470047,0.7699999809265137,0.18570269644260406,37.89999771118164
2825,92602368.0,0.0011138711124658585,2.4375052452087402,0.7699999809265137,0.85999995470047,0.1987537443637848,42.89999771118164
2826,92635136.0,0.0022976542823016644,1.7873238325119019,0.7899999618530273,0.7699999809265137,0.21342164278030396,38.79999923706055
2827,92667904.0,0.0011618046555668116,2.196535587310791,0.5600000023841858,0.7899999618530273,0.17757749557495117,43.599998474121094
2828,92700672.0,0.0010275954846292734,1.894985556602478,0.7999999523162842,0.5600000023841858,0.1886174976825714,43.39999771118164
2829,92733440.0,0.0012250076979398727,2.010502815246582,0.7599999904632568,0.7999999523162842,0.18594099581241608,43.099998474121094
2830,92766208.0,0.0016518933698534966,2.438265085220337,0.7799999713897705,0.7599999904632568,0.19219395518302917,31.099998474121094
2831,92798976.0,0.0016155368648469448,2.565088987350464,0.7999999523162842,0.7799999713897705,0.18774259090423584,30.899999618530273
2832,92831744.0,0.001278946059755981,2.454134941101074,0.32999998331069946,0.7999999523162842,0.1922163963317871,31.299999237060547
2833,92864512.0,0.001656880835071206,2.1269679069519043,0.5999999642372131,0.32999998331069946,0.18274742364883423,25.799999237060547
2834,92897280.0,0.0009860864374786615,2.024044990539551,0.5999999642372131,0.5999999642372131,0.20053434371948242,26.0
2835,92930048.0,0.0013079436030238867,2.3694796562194824,0.9300000071525574,0.5999999642372131,0.18523433804512024,21.399999618530273
2836,92962816.0,0.0018607383826747537,2.2101638317108154,0.9899999499320984,0.9300000071525574,0.17278169095516205,30.899999618530273
2837,92995584.0,0.0019994587637484074,1.9653706550598145,0.7699999809265137,0.9899999499320984,0.20124474167823792,34.89999771118164
2838,93028352.0,0.0012433561496436596,1.664743185043335,1.0499999523162842,0.7699999809265137,0.21097800135612488,32.5
2839,93061120.0,0.0025907461531460285,2.50185489654541,1.0499999523162842,1.0499999523162842,0.178315669298172,35.79999923706055
2840,93093888.0,0.0016018043970689178,2.496452569961548,1.159999966621399,1.0499999523162842,0.2108098268508911,40.79999923706055
2841,93126656.0,0.001792023191228509,1.962356686592102,1.1399999856948853,1.159999966621399,0.19956016540527344,46.0
2842,93159424.0,0.0012457184493541718,2.1743547916412354,1.090000033378601,1.1399999856948853,0.193972647190094,44.79999923706055
2843,93192192.0,0.0015658290358260274,2.3795080184936523,1.0299999713897705,1.090000033378601,0.2014443278312683,43.89999771118164
2844,93224960.0,0.0012636901810765266,2.0469913482666016,1.0099999904632568,1.0299999713897705,0.17633172869682312,42.599998474121094
2845,93257728.0,0.0017828535055741668,2.0540246963500977,1.0499999523162842,1.0099999904632568,0.1926880180835724,46.39999771118164
2846,93290496.0,0.0010538793867453933,2.178802728652954,1.0399999618530273,1.0499999523162842,0.18087902665138245,46.39999771118164
2847,93323264.0,0.0014447005232796073,2.481233835220337,1.0,1.0399999618530273,0.2019527554512024,43.89999771118164
2848,93356032.0,0.0020900105591863394,1.7663776874542236,1.0399999618530273,1.0,0.16997209191322327,36.89999771118164
2849,93388800.0,0.0012271602172404528,2.262869119644165,1.0299999713897705,1.0399999618530273,0.19821865856647491,33.20000076293945
2850,93421568.0,0.0013631636975333095,2.3125269412994385,1.149999976158142,1.0299999713897705,0.17781859636306763,35.599998474121094
2851,93454336.0,0.001214248826727271,2.4170775413513184,1.1299999952316284,1.149999976158142,0.19243940711021423,36.89999771118164
2852,93487104.0,0.0013114330358803272,1.9328995943069458,1.0099999904632568,1.1299999952316284,0.2159571647644043,30.69999885559082
2853,93519872.0,0.0015580859035253525,2.2741520404815674,1.1799999475479126,1.0099999904632568,0.2191655933856964,42.599998474121094
2854,93552640.0,0.0012478827266022563,2.0670948028564453,1.090000033378601,1.1799999475479126,0.17983651161193848,43.5
2855,93585408.0,0.001534006791189313,2.5494987964630127,1.059999942779541,1.090000033378601,0.18480725586414337,42.599998474121094
2856,93618176.0,0.0014449232257902622,1.8170770406723022,0.9699999690055847,1.059999942779541,0.22173792123794556,38.099998474121094
2857,93650944.0,0.0014428526628762484,1.8742324113845825,1.0099999904632568,0.9699999690055847,0.20794010162353516,34.0
2858,93683712.0,0.0014968556351959705,2.4366283416748047,1.0499999523162842,1.0099999904632568,0.21134866774082184,34.0
2859,93716480.0,0.0012196963652968407,2.3526973724365234,0.8299999833106995,1.0499999523162842,0.2032182663679123,33.89999771118164
2860,93749248.0,0.0016095249447971582,2.364826202392578,1.100000023841858,0.8299999833106995,0.1699327826499939,33.89999771118164
2861,93782016.0,0.0017685757484287024,2.1839423179626465,1.2599999904632568,1.100000023841858,0.20988796651363373,41.5
2862,93814784.0,0.0019089201232418418,2.2112877368927,0.9300000071525574,1.2599999904632568,0.2132408320903778,46.099998474121094
2863,93847552.0,0.0016064015217125416,2.7849841117858887,0.9300000071525574,0.9300000071525574,0.1943468600511551,33.0
2864,93880320.0,0.0015346711734309793,2.2976064682006836,1.46999990940094,0.9300000071525574,0.18579137325286865,33.0
2865,93913088.0,0.001570743741467595,1.7056536674499512,0.550000011920929,1.46999990940094,0.1935289204120636,43.5
2866,93945856.0,0.0009884913451969624,1.9188002347946167,0.5899999737739563,0.550000011920929,0.18455088138580322,42.79999923706055
2867,93978624.0,0.0015196350868791342,2.6509246826171875,0.8700000047683716,0.5899999737739563,0.17800471186637878,42.5
2868,94011392.0,0.0009078977163881063,2.1985414028167725,0.8899999856948853,0.8700000047683716,0.1833738088607788,51.39999771118164
2869,94044160.0,0.001591741805896163,2.445547103881836,0.9699999690055847,0.8899999856948853,0.1702795773744583,46.79999923706055
2870,94076928.0,0.005342379212379456,2.1706151962280273,0.4099999964237213,0.9699999690055847,0.20435726642608643,48.79999923706055
2871,94109696.0,0.0014480376848950982,2.1650946140289307,0.7699999809265137,0.4099999964237213,0.18508824706077576,20.899999618530273
2872,94142464.0,0.0018098435830324888,2.1698172092437744,1.1100000143051147,0.7699999809265137,0.19672554731369019,23.799999237060547
2873,94175232.0,0.001438654842786491,2.2863941192626953,0.8100000023841858,1.1100000143051147,0.17839080095291138,10.59999942779541
2874,94208000.0,0.001200919272378087,1.8430333137512207,0.4599999785423279,0.8100000023841858,0.19440343976020813,10.800000190734863
2875,94240768.0,0.0011574879754334688,2.2244880199432373,0.7400000095367432,0.4599999785423279,0.17513278126716614,33.89999771118164
2876,94273536.0,0.0009694359032437205,2.3265554904937744,0.6499999761581421,0.7400000095367432,0.18504847586154938,38.79999923706055
2877,94306304.0,0.0011880004312843084,1.8808406591415405,0.949999988079071,0.6499999761581421,0.1822999119758606,36.599998474121094
2878,94339072.0,0.0011468909215182066,2.3310773372650146,0.6499999761581421,0.949999988079071,0.19290482997894287,38.89999771118164
2879,94371840.0,0.0013874978758394718,2.2239091396331787,0.6399999856948853,0.6499999761581421,0.19534152746200562,40.599998474121094
2880,94404608.0,0.0014100003754720092,2.8295326232910156,0.8700000047683716,0.6399999856948853,0.20120415091514587,34.599998474121094
2881,94437376.0,0.0014589775819331408,2.288893461227417,0.8799999952316284,0.8700000047683716,0.19561174511909485,37.099998474121094
2882,94470144.0,0.0018102462636306882,2.037554979324341,0.9599999785423279,0.8799999952316284,0.18135568499565125,34.099998474121094
2883,94502912.0,0.0017063557170331478,2.6234138011932373,0.949999988079071,0.9599999785423279,0.22122883796691895,38.099998474121094
2884,94535680.0,0.0014787872787564993,2.777255058288574,1.4299999475479126,0.949999988079071,0.19671010971069336,35.099998474121094
2885,94568448.0,0.001537384814582765,2.1652426719665527,1.0099999904632568,1.4299999475479126,0.21524575352668762,42.39999771118164
2886,94601216.0,0.0013293351512402296,2.312441825866699,1.0199999809265137,1.0099999904632568,0.19338244199752808,45.0
2887,94633984.0,0.0015206645475700498,2.518052816390991,1.090000033378601,1.0199999809265137,0.18960626423358917,41.5
2888,94666752.0,0.0016401843167841434,2.1796529293060303,1.0799999237060547,1.090000033378601,0.21053987741470337,38.599998474121094
2889,94699520.0,0.0015201629139482975,2.010169506072998,1.409999966621399,1.0799999237060547,0.1686830222606659,31.0
2890,94732288.0,0.0011740750633180141,2.346832275390625,1.1100000143051147,1.409999966621399,0.18993112444877625,32.70000076293945
2891,94765056.0,0.0013384008780121803,2.394340753555298,1.090000033378601,1.1100000143051147,0.18266555666923523,35.20000076293945
2892,94797824.0,0.0016167608555406332,2.464022636413574,1.100000023841858,1.090000033378601,0.16948020458221436,43.0
2893,94830592.0,0.0011563377920538187,2.8580329418182373,1.1100000143051147,1.100000023841858,0.16721361875534058,41.5
2894,94863360.0,0.0008315322920680046,2.9026098251342773,0.6100000143051147,1.1100000143051147,0.17038071155548096,43.5
2895,94896128.0,0.0009024777100421488,2.074171781539917,0.949999988079071,0.6100000143051147,0.1752580851316452,51.0
2896,94928896.0,0.0020255562849342823,2.330585241317749,1.0299999713897705,0.949999988079071,0.19066518545150757,48.79999923706055
2897,94961664.0,0.0010169208981096745,2.2753639221191406,1.0199999809265137,1.0299999713897705,0.18408876657485962,51.29999923706055
2898,94994432.0,0.001635527005419135,2.334444046020508,0.9899999499320984,1.0199999809265137,0.19834160804748535,51.69999694824219
2899,95027200.0,0.0013213204219937325,2.4778482913970947,0.9799999594688416,0.9899999499320984,0.18172848224639893,48.5
2900,95059968.0,0.001500409678556025,2.502741575241089,1.2899999618530273,0.9799999594688416,0.18831849098205566,49.0
2901,95092736.0,0.0013913910370320082,2.4851386547088623,1.5099999904632568,1.2899999618530273,0.18046873807907104,44.099998474121094
2902,95125504.0,0.0012518848525360227,2.4875471591949463,1.4800000190734863,1.5099999904632568,0.17408272624015808,39.599998474121094
2903,95158272.0,0.001291252439841628,2.4840781688690186,1.5799999237060547,1.4800000190734863,0.20186051726341248,35.70000076293945
2904,95191040.0,0.001131139462813735,2.470505714416504,1.5399999618530273,1.5799999237060547,0.2074938267469406,40.79999923706055
2905,95223808.0,0.001373860752210021,2.557762384414673,1.5699999332427979,1.5399999618530273,0.18145570158958435,40.79999923706055
2906,95256576.0,0.001968475989997387,2.2413723468780518,1.5199999809265137,1.5699999332427979,0.21434473991394043,40.0
2907,95289344.0,0.0017503550043329597,2.244520902633667,1.5099999904632568,1.5199999809265137,0.2031623274087906,38.0
2908,95322112.0,0.0012250874424353242,2.3572800159454346,1.1999999284744263,1.5099999904632568,0.19276857376098633,43.20000076293945
2909,95354880.0,0.0017610277282074094,2.1370689868927,1.2999999523162842,1.1999999284744263,0.20005309581756592,45.70000076293945
2910,95387648.0,0.00134374073240906,2.419893741607666,1.6299999952316284,1.2999999523162842,0.1752326935529709,45.70000076293945
2911,95420416.0,0.0023109111934900284,2.5132670402526855,1.5,1.6299999952316284,0.1916622668504715,45.70000076293945
2912,95453184.0,0.0020010308362543583,2.5478692054748535,1.6999999284744263,1.5,0.18908876180648804,35.39999771118164
2913,95485952.0,0.0013250092742964625,2.3004279136657715,1.4299999475479126,1.6999999284744263,0.21165840327739716,43.5
2914,95518720.0,0.0008835396729409695,2.31040620803833,1.2300000190734863,1.4299999475479126,0.18000125885009766,47.79999923706055
2915,95551488.0,0.0008648624061606824,2.3940842151641846,0.9399999976158142,1.2300000190734863,0.19011081755161285,37.099998474121094
2916,95584256.0,0.0009889377979561687,2.981539487838745,0.949999988079071,0.9399999976158142,0.18702805042266846,40.29999923706055
2917,95617024.0,0.0010827661026269197,2.3605101108551025,0.6100000143051147,0.949999988079071,0.20110511779785156,40.29999923706055
2918,95649792.0,0.0019497544271871448,2.4462697505950928,0.6100000143051147,0.6100000143051147,0.18523666262626648,38.79999923706055
2919,95682560.0,0.0015551806427538395,2.2283620834350586,0.9300000071525574,0.6100000143051147,0.1821185201406479,41.79999923706055
2920,95715328.0,0.0016388330841436982,2.4906134605407715,1.1100000143051147,0.9300000071525574,0.21778368949890137,42.79999923706055
2921,95748096.0,0.0015993842389434576,2.212919235229492,1.1100000143051147,1.1100000143051147,0.17612123489379883,42.79999923706055
2922,95780864.0,0.001979885157197714,2.562528371810913,0.8799999952316284,1.1100000143051147,0.19904443621635437,49.89999771118164
2923,95813632.0,0.0010633604833856225,2.788590431213379,1.0799999237060547,0.8799999952316284,0.19111567735671997,42.29999923706055
2924,95846400.0,0.001204026979394257,2.2688703536987305,0.8700000047683716,1.0799999237060547,0.18725836277008057,37.29999923706055
2925,95879168.0,0.0013697459362447262,2.0225610733032227,1.149999976158142,0.8700000047683716,0.1870950609445572,43.5
2926,95911936.0,0.001673659309744835,2.4396815299987793,1.1799999475479126,1.149999976158142,0.1964510679244995,38.79999923706055
2927,95944704.0,0.0015728152357041836,2.1362013816833496,1.350000023841858,1.1799999475479126,0.20736947655677795,38.5
2928,95977472.0,0.0012247981503605843,2.2291879653930664,1.2300000190734863,1.350000023841858,0.19927147030830383,34.0
2929,96010240.0,0.0016913533909246325,2.2931339740753174,1.350000023841858,1.2300000190734863,0.2055247724056244,27.399999618530273
2930,96043008.0,0.0007729476201348007,2.3345792293548584,1.3399999141693115,1.350000023841858,0.19298669695854187,32.79999923706055
2931,96075776.0,0.0014748411485925317,2.187372922897339,0.7799999713897705,1.3399999141693115,0.19057394564151764,33.29999923706055
2932,96108544.0,0.0017768731340765953,2.5682270526885986,0.7599999904632568,0.7799999713897705,0.18416745960712433,28.799999237060547
2933,96141312.0,0.0013003833591938019,2.217174530029297,0.7599999904632568,0.7599999904632568,0.21343371272087097,26.099998474121094
2934,96174080.0,0.0012292393948882818,2.2930586338043213,0.9699999690055847,0.7599999904632568,0.18627621233463287,26.099998474121094
2935,96206848.0,0.0014511020854115486,2.407651901245117,0.9799999594688416,0.9699999690055847,0.19048109650611877,26.099998474121094
2936,96239616.0,0.0016342916060239077,2.1681103706359863,1.0199999809265137,0.9799999594688416,0.18831047415733337,28.599998474121094
2937,96272384.0,0.001372194616124034,2.447075128555298,1.059999942779541,1.0199999809265137,0.18754702806472778,30.299999237060547
2938,96305152.0,0.0014517952222377062,2.570352792739868,1.2999999523162842,1.059999942779541,0.2296697199344635,27.599998474121094
2939,96337920.0,0.0014243803452700377,2.356022357940674,1.0199999809265137,1.2999999523162842,0.19205284118652344,32.79999923706055
2940,96370688.0,0.001174141769297421,2.522047281265259,1.3299999237060547,1.0199999809265137,0.19659341871738434,27.599998474121094
2941,96403456.0,0.0010708890622481704,2.4618752002716064,1.409999966621399,1.3299999237060547,0.1951587200164795,23.69999885559082
2942,96436224.0,0.0012617030879482627,2.5825023651123047,1.8199999332427979,1.409999966621399,0.18263569474220276,28.5
2943,96468992.0,0.0016836796421557665,2.1513595581054688,1.3799999952316284,1.8199999332427979,0.19887764751911163,17.399999618530273
2944,96501760.0,0.0016677842941135168,2.4007978439331055,1.159999966621399,1.3799999952316284,0.21733099222183228,25.799999237060547
2945,96534528.0,0.0013117098715156317,2.7793123722076416,1.159999966621399,1.159999966621399,0.18943257629871368,34.29999923706055
2946,96567296.0,0.0012716948986053467,2.349635124206543,0.9799999594688416,1.159999966621399,0.17163634300231934,30.69999885559082
2947,96600064.0,0.0009718377841636539,2.326876163482666,0.7400000095367432,0.9799999594688416,0.16454914212226868,30.69999885559082
2948,96632832.0,0.0013465388910844922,2.1763429641723633,0.5099999904632568,0.7400000095367432,0.1776253879070282,31.899999618530273
2949,96665600.0,0.0014061005786061287,2.6173689365386963,0.8399999737739563,0.5099999904632568,0.20015889406204224,31.899999618530273
2950,96698368.0,0.0010675856610760093,2.3134219646453857,0.6599999666213989,0.8399999737739563,0.18690194189548492,33.89999771118164
2951,96731136.0,0.0012342232512310147,2.6411919593811035,0.6699999570846558,0.6599999666213989,0.18880921602249146,33.89999771118164
2952,96763904.0,0.0018848958425223827,2.1658191680908203,0.6699999570846558,0.6699999570846558,0.21558678150177002,35.29999923706055
2953,96796672.0,0.0011641201563179493,2.794071674346924,0.6599999666213989,0.6699999570846558,0.18298757076263428,42.20000076293945
2954,96829440.0,0.0021940795704722404,2.695985794067383,0.6100000143051147,0.6599999666213989,0.19743354618549347,40.099998474121094
2955,96862208.0,0.0010189882013946772,2.463982105255127,0.5999999642372131,0.6100000143051147,0.15491589903831482,39.70000076293945
2956,96894976.0,0.0016899080947041512,2.3817293643951416,0.6899999976158142,0.5999999642372131,0.19116941094398499,33.0
2957,96927744.0,0.0019054536242038012,2.547083854675293,0.9599999785423279,0.6899999976158142,0.20499008893966675,28.799999237060547
2958,96960512.0,0.001060117152519524,2.466435432434082,0.9699999690055847,0.9599999785423279,0.15491896867752075,30.799999237060547
2959,96993280.0,0.0014986167661845684,2.5761523246765137,0.9099999666213989,0.9699999690055847,0.18944989144802094,27.099998474121094
2960,97026048.0,0.0017258226871490479,2.6252641677856445,0.9899999499320984,0.9099999666213989,0.20117095112800598,27.099998474121094
2961,97058816.0,0.0022752624936401844,2.890824556350708,0.9099999666213989,0.9899999499320984,0.18101097643375397,38.5
2962,97091584.0,0.001316593261435628,1.8873182535171509,0.8799999952316284,0.9099999666213989,0.2006501406431198,40.29999923706055
2963,97124352.0,0.0017887088470160961,2.6731908321380615,0.8999999761581421,0.8799999952316284,0.194428950548172,39.70000076293945
2964,97157120.0,0.001168985152617097,2.441258430480957,1.2599999904632568,0.8999999761581421,0.2114936113357544,44.70000076293945
2965,97189888.0,0.0016950606368482113,2.5725560188293457,1.2699999809265137,1.2599999904632568,0.18556779623031616,50.39999771118164
2966,97222656.0,0.0014008611906319857,2.457655191421509,1.3399999141693115,1.2699999809265137,0.1908533126115799,47.599998474121094
2967,97255424.0,0.001649320824071765,2.546424150466919,0.9300000071525574,1.3399999141693115,0.17608746886253357,48.599998474121094
2968,97288192.0,0.0017519472166895866,2.514633893966675,1.6200000047683716,0.9300000071525574,0.20160189270973206,41.39999771118164
2969,97320960.0,0.0019652321934700012,2.632559061050415,1.5999999046325684,1.6200000047683716,0.18950971961021423,37.39999771118164
2970,97353728.0,0.0016013765707612038,2.2824437618255615,1.3799999952316284,1.5999999046325684,0.19362914562225342,39.79999923706055
2971,97386496.0,0.0012080066371709108,2.3292932510375977,1.059999942779541,1.3799999952316284,0.17659905552864075,45.39999771118164
2972,97419264.0,0.0020803434308618307,1.98867928981781,0.8700000047683716,1.059999942779541,0.20945733785629272,34.89999771118164
2973,97452032.0,0.0011573554947972298,2.4433059692382812,1.1699999570846558,0.8700000047683716,0.16925746202468872,40.29999923706055
2974,97484800.0,0.0012784398859366775,2.786619186401367,1.159999966621399,1.1699999570846558,0.1765449494123459,35.89999771118164
2975,97517568.0,0.0013320216676220298,2.6574647426605225,1.159999966621399,1.159999966621399,0.18516623973846436,34.70000076293945
2976,97550336.0,0.0018101271707564592,2.664769172668457,0.8399999737739563,1.159999966621399,0.19529399275779724,40.79999923706055
2977,97583104.0,0.0009808893082663417,2.4990346431732178,1.4199999570846558,0.8399999737739563,0.15792816877365112,39.599998474121094
2978,97615872.0,0.0013062250800430775,2.7322309017181396,1.459999918937683,1.4199999570846558,0.19664490222930908,44.89999771118164
2979,97648640.0,0.0016416753642261028,2.558075189590454,1.4900000095367432,1.459999918937683,0.20699916779994965,48.39999771118164
2980,97681408.0,0.0016020664479583502,2.8202311992645264,1.409999966621399,1.4900000095367432,0.18636497855186462,47.29999923706055
2981,97714176.0,0.0015414603985846043,2.3633999824523926,1.409999966621399,1.409999966621399,0.1981283575296402,39.70000076293945
2982,97746944.0,0.0014685476198792458,2.7287802696228027,1.409999966621399,1.409999966621399,0.18121644854545593,40.70000076293945
2983,97779712.0,0.001484325504861772,2.6327667236328125,1.0699999332427979,1.409999966621399,0.19884364306926727,40.70000076293945
2984,97812480.0,0.0012108050286769867,2.788456916809082,2.0799999237060547,1.0699999332427979,0.17271041870117188,42.0
2985,97845248.0,0.002653522416949272,2.500659465789795,2.3399999141693115,2.0799999237060547,0.2212858945131302,40.70000076293945
2986,97878016.0,0.0008952397620305419,2.5168514251708984,2.1499998569488525,2.3399999141693115,0.18034635484218597,39.5
2987,97910784.0,0.0014115858357399702,2.4931695461273193,1.0099999904632568,2.1499998569488525,0.1952008157968521,42.70000076293945
2988,97943552.0,0.0015701879747211933,2.1695213317871094,1.75,1.0099999904632568,0.19340772926807404,45.20000076293945
2989,97976320.0,0.0019269280601292849,2.4565258026123047,1.5899999141693115,1.75,0.1908479481935501,37.0
2990,98009088.0,0.0017035927157849073,2.556436061859131,2.2300000190734863,1.5899999141693115,0.1994396448135376,33.5
2991,98041856.0,0.0018837029347196221,2.246936321258545,1.709999918937683,2.2300000190734863,0.18405845761299133,33.5
2992,98074624.0,0.0010367390932515264,2.7423598766326904,1.6399999856948853,1.709999918937683,0.1680094599723816,35.0
2993,98107392.0,0.0009047725470736623,3.041308879852295,2.4800000190734863,1.6399999856948853,0.1968342661857605,34.099998474121094
2994,98140160.0,0.0008481487166136503,2.3675715923309326,2.379999876022339,2.4800000190734863,0.18006229400634766,42.5
2995,98172928.0,0.0015158681198954582,2.9301249980926514,2.4099998474121094,2.379999876022339,0.19302743673324585,30.19999885559082
2996,98205696.0,0.0020444353576749563,2.536437511444092,1.4900000095367432,2.4099998474121094,0.20499548316001892,20.600000381469727
2997,98238464.0,0.001346769044175744,2.7263360023498535,1.559999942779541,1.4900000095367432,0.20987339317798615,21.899999618530273
2998,98271232.0,0.0019830907694995403,2.643373727798462,1.0,1.559999942779541,0.19184833765029907,19.299999237060547
2999,98304000.0,0.0013613973278552294,2.9108493328094482,0.3999999761581421,1.0,0.1559617668390274,30.899999618530273
3000,98336768.0,0.0016496633179485798,2.7565197944641113,0.9799999594688416,0.3999999761581421,0.1926511824131012,27.399999618530273
3001,98369536.0,0.0014117589453235269,2.454378128051758,0.9799999594688416,0.9799999594688416,0.20216912031173706,33.099998474121094
3002,98402304.0,0.0019327875925228,2.842859983444214,1.0099999904632568,0.9799999594688416,0.20627154409885406,31.899999618530273
3003,98435072.0,0.0017887656576931477,2.7837018966674805,1.0199999809265137,1.0099999904632568,0.19225481152534485,31.899999618530273
3004,98467840.0,0.0011069043539464474,2.2667417526245117,0.9099999666213989,1.0199999809265137,0.17321935296058655,33.79999923706055
3005,98500608.0,0.001629543723538518,2.061791181564331,0.8999999761581421,0.9099999666213989,0.18942302465438843,37.5
3006,98533376.0,0.0012227564584463835,2.7611217498779297,1.6399999856948853,0.8999999761581421,0.1884009689092636,43.0
3007,98566144.0,0.0009298051591031253,2.902942657470703,0.9099999666213989,1.6399999856948853,0.16344082355499268,34.89999771118164
3008,98598912.0,0.002176322042942047,2.326881170272827,0.949999988079071,0.9099999666213989,0.17177307605743408,31.899999618530273
3009,98631680.0,0.0011317277094349265,2.887462615966797,1.2599999904632568,0.949999988079071,0.1781095713376999,23.899999618530273
3010,98664448.0,0.0013910327106714249,2.520566701889038,1.46999990940094,1.2599999904632568,0.16237735748291016,33.79999923706055
3011,98697216.0,0.0016047219978645444,2.654186487197876,1.4299999475479126,1.46999990940094,0.17795342206954956,33.39999771118164
3012,98729984.0,0.0010700828861445189,2.583301067352295,1.8199999332427979,1.4299999475479126,0.19320622086524963,31.0
3013,98762752.0,0.0021196005400270224,2.5923471450805664,1.2799999713897705,1.8199999332427979,0.19186602532863617,28.899999618530273
3014,98795520.0,0.0014950039330869913,2.3544538021087646,0.9300000071525574,1.2799999713897705,0.16931775212287903,19.299999237060547
3015,98828288.0,0.001839720644056797,2.6995255947113037,1.1999999284744263,0.9300000071525574,0.1702834665775299,19.0
3016,98861056.0,0.0012428727932274342,2.4169931411743164,0.5999999642372131,1.1999999284744263,0.18467378616333008,17.5
3017,98893824.0,0.0015413642395287752,2.7045159339904785,0.7699999809265137,0.5999999642372131,0.17187745869159698,18.799999237060547
3018,98926592.0,0.001491921371780336,2.3594510555267334,0.8799999952316284,0.7699999809265137,0.1937798112630844,17.69999885559082
3019,98959360.0,0.001165567198768258,2.6266770362854004,0.8199999928474426,0.8799999952316284,0.20104509592056274,28.799999237060547
3020,98992128.0,0.0019549159333109856,2.119825839996338,1.0699999332427979,0.8199999928474426,0.19860345125198364,24.0
3021,99024896.0,0.002016867743805051,2.6303982734680176,1.5999999046325684,1.0699999332427979,0.19328626990318298,21.69999885559082
3022,99057664.0,0.0009354453068226576,2.0477490425109863,2.0299999713897705,1.5999999046325684,0.19702710211277008,19.5
3023,99090432.0,0.001652980106882751,2.702826976776123,1.0499999523162842,2.0299999713897705,0.16703340411186218,22.69999885559082
3024,99123200.0,0.001370958867482841,2.698451519012451,1.8399999141693115,1.0499999523162842,0.19769445061683655,20.299999237060547
3025,99155968.0,0.0009931414388120174,2.6791536808013916,1.46999990940094,1.8399999141693115,0.17554305493831635,30.299999237060547
3026,99188736.0,0.002038979670032859,2.498236894607544,1.5299999713897705,1.46999990940094,0.18094494938850403,27.299999237060547
3027,99221504.0,0.0011302910279482603,2.0991697311401367,1.5,1.5299999713897705,0.16875165700912476,19.0
3028,99254272.0,0.00115964375436306,2.9086215496063232,1.909999966621399,1.5,0.17456163465976715,9.199999809265137
3029,99287040.0,0.0010760626755654812,2.4138307571411133,2.1599998474121094,1.909999966621399,0.19207128882408142,20.0
3030,99319808.0,0.0015208488330245018,2.417041540145874,2.109999895095825,2.1599998474121094,0.1963757872581482,27.5
3031,99352576.0,0.0013906722888350487,2.3499715328216553,1.8799999952316284,2.109999895095825,0.21102374792099,27.5
3032,99385344.0,0.002257291693240404,2.615612268447876,1.459999918937683,1.8799999952316284,0.1869341880083084,25.299999237060547
3033,99418112.0,0.0017492850311100483,2.856332778930664,1.3299999237060547,1.459999918937683,0.166990265250206,15.5
3034,99450880.0,0.0013816080754622817,2.415653944015503,1.7899999618530273,1.3299999237060547,0.20447975397109985,18.5
3035,99483648.0,0.0014901235699653625,2.794238328933716,1.6799999475479126,1.7899999618530273,0.18953047692775726,7.399999618530273
3036,99516416.0,0.0015035211108624935,2.6417484283447266,1.8499999046325684,1.6799999475479126,0.16937831044197083,5.5
3037,99549184.0,0.001148496987298131,2.629425525665283,1.3299999237060547,1.8499999046325684,0.17191390693187714,4.5
3038,99581952.0,0.0014508927706629038,2.720541000366211,1.559999942779541,1.3299999237060547,0.17003974318504333,19.69999885559082
3039,99614720.0,0.0013891160488128662,2.4851255416870117,1.8899999856948853,1.559999942779541,0.18727123737335205,18.899999618530273
3040,99647488.0,0.0012016004184260964,2.2867138385772705,1.5199999809265137,1.8899999856948853,0.20981797575950623,18.100000381469727
3041,99680256.0,0.0031926908995956182,2.698967933654785,0.7999999523162842,1.5199999809265137,0.21080927550792694,23.600000381469727
3042,99713024.0,0.0016100086504593492,2.3297767639160156,0.8299999833106995,0.7999999523162842,0.1970318704843521,20.799999237060547
3043,99745792.0,0.0013612001203000546,2.753652811050415,0.9599999785423279,0.8299999833106995,0.18468818068504333,25.69999885559082
3044,99778560.0,0.0008258258458226919,2.532280206680298,1.059999942779541,0.9599999785423279,0.176921084523201,23.69999885559082
3045,99811328.0,0.0015880378196015954,2.610818386077881,1.0499999523162842,1.059999942779541,0.19643938541412354,29.0
3046,99844096.0,0.001521795755252242,2.815603733062744,1.2899999618530273,1.0499999523162842,0.1871393322944641,29.0
3047,99876864.0,0.0010204098653048277,1.605735182762146,1.2899999618530273,1.2899999618530273,0.1919819712638855,28.5
3048,99909632.0,0.0011681054020300508,2.2505812644958496,0.7899999618530273,1.2899999618530273,0.1772339642047882,34.70000076293945
3049,99942400.0,0.001615984132513404,2.8287577629089355,0.8799999952316284,0.7899999618530273,0.20142792165279388,32.5
3050,99975168.0,0.0015684841200709343,2.0726826190948486,1.059999942779541,0.8799999952316284,0.16206902265548706,35.70000076293945
3051,100007936.0,0.000999931013211608,2.750791549682617,1.1200000047683716,1.059999942779541,0.1642875373363495,28.0
3052,100040704.0,0.0012629705015569925,2.4168825149536133,1.100000023841858,1.1200000047683716,0.2068008929491043,35.0
3053,100073472.0,0.001398889347910881,2.7854325771331787,0.9599999785423279,1.100000023841858,0.16952338814735413,28.19999885559082
3054,100106240.0,0.001467056106775999,2.5973973274230957,0.8299999833106995,0.9599999785423279,0.18449966609477997,27.19999885559082
3055,100139008.0,0.0016711459029465914,2.8438124656677246,0.6899999976158142,0.8299999833106995,0.1865035593509674,27.19999885559082
3056,100171776.0,0.001295976690016687,2.616793155670166,1.2400000095367432,0.6899999976158142,0.18860715627670288,29.69999885559082
3057,100204544.0,0.001056794309988618,2.328217029571533,0.8199999928474426,1.2400000095367432,0.1877761334180832,14.899999618530273
3058,100237312.0,0.0014326294185593724,2.7704081535339355,0.9099999666213989,0.8199999928474426,0.19220584630966187,36.70000076293945
3059,100270080.0,0.0011186967603862286,2.6655173301696777,1.2699999809265137,0.9099999666213989,0.17228007316589355,31.69999885559082
3060,100302848.0,0.0011296510929241776,2.7372851371765137,1.3700000047683716,1.2699999809265137,0.1743873655796051,16.100000381469727
3061,100335616.0,0.0011897512013092637,2.9301373958587646,1.209999918937683,1.3700000047683716,0.19429686665534973,26.099998474121094
3062,100368384.0,0.0012895630206912756,2.3396098613739014,1.159999966621399,1.209999918937683,0.17834198474884033,30.599998474121094
3063,100401152.0,0.0012770291650667787,2.443862199783325,1.0,1.159999966621399,0.1927148550748825,25.599998474121094
3064,100433920.0,0.0013981933007016778,2.232163429260254,1.2799999713897705,1.0,0.22077062726020813,24.600000381469727
3065,100466688.0,0.001527230255305767,2.616323947906494,1.1999999284744263,1.2799999713897705,0.18280324339866638,28.899999618530273
3066,100499456.0,0.0017440645024180412,2.7079384326934814,0.7099999785423279,1.1999999284744263,0.20465949177742004,24.600000381469727
3067,100532224.0,0.0015141777694225311,2.374093532562256,1.2200000286102295,0.7099999785423279,0.18315085768699646,28.599998474121094
3068,100564992.0,0.0012970699463039637,2.8379313945770264,0.5099999904632568,1.2200000286102295,0.18404150009155273,28.599998474121094
3069,100597760.0,0.0012548589147627354,2.5757017135620117,0.8999999761581421,0.5099999904632568,0.15630149841308594,33.29999923706055
3070,100630528.0,0.0010276329703629017,2.6450140476226807,0.6299999952316284,0.8999999761581421,0.17178669571876526,23.5
3071,100663296.0,0.001248715678229928,2.6044352054595947,1.149999976158142,0.6299999952316284,0.1779775321483612,20.600000381469727
3072,100696064.0,0.001350554870441556,2.8715319633483887,0.7899999618530273,1.149999976158142,0.17402443289756775,21.100000381469727
3073,100728832.0,0.0013827519724145532,3.0578205585479736,0.8399999737739563,0.7899999618530273,0.19106316566467285,30.299999237060547
3074,100761600.0,0.0016830101376399398,2.654183864593506,1.2699999809265137,0.8399999737739563,0.20083744823932648,29.899999618530273
3075,100794368.0,0.001208511646836996,2.643623113632202,1.2699999809265137,1.2699999809265137,0.18037864565849304,21.600000381469727
3076,100827136.0,0.0015120359603315592,2.716456413269043,1.2599999904632568,1.2699999809265137,0.19619429111480713,16.600000381469727
3077,100859904.0,0.0009483897010795772,2.5131375789642334,1.2400000095367432,1.2599999904632568,0.16349345445632935,16.600000381469727
3078,100892672.0,0.0013057616306468844,2.3767271041870117,1.2400000095367432,1.2400000095367432,0.1835787296295166,15.799999237060547
3079,100925440.0,0.001013418659567833,2.485445499420166,1.7799999713897705,1.2400000095367432,0.17057392001152039,17.299999237060547
3080,100958208.0,0.001383342663757503,2.177248477935791,1.4199999570846558,1.7799999713897705,0.18685996532440186,20.69999885559082
3081,100990976.0,0.0008196136332117021,2.6430373191833496,1.2400000095367432,1.4199999570846558,0.1903996616601944,31.5
3082,101023744.0,0.0021390903275460005,3.1286299228668213,1.1899999380111694,1.2400000095367432,0.17403355240821838,20.600000381469727
3083,101056512.0,0.0012523209443315864,2.676363945007324,0.7899999618530273,1.1899999380111694,0.19655919075012207,15.59999942779541
3084,101089280.0,0.001960206776857376,2.6327338218688965,0.8700000047683716,0.7899999618530273,0.19293749332427979,37.0
3085,101122048.0,0.0014401898952201009,2.3709287643432617,1.1799999475479126,0.8700000047683716,0.1996280550956726,30.5
3086,101154816.0,0.00134267657995224,3.248154878616333,1.209999918937683,1.1799999475479126,0.1761331558227539,38.099998474121094
3087,101187584.0,0.0010586630087345839,2.8513097763061523,1.0399999618530273,1.209999918937683,0.17404384911060333,32.0
3088,101220352.0,0.0012215024325996637,2.750596284866333,1.3299999237060547,1.0399999618530273,0.18557676672935486,45.599998474121094
3089,101253120.0,0.002163028810173273,2.2811264991760254,0.6899999976158142,1.3299999237060547,0.17667466402053833,12.5
3090,101285888.0,0.001085795694962144,2.8606998920440674,0.9599999785423279,0.6899999976158142,0.17132288217544556,35.70000076293945
3091,101318656.0,0.0010893507860600948,2.877654552459717,0.949999988079071,0.9599999785423279,0.19184118509292603,47.0
3092,101351424.0,0.002162771299481392,2.925433397293091,0.7999999523162842,0.949999988079071,0.2042686641216278,46.5
3093,101384192.0,0.0012820903211832047,2.522780179977417,0.6100000143051147,0.7999999523162842,0.1817830502986908,39.79999923706055
3094,101416960.0,0.0011204148177057505,2.5042736530303955,1.2799999713897705,0.6100000143051147,0.1927139163017273,40.29999923706055
3095,101449728.0,0.0012001940049231052,2.814027786254883,1.46999990940094,1.2799999713897705,0.16905412077903748,41.29999923706055
3096,101482496.0,0.0016770459478721023,2.7753312587738037,1.6299999952316284,1.46999990940094,0.19643908739089966,39.5
3097,101515264.0,0.00115325883962214,2.8150930404663086,1.3799999952316284,1.6299999952316284,0.20102521777153015,27.5
3098,101548032.0,0.001511294161900878,2.6883509159088135,1.0199999809265137,1.3799999952316284,0.19619587063789368,27.69999885559082
3099,101580800.0,0.0021372633054852486,3.120255470275879,1.409999966621399,1.0199999809265137,0.1977005898952484,25.69999885559082
3100,101613568.0,0.0018767325673252344,2.4646825790405273,1.090000033378601,1.409999966621399,0.20073509216308594,32.599998474121094
3101,101646336.0,0.0013892697170376778,2.8502933979034424,1.6299999952316284,1.090000033378601,0.18895220756530762,33.099998474121094
3102,101679104.0,0.0017047112341970205,2.8154594898223877,1.649999976158142,1.6299999952316284,0.18232408165931702,36.099998474121094
3103,101711872.0,0.0015892620431259274,2.398571014404297,1.7999999523162842,1.649999976158142,0.20246602594852448,39.599998474121094
3104,101744640.0,0.0013149235164746642,2.688267707824707,2.3499999046325684,1.7999999523162842,0.17359736561775208,40.39999771118164
3105,101777408.0,0.0013213857309892774,2.4773058891296387,1.9199999570846558,2.3499999046325684,0.18340927362442017,39.5
3106,101810176.0,0.0013350362423807383,2.740985870361328,2.049999952316284,1.9199999570846558,0.16036483645439148,43.89999771118164
3107,101842944.0,0.0015273672761395574,2.433749198913574,1.4900000095367432,2.049999952316284,0.20368844270706177,43.89999771118164
3108,101875712.0,0.0011439628433436155,2.7307381629943848,1.6699999570846558,1.4900000095367432,0.17695103585720062,46.79999923706055
3109,101908480.0,0.0014317308086901903,2.4233291149139404,1.6899999380111694,1.6699999570846558,0.1765490025281906,35.099998474121094
3110,101941248.0,0.0019406212959438562,2.518220901489258,1.959999918937683,1.6899999380111694,0.172372967004776,36.89999771118164
3111,101974016.0,0.0011742173228412867,2.568852186203003,1.1100000143051147,1.959999918937683,0.18411652743816376,35.70000076293945
3112,102006784.0,0.0010452431160956621,2.6996235847473145,1.6999999284744263,1.1100000143051147,0.18740850687026978,39.0
3113,102039552.0,0.0012147402158007026,2.306931257247925,1.6799999475479126,1.6999999284744263,0.17768536508083344,37.89999771118164
3114,102072320.0,0.0013927565887570381,2.4691479206085205,1.3399999141693115,1.6799999475479126,0.19553133845329285,35.79999923706055
3115,102105088.0,0.0020745452493429184,2.4497013092041016,1.3700000047683716,1.3399999141693115,0.2048550844192505,39.79999923706055
3116,102137856.0,0.0009751369943842292,2.916627883911133,1.5299999713897705,1.3700000047683716,0.17280368506908417,29.799999237060547
3117,102170624.0,0.0014044024283066392,2.655097723007202,1.459999918937683,1.5299999713897705,0.22770941257476807,27.099998474121094
3118,102203392.0,0.0012514942791312933,2.8202309608459473,0.7999999523162842,1.459999918937683,0.18553148210048676,24.600000381469727
3119,102236160.0,0.0012854118831455708,2.8727564811706543,0.9799999594688416,0.7999999523162842,0.17854419350624084,41.89999771118164
3120,102268928.0,0.001490960014052689,2.707590341567993,1.6200000047683716,0.9799999594688416,0.20587199926376343,46.70000076293945
3121,102301696.0,0.0018210056005045772,2.3746190071105957,1.2999999523162842,1.6200000047683716,0.1855214238166809,49.29999923706055
3122,102334464.0,0.0018606523517519236,2.6965081691741943,1.5699999332427979,1.2999999523162842,0.1937311887741089,39.39999771118164
3123,102367232.0,0.0009014460374601185,2.51552152633667,1.5199999809265137,1.5699999332427979,0.18556980788707733,57.69999694824219
3124,102400000.0,0.0011210688389837742,2.4433462619781494,1.809999942779541,1.5199999809265137,0.1649133861064911,36.39999771118164
3125,102432768.0,0.0018335194326937199,2.8218555450439453,1.559999942779541,1.809999942779541,0.1842859983444214,52.0
3126,102465536.0,0.0020965305157005787,2.9251935482025146,0.6499999761581421,1.559999942779541,0.19570980966091156,55.19999694824219
3127,102498304.0,0.0015147603116929531,2.6951794624328613,1.1999999284744263,0.6499999761581421,0.1967240273952484,44.599998474121094
3128,102531072.0,0.0013416901929304004,2.9080677032470703,1.1699999570846558,1.1999999284744263,0.1872023642063141,43.099998474121094
3129,102563840.0,0.0016138763166964054,2.348876714706421,1.1899999380111694,1.1699999570846558,0.1900087296962738,43.70000076293945
3130,102596608.0,0.0011688140220940113,2.4341647624969482,1.1399999856948853,1.1899999380111694,0.16637572646141052,36.39999771118164
3131,102629376.0,0.0013493599835783243,2.453371524810791,1.159999966621399,1.1399999856948853,0.18560777604579926,38.89999771118164
3132,102662144.0,0.0012765012215822935,2.227978467941284,1.100000023841858,1.159999966621399,0.1568000614643097,39.70000076293945
3133,102694912.0,0.0019188439473509789,2.504493236541748,1.059999942779541,1.100000023841858,0.20909513533115387,41.29999923706055
3134,102727680.0,0.0014847633428871632,2.6576268672943115,1.350000023841858,1.059999942779541,0.17731094360351562,42.29999923706055
3135,102760448.0,0.0019314780365675688,2.578850269317627,1.409999966621399,1.350000023841858,0.20322877168655396,42.29999923706055
3136,102793216.0,0.001277906121686101,2.2577738761901855,1.3899999856948853,1.409999966621399,0.1808752417564392,45.0
3137,102825984.0,0.0014445731649175286,2.5622398853302,1.100000023841858,1.3899999856948853,0.1999172568321228,36.0
3138,102858752.0,0.001425466500222683,2.5647430419921875,1.5399999618530273,1.100000023841858,0.18749317526817322,38.5
3139,102891520.0,0.001405337592586875,2.3397762775421143,1.3799999952316284,1.5399999618530273,0.1945582628250122,49.0
3140,102924288.0,0.0014407698763534427,2.7563459873199463,1.5099999904632568,1.3799999952316284,0.19531488418579102,52.0
3141,102957056.0,0.0009437635308131576,2.643399953842163,1.2799999713897705,1.5099999904632568,0.18146102130413055,51.0
3142,102989824.0,0.0014831857988610864,2.5851054191589355,1.5999999046325684,1.2799999713897705,0.18550315499305725,47.89999771118164
3143,103022592.0,0.001391028519719839,2.189293384552002,1.5699999332427979,1.5999999046325684,0.18939685821533203,46.0
3144,103055360.0,0.001645512180402875,2.5647382736206055,1.159999966621399,1.5699999332427979,0.18711696565151215,45.5
3145,103088128.0,0.0016707645263522863,2.464238166809082,1.649999976158142,1.159999966621399,0.21096813678741455,42.0
3146,103120896.0,0.002058258280158043,2.772152900695801,1.159999966621399,1.649999976158142,0.1769111305475235,48.39999771118164
3147,103153664.0,0.0018372153863310814,2.4221997261047363,0.47999998927116394,1.159999966621399,0.18175791203975677,52.099998474121094
3148,103186432.0,0.0013508560368791223,2.362635850906372,0.47999998927116394,0.47999998927116394,0.1920548975467682,49.099998474121094
3149,103219200.0,0.0020137233659625053,2.879411220550537,0.019999999552965164,0.47999998927116394,0.19308041036128998,50.099998474121094
3150,103251968.0,0.001888421131297946,3.051103353500366,0.8700000047683716,0.019999999552965164,0.18903902173042297,50.0
3151,103284736.0,0.0010752197122201324,2.7050678730010986,0.429999977350235,0.8700000047683716,0.1659543514251709,49.29999923706055
3152,103317504.0,0.0009737984510138631,2.721102237701416,0.85999995470047,0.429999977350235,0.19672079384326935,45.79999923706055
3153,103350272.0,0.001947181997820735,2.7926580905914307,0.7199999690055847,0.85999995470047,0.18813100457191467,46.5
3154,103383040.0,0.0011392615269869566,2.3132760524749756,1.2200000286102295,0.7199999690055847,0.16714772582054138,49.20000076293945
3155,103415808.0,0.0014348635450005531,2.923896312713623,1.1999999284744263,1.2200000286102295,0.18864384293556213,33.70000076293945
3156,103448576.0,0.0011298635508865118,2.5629048347473145,1.2200000286102295,1.1999999284744263,0.17985889315605164,35.5
3157,103481344.0,0.0016544058453291655,2.8368375301361084,1.0199999809265137,1.2200000286102295,0.1710064560174942,33.599998474121094
3158,103514112.0,0.0009307555155828595,3.0068323612213135,1.1899999380111694,1.0199999809265137,0.17927157878875732,34.099998474121094
3159,103546880.0,0.0023468853905797005,2.723142385482788,1.0,1.1899999380111694,0.18110039830207825,26.69999885559082
3160,103579648.0,0.0013712901854887605,2.182035207748413,1.25,1.0,0.20389655232429504,18.0
3161,103612416.0,0.002043504500761628,2.683799982070923,0.8899999856948853,1.25,0.19542905688285828,39.89999771118164
3162,103645184.0,0.0010780972661450505,2.538810968399048,0.9099999666213989,0.8899999856948853,0.17590422928333282,39.79999923706055
3163,103677952.0,0.0020037898793816566,2.3823466300964355,1.3700000047683716,0.9099999666213989,0.18132704496383667,42.099998474121094
3164,103710720.0,0.0020295334979891777,2.2117762565612793,1.0299999713897705,1.3700000047683716,0.195448100566864,48.39999771118164
3165,103743488.0,0.0014878520742058754,2.4243266582489014,1.3600000143051147,1.0299999713897705,0.21909192204475403,45.29999923706055
3166,103776256.0,0.0013068397529423237,2.6077282428741455,1.3299999237060547,1.3600000143051147,0.18509414792060852,46.5
3167,103809024.0,0.0011432650499045849,2.6287763118743896,1.2200000286102295,1.3299999237060547,0.1948562115430832,41.79999923706055
3168,103841792.0,0.0010712876683101058,2.756621837615967,0.4899999797344208,1.2200000286102295,0.16650596261024475,33.39999771118164
3169,103874560.0,0.001353302039206028,2.9421002864837646,0.6200000047683716,0.4899999797344208,0.18195968866348267,35.20000076293945
3170,103907328.0,0.0015113604022189975,2.3869001865386963,1.3700000047683716,0.6200000047683716,0.1761566400527954,30.5
3171,103940096.0,0.0019178593065589666,2.2374305725097656,1.7699999809265137,1.3700000047683716,0.17814621329307556,38.0
3172,103972864.0,0.001602803822606802,2.359410285949707,1.7599999904632568,1.7699999809265137,0.17558553814888,56.099998474121094
3173,104005632.0,0.0019797487184405327,2.4523136615753174,1.8799999952316284,1.7599999904632568,0.18594837188720703,48.70000076293945
3174,104038400.0,0.0008873462211340666,2.6047043800354004,1.7300000190734863,1.8799999952316284,0.16415923833847046,40.099998474121094
3175,104071168.0,0.0016430364921689034,2.8874056339263916,1.7699999809265137,1.7300000190734863,0.17850348353385925,43.0
3176,104103936.0,0.003220153274014592,2.3970630168914795,1.809999942779541,1.7699999809265137,0.16700860857963562,39.70000076293945
3177,104136704.0,0.0010001937625929713,2.9069769382476807,1.8299999237060547,1.809999942779541,0.17448274791240692,40.29999923706055
3178,104169472.0,0.0016372608952224255,2.346778154373169,1.71999990940094,1.8299999237060547,0.192592591047287,39.79999923706055
3179,104202240.0,0.0012914692051708698,2.9304440021514893,1.7300000190734863,1.71999990940094,0.15686611831188202,36.29999923706055
3180,104235008.0,0.0017138989642262459,2.594871759414673,1.3600000143051147,1.7300000190734863,0.19297653436660767,41.29999923706055
3181,104267776.0,0.0010707336477935314,3.0322694778442383,1.3700000047683716,1.3600000143051147,0.17858700454235077,43.599998474121094
3182,104300544.0,0.002020879415795207,2.613419532775879,1.0299999713897705,1.3700000047683716,0.1816137433052063,48.599998474121094
3183,104333312.0,0.0014218090800568461,2.865436553955078,1.0499999523162842,1.0299999713897705,0.1698927879333496,42.29999923706055
3184,104366080.0,0.0012266889680176973,2.7272069454193115,1.6699999570846558,1.0499999523162842,0.17408479750156403,48.0
3185,104398848.0,0.0013880276819691062,3.0071334838867188,1.1200000047683716,1.6699999570846558,0.18727028369903564,50.5
3186,104431616.0,0.0015906584449112415,2.4829301834106445,1.459999918937683,1.1200000047683716,0.1870824694633484,60.19999694824219
3187,104464384.0,0.0010180086828768253,2.852478265762329,1.7400000095367432,1.459999918937683,0.1713234931230545,47.39999771118164
3188,104497152.0,0.0017089040484279394,2.8890228271484375,1.7799999713897705,1.7400000095367432,0.21276766061782837,46.29999923706055
3189,104529920.0,0.0012780525721609592,2.3578901290893555,1.409999966621399,1.7799999713897705,0.18504628539085388,47.29999923706055
3190,104562688.0,0.004779951646924019,2.6155972480773926,1.7799999713897705,1.409999966621399,0.17372190952301025,55.599998474121094
3191,104595456.0,0.0011405304539948702,2.7201504707336426,1.6200000047683716,1.7799999713897705,0.17368683218955994,44.79999923706055
3192,104628224.0,0.002056638477370143,2.438621997833252,1.6299999952316284,1.6200000047683716,0.18148720264434814,44.29999923706055
3193,104660992.0,0.0015310142189264297,2.5033042430877686,1.5799999237060547,1.6299999952316284,0.18126381933689117,42.599998474121094
3194,104693760.0,0.0015014588134363294,2.727428674697876,1.7400000095367432,1.5799999237060547,0.20078420639038086,38.099998474121094
3195,104726528.0,0.0016323497984558344,2.4572272300720215,1.7400000095367432,1.7400000095367432,0.17894214391708374,40.89999771118164
3196,104759296.0,0.0018577133305370808,2.7519567012786865,1.899999976158142,1.7400000095367432,0.17900380492210388,42.89999771118164
3197,104792064.0,0.0017832580488175154,2.5818355083465576,1.959999918937683,1.899999976158142,0.20774142444133759,44.39999771118164
3198,104824832.0,0.0015845414018258452,2.7720017433166504,2.1499998569488525,1.959999918937683,0.1820032000541687,42.39999771118164
3199,104857600.0,0.0013254688819870353,2.4633519649505615,1.459999918937683,2.1499998569488525,0.16433459520339966,37.70000076293945
3200,104890368.0,0.0017086080042645335,2.8609306812286377,1.5699999332427979,1.459999918937683,0.1984614133834839,37.70000076293945
3201,104923136.0,0.0013492414727807045,2.8780412673950195,1.1200000047683716,1.5699999332427979,0.17990067601203918,45.599998474121094
3202,104955904.0,0.0018220372730866075,2.5845508575439453,1.5699999332427979,1.1200000047683716,0.1781061887741089,36.099998474121094
3203,104988672.0,0.0013465649681165814,2.271289110183716,1.2699999809265137,1.5699999332427979,0.16616378724575043,45.20000076293945
3204,105021440.0,0.001474380842410028,2.3795418739318848,1.2400000095367432,1.2699999809265137,0.17149187624454498,45.29999923706055
3205,105054208.0,0.0011656252900138497,2.799346923828125,1.2300000190734863,1.2400000095367432,0.17116183042526245,36.5
3206,105086976.0,0.0016264815349131823,2.577181577682495,1.2200000286102295,1.2300000190734863,0.14874160289764404,34.89999771118164
3207,105119744.0,0.002321011619642377,2.6071972846984863,0.7400000095367432,1.2200000286102295,0.17642396688461304,39.89999771118164
3208,105152512.0,0.001416160142980516,2.6034929752349854,1.4499999284744263,0.7400000095367432,0.1956804394721985,37.79999923706055
3209,105185280.0,0.002367778215557337,2.5325796604156494,1.3199999332427979,1.4499999284744263,0.17909564077854156,36.29999923706055
3210,105218048.0,0.0015283121028915048,2.6231188774108887,0.5099999904632568,1.3199999332427979,0.16241243481636047,35.599998474121094
3211,105250816.0,0.001356128603219986,2.530761957168579,0.85999995470047,0.5099999904632568,0.20609614253044128,34.70000076293945
3212,105283584.0,0.0014582548756152391,2.3661298751831055,0.7799999713897705,0.85999995470047,0.17068655788898468,38.20000076293945
3213,105316352.0,0.001504595740698278,2.5022614002227783,0.8899999856948853,0.7799999713897705,0.17602503299713135,36.29999923706055
3214,105349120.0,0.0015646854881197214,2.459855794906616,0.8799999952316284,0.8899999856948853,0.1798911690711975,45.099998474121094
3215,105381888.0,0.0014440204249694943,2.430295467376709,0.8799999952316284,0.8799999952316284,0.1998870074748993,34.099998474121094
3216,105414656.0,0.0010406457586213946,2.3891568183898926,0.9300000071525574,0.8799999952316284,0.15821349620819092,40.099998474121094
3217,105447424.0,0.0014444468542933464,2.2878777980804443,0.7400000095367432,0.9300000071525574,0.18319037556648254,40.099998474121094
3218,105480192.0,0.001953938975930214,2.5089006423950195,0.7599999904632568,0.7400000095367432,0.19627919793128967,36.29999923706055
3219,105512960.0,0.0007951828883960843,2.431217670440674,0.8899999856948853,0.7599999904632568,0.18401813507080078,46.29999923706055
3220,105545728.0,0.0014520836994051933,2.2927677631378174,0.5199999809265137,0.8899999856948853,0.18987445533275604,47.89999771118164
3221,105578496.0,0.0016201874241232872,2.404139518737793,0.8199999928474426,0.5199999809265137,0.17504101991653442,58.19999694824219
3222,105611264.0,0.0017556899692863226,2.144195556640625,0.9899999499320984,0.8199999928474426,0.18242540955543518,38.29999923706055
3223,105644032.0,0.0009376521920785308,2.457677125930786,0.9899999499320984,0.9899999499320984,0.17977692186832428,39.79999923706055
3224,105676800.0,0.0014533055946230888,2.00232195854187,1.0499999523162842,0.9899999499320984,0.16655685007572174,44.099998474121094
3225,105709568.0,0.0013201364781707525,2.5204555988311768,0.75,1.0499999523162842,0.18339841067790985,48.099998474121094
3226,105742336.0,0.0020945649594068527,2.340927839279175,0.7599999904632568,0.75,0.15958455204963684,46.20000076293945
3227,105775104.0,0.0018253142479807138,2.38466215133667,1.2899999618530273,0.7599999904632568,0.17076793313026428,41.0
3228,105807872.0,0.000719349249266088,2.6267483234405518,0.8199999928474426,1.2899999618530273,0.18633268773555756,37.099998474121094
3229,105840640.0,0.0011140576098114252,2.5020735263824463,1.350000023841858,0.8199999928474426,0.17821437120437622,56.5
3230,105873408.0,0.0011599252466112375,2.0833890438079834,1.399999976158142,1.350000023841858,0.17422446608543396,45.29999923706055
3231,105906176.0,0.0007020992925390601,2.7798500061035156,1.5399999618530273,1.399999976158142,0.18674668669700623,45.70000076293945
3232,105938944.0,0.0013920830097049475,2.160592555999756,1.5199999809265137,1.5399999618530273,0.17770865559577942,53.79999923706055
3233,105971712.0,0.001620622118934989,2.7879247665405273,1.6999999284744263,1.5199999809265137,0.20315101742744446,49.89999771118164
3234,106004480.0,0.001102314330637455,2.4035801887512207,1.6100000143051147,1.6999999284744263,0.19018608331680298,49.89999771118164
3235,106037248.0,0.0014629059005528688,2.1043589115142822,1.409999966621399,1.6100000143051147,0.19876495003700256,53.69999694824219
3236,106070016.0,0.0015773482155054808,1.9112255573272705,1.5899999141693115,1.409999966621399,0.19189560413360596,55.39999771118164
3237,106102784.0,0.001835522474721074,2.2352538108825684,0.7400000095367432,1.5899999141693115,0.17744971811771393,50.0
3238,106135552.0,0.0010089301504194736,2.008718252182007,1.1200000047683716,0.7400000095367432,0.19646736979484558,58.19999694824219
3239,106168320.0,0.0009218149352818727,2.2147841453552246,1.0299999713897705,1.1200000047683716,0.17704534530639648,44.39999771118164
3240,106201088.0,0.001484579755924642,2.6211421489715576,1.3399999141693115,1.0299999713897705,0.1770894080400467,50.099998474121094
3241,106233856.0,0.0016252686036750674,2.6847002506256104,1.2300000190734863,1.3399999141693115,0.18887832760810852,40.89999771118164
3242,106266624.0,0.0012646696995943785,2.7531678676605225,0.9699999690055847,1.2300000190734863,0.19022175669670105,42.599998474121094
3243,106299392.0,0.0013765667099505663,2.300194025039673,1.5899999141693115,0.9699999690055847,0.21764764189720154,44.70000076293945
3244,106332160.0,0.0021248378325253725,2.8081657886505127,1.6399999856948853,1.5899999141693115,0.17971891164779663,45.20000076293945
3245,106364928.0,0.0012007332406938076,2.79231333732605,1.2400000095367432,1.6399999856948853,0.18288221955299377,46.70000076293945
3246,106397696.0,0.001295039663091302,2.2572009563446045,1.5499999523162842,1.2400000095367432,0.17317858338356018,55.099998474121094
3247,106430464.0,0.001607539365068078,2.598727226257324,1.8899999856948853,1.5499999523162842,0.1919015496969223,59.099998474121094
3248,106463232.0,0.0015521739842370152,2.4418909549713135,1.709999918937683,1.8899999856948853,0.15990686416625977,66.9000015258789
3249,106496000.0,0.001340561080724001,2.436680555343628,1.3199999332427979,1.709999918937683,0.17225953936576843,52.099998474121094
3250,106528768.0,0.0016857169102877378,2.5626320838928223,1.6100000143051147,1.3199999332427979,0.17192411422729492,62.29999923706055
3251,106561536.0,0.001132607227191329,2.4020724296569824,1.9499999284744263,1.6100000143051147,0.1720958948135376,48.89999771118164
3252,106594304.0,0.0012589968973770738,2.598379373550415,1.959999918937683,1.9499999284744263,0.17970693111419678,57.39999771118164
3253,106627072.0,0.0015477261040359735,2.441145181655884,1.8199999332427979,1.959999918937683,0.16632646322250366,55.29999923706055
3254,106659840.0,0.0014925606083124876,2.6764261722564697,1.649999976158142,1.8199999332427979,0.16694355010986328,50.79999923706055
3255,106692608.0,0.00200507789850235,3.065577983856201,1.8299999237060547,1.649999976158142,0.1936151087284088,48.20000076293945
3256,106725376.0,0.001576539478264749,2.617297887802124,1.8799999952316284,1.8299999237060547,0.2055661529302597,46.39999771118164
3257,106758144.0,0.0014163609594106674,2.300492525100708,2.180000066757202,1.8799999952316284,0.16085094213485718,49.29999923706055
3258,106790912.0,0.001537397736683488,2.4079957008361816,1.8700000047683716,2.180000066757202,0.190883070230484,49.29999923706055
3259,106823680.0,0.0014955811202526093,2.530446767807007,2.180000066757202,1.8700000047683716,0.17039868235588074,44.29999923706055
3260,106856448.0,0.001072081271559,2.1569509506225586,1.899999976158142,2.180000066757202,0.16589917242527008,44.29999923706055
3261,106889216.0,0.0012149594258517027,2.571173667907715,1.559999942779541,1.899999976158142,0.18997031450271606,34.099998474121094
3262,106921984.0,0.002247506519779563,2.516085624694824,2.190000057220459,1.559999942779541,0.1993897259235382,39.099998474121094
3263,106954752.0,0.0017948056338354945,2.3272974491119385,1.9299999475479126,2.190000057220459,0.18770968914031982,46.29999923706055
3264,106987520.0,0.0011732621351256967,2.504497766494751,1.9199999570846558,1.9299999475479126,0.1910477876663208,42.5
3265,107020288.0,0.0017666169442236423,2.674213171005249,2.109999895095825,1.9199999570846558,0.18710976839065552,37.5
3266,107053056.0,0.0013538324274122715,2.5024123191833496,2.059999942779541,2.109999895095825,0.18474175035953522,41.29999923706055
3267,107085824.0,0.0009403324220329523,2.5373036861419678,1.7699999809265137,2.059999942779541,0.18902811408042908,36.89999771118164
3268,107118592.0,0.001892169937491417,2.541464328765869,1.6399999856948853,1.7699999809265137,0.18680638074874878,44.29999923706055
3269,107151360.0,0.0016667114105075598,2.496903657913208,1.9799998998641968,1.6399999856948853,0.1874057948589325,48.29999923706055
3270,107184128.0,0.0017959576798602939,2.201772689819336,1.5399999618530273,1.9799998998641968,0.19857506453990936,56.79999923706055
3271,107216896.0,0.0020276419818401337,2.720628499984741,2.0299999713897705,1.5399999618530273,0.17621676623821259,52.099998474121094
3272,107249664.0,0.0013126952107995749,2.3066389560699463,1.6899999380111694,2.0299999713897705,0.18311014771461487,52.39999771118164
3273,107282432.0,0.001267923740670085,2.4219508171081543,1.9299999475479126,1.6899999380111694,0.1754176914691925,51.5
3274,107315200.0,0.001226373016834259,3.0914320945739746,2.009999990463257,1.9299999475479126,0.16631370782852173,52.099998474121094
3275,107347968.0,0.001224592444486916,2.90278697013855,1.899999976158142,2.009999990463257,0.1710735261440277,52.39999771118164
3276,107380736.0,0.0017224183538928628,2.2407121658325195,2.299999952316284,1.899999976158142,0.17918135225772858,59.19999694824219
3277,107413504.0,0.0013467952376231551,2.4579105377197266,2.299999952316284,2.299999952316284,0.17478318512439728,68.5999984741211
3278,107446272.0,0.0010972702875733376,2.1326305866241455,2.440000057220459,2.299999952316284,0.17914365231990814,61.29999923706055
3279,107479040.0,0.0013403207994997501,2.4358997344970703,1.8399999141693115,2.440000057220459,0.17225605249404907,67.0
3280,107511808.0,0.0013912530848756433,2.2196121215820312,2.0799999237060547,1.8399999141693115,0.17232085764408112,58.79999923706055
3281,107544576.0,0.0013998053036630154,2.301239013671875,2.059999942779541,2.0799999237060547,0.19858084619045258,61.79999923706055
3282,107577344.0,0.0021351303439587355,2.0664854049682617,2.069999933242798,2.059999942779541,0.19600051641464233,63.79999923706055
3283,107610112.0,0.001447784248739481,1.9505679607391357,1.8299999237060547,2.069999933242798,0.1601770520210266,52.29999923706055
3284,107642880.0,0.0010962886735796928,2.6794679164886475,1.5099999904632568,1.8299999237060547,0.16720667481422424,54.599998474121094
3285,107675648.0,0.0012158869067206979,2.243533134460449,1.8199999332427979,1.5099999904632568,0.18267373740673065,43.89999771118164
3286,107708416.0,0.0012348783202469349,2.611560344696045,1.559999942779541,1.8199999332427979,0.18077154457569122,48.89999771118164
3287,107741184.0,0.0007165500428527594,2.1759703159332275,1.7699999809265137,1.559999942779541,0.15920841693878174,44.89999771118164
3288,107773952.0,0.0015826617600396276,2.7530405521392822,1.75,1.7699999809265137,0.1927551031112671,49.099998474121094
3289,107806720.0,0.0016010261606425047,2.2836029529571533,1.7699999809265137,1.75,0.18620815873146057,58.39999771118164
3290,107839488.0,0.001771720009855926,2.0955400466918945,2.0999999046325684,1.7699999809265137,0.17336775362491608,51.79999923706055
3291,107872256.0,0.0015290528535842896,2.5338447093963623,1.7699999809265137,2.0999999046325684,0.17898696660995483,54.69999694824219
3292,107905024.0,0.0013604217674583197,2.5547733306884766,1.399999976158142,1.7699999809265137,0.1618507206439972,56.79999923706055
3293,107937792.0,0.001100088469684124,2.517474412918091,1.71999990940094,1.399999976158142,0.1835746169090271,58.5
3294,107970560.0,0.001761843217536807,2.6509644985198975,1.7899999618530273,1.71999990940094,0.1972549855709076,50.89999771118164
3295,108003328.0,0.0017483375268056989,2.3152012825012207,2.0399999618530273,1.7899999618530273,0.19869351387023926,50.0
3296,108036096.0,0.0013560422230511904,2.3163418769836426,1.5999999046325684,2.0399999618530273,0.18683019280433655,53.89999771118164
3297,108068864.0,0.0014029905432835221,2.2451822757720947,1.7799999713897705,1.5999999046325684,0.1730034351348877,66.0999984741211
3298,108101632.0,0.0018732291646301746,2.587225914001465,1.5499999523162842,1.7799999713897705,0.16707250475883484,57.69999694824219
3299,108134400.0,0.0016455866862088442,2.3772733211517334,0.9300000071525574,1.5499999523162842,0.16437426209449768,51.599998474121094
3300,108167168.0,0.0009834120282903314,2.416404962539673,1.309999942779541,0.9300000071525574,0.18684980273246765,48.20000076293945
3301,108199936.0,0.0013160649687051773,2.714601755142212,0.9399999976158142,1.309999942779541,0.18745678663253784,48.20000076293945
3302,108232704.0,0.0016045132651925087,2.3967227935791016,1.2799999713897705,0.9399999976158142,0.16506189107894897,45.099998474121094
3303,108265472.0,0.001196444034576416,2.3228068351745605,1.100000023841858,1.2799999713897705,0.1800001561641693,36.29999923706055
3304,108298240.0,0.0009544340427964926,2.2392234802246094,0.75,1.100000023841858,0.17603439092636108,42.0
3305,108331008.0,0.0011416911147534847,2.7908592224121094,1.309999942779541,0.75,0.16976799070835114,39.5
3306,108363776.0,0.0016669202595949173,2.8680496215820312,1.3199999332427979,1.309999942779541,0.1912209391593933,46.0
3307,108396544.0,0.0010403594933450222,2.2910008430480957,1.6200000047683716,1.3199999332427979,0.16950786113739014,48.5
3308,108429312.0,0.00266396626830101,2.6253244876861572,1.2899999618530273,1.6200000047683716,0.18229348957538605,46.0
3309,108462080.0,0.0016652008052915335,2.5221519470214844,2.009999990463257,1.2899999618530273,0.18377016484737396,42.099998474121094
3310,108494848.0,0.0014290158869698644,2.7529854774475098,1.6200000047683716,2.009999990463257,0.1804201602935791,42.20000076293945
3311,108527616.0,0.0014693730045109987,2.466686487197876,1.309999942779541,1.6200000047683716,0.18441736698150635,41.70000076293945
3312,108560384.0,0.0013635188806802034,2.139979839324951,1.6299999952316284,1.309999942779541,0.18121597170829773,37.79999923706055
3313,108593152.0,0.0010923193767666817,2.377973794937134,1.5999999046325684,1.6299999952316284,0.16637064516544342,39.70000076293945
3314,108625920.0,0.0011609018547460437,2.4492814540863037,1.6100000143051147,1.5999999046325684,0.1638951152563095,37.099998474121094
3315,108658688.0,0.0013460851041600108,2.9167003631591797,1.5499999523162842,1.6100000143051147,0.1851339042186737,42.5
3316,108691456.0,0.001470899092964828,2.4812328815460205,1.2899999618530273,1.5499999523162842,0.16891701519489288,33.79999923706055
3317,108724224.0,0.001465043518692255,2.475637435913086,1.6100000143051147,1.2899999618530273,0.15049691498279572,35.89999771118164
3318,108756992.0,0.0018445763271301985,2.3010342121124268,1.6100000143051147,1.6100000143051147,0.18837150931358337,45.29999923706055
3319,108789760.0,0.001238552387803793,2.6561601161956787,1.6299999952316284,1.6100000143051147,0.16890272498130798,47.70000076293945
3320,108822528.0,0.0014326645759865642,2.4791643619537354,1.6799999475479126,1.6299999952316284,0.1647091656923294,47.5
3321,108855296.0,0.001289564766921103,2.563828706741333,1.649999976158142,1.6799999475479126,0.16312885284423828,49.70000076293945
3322,108888064.0,0.0011143730953335762,2.864286184310913,1.6999999284744263,1.649999976158142,0.16117402911186218,37.599998474121094
3323,108920832.0,0.0018480096478015184,2.2057876586914062,1.6299999952316284,1.6999999284744263,0.18561112880706787,36.099998474121094
3324,108953600.0,0.0010620264802128077,2.7559804916381836,1.6799999475479126,1.6299999952316284,0.15869192779064178,38.099998474121094
3325,108986368.0,0.0010237728711217642,2.6743886470794678,1.709999918937683,1.6799999475479126,0.17014160752296448,43.89999771118164
3326,109019136.0,0.0017670581582933664,2.508345365524292,1.6200000047683716,1.709999918937683,0.1565626710653305,41.0
3327,109051904.0,0.0015252071898430586,2.7304649353027344,1.3600000143051147,1.6200000047683716,0.1774580478668213,41.89999771118164
3328,109084672.0,0.001641589100472629,2.8585846424102783,1.2899999618530273,1.3600000143051147,0.16911377012729645,44.099998474121094
3329,109117440.0,0.0011410710867494345,2.316324472427368,1.2999999523162842,1.2899999618530273,0.15857762098312378,38.5
3330,109150208.0,0.0016995103796944022,2.5853540897369385,1.25,1.2999999523162842,0.1654704213142395,37.29999923706055
3331,109182976.0,0.0009413147927261889,2.2976925373077393,1.2599999904632568,1.25,0.1732318103313446,34.29999923706055
3332,109215744.0,0.0015457011759281158,2.3726582527160645,1.5099999904632568,1.2599999904632568,0.19133815169334412,34.79999923706055
3333,109248512.0,0.001289549982175231,2.2526607513427734,1.3399999141693115,1.5099999904632568,0.18122410774230957,31.599998474121094
3334,109281280.0,0.0013069156557321548,2.7726922035217285,1.5699999332427979,1.3399999141693115,0.18052735924720764,43.89999771118164
3335,109314048.0,0.0014341792557388544,2.7919375896453857,0.9699999690055847,1.5699999332427979,0.18423834443092346,36.5
3336,109346816.0,0.001381919370032847,2.491015911102295,1.3199999332427979,0.9699999690055847,0.1776731312274933,42.39999771118164
3337,109379584.0,0.0012460325378924608,2.597074270248413,1.2200000286102295,1.3199999332427979,0.1730768233537674,47.5
3338,109412352.0,0.0015714203473180532,2.4739155769348145,0.8799999952316284,1.2200000286102295,0.168668732047081,43.29999923706055
3339,109445120.0,0.002067000139504671,2.5426082611083984,0.8299999833106995,0.8799999952316284,0.16865535080432892,47.29999923706055
3340,109477888.0,0.0011087771272286773,1.8753976821899414,1.1399999856948853,0.8299999833106995,0.16658541560173035,47.29999923706055
3341,109510656.0,0.0016494521405547857,2.691006898880005,1.1799999475479126,1.1399999856948853,0.1741691529750824,44.89999771118164
3342,109543424.0,0.0017436145571991801,3.014118194580078,1.4900000095367432,1.1799999475479126,0.19709065556526184,54.19999694824219
3343,109576192.0,0.0013612032635137439,2.4714713096618652,0.9599999785423279,1.4900000095367432,0.1888209581375122,43.79999923706055
3344,109608960.0,0.002095636446028948,2.120481252670288,0.9799999594688416,0.9599999785423279,0.19757673144340515,45.29999923706055
3345,109641728.0,0.0019543501548469067,2.2166502475738525,1.3199999332427979,0.9799999594688416,0.1812366247177124,47.79999923706055
3346,109674496.0,0.001075886539183557,3.166826009750366,1.159999966621399,1.3199999332427979,0.17856794595718384,41.20000076293945
3347,109707264.0,0.0013332645175978541,2.5880329608917236,1.059999942779541,1.159999966621399,0.1807563602924347,46.099998474121094
3348,109740032.0,0.0019055207958444953,2.3362505435943604,1.0199999809265137,1.059999942779541,0.18858379125595093,46.099998474121094
3349,109772800.0,0.0014830958098173141,2.4785382747650146,1.0399999618530273,1.0199999809265137,0.15930913388729095,51.69999694824219
3350,109805568.0,0.0010772444074973464,3.084597587585449,0.9399999976158142,1.0399999618530273,0.1528264582157135,56.69999694824219
3351,109838336.0,0.0017203126335516572,2.69143009185791,0.949999988079071,0.9399999976158142,0.17086833715438843,56.29999923706055
3352,109871104.0,0.001503104344010353,2.463949203491211,0.9199999570846558,0.949999988079071,0.17151275277137756,59.69999694824219
3353,109903872.0,0.0013186929281800985,2.507333517074585,0.6399999856948853,0.9199999570846558,0.16463002562522888,60.599998474121094
3354,109936640.0,0.001431208336725831,2.68294620513916,0.9899999499320984,0.6399999856948853,0.174157053232193,59.39999771118164
3355,109969408.0,0.001394608523696661,2.3411898612976074,0.8199999928474426,0.9899999499320984,0.17610305547714233,56.5
3356,110002176.0,0.0007033869042061269,2.561983585357666,0.7299999594688416,0.8199999928474426,0.16411727666854858,59.39999771118164
3357,110034944.0,0.0020012934692204,2.6739025115966797,0.5600000023841858,0.7299999594688416,0.18602728843688965,48.5
3358,110067712.0,0.00252432469278574,2.4288339614868164,0.6499999761581421,0.5600000023841858,0.16953593492507935,53.79999923706055
3359,110100480.0,0.0016181428218260407,2.9819154739379883,1.1100000143051147,0.6499999761581421,0.1634169965982437,54.79999923706055
3360,110133248.0,0.0014973757788538933,2.4855616092681885,1.159999966621399,1.1100000143051147,0.1876327395439148,43.099998474121094
3361,110166016.0,0.0018815944204106927,2.7500972747802734,1.090000033378601,1.159999966621399,0.18163572251796722,47.29999923706055
3362,110198784.0,0.002422985853627324,2.561610460281372,1.159999966621399,1.090000033378601,0.16455772519111633,43.099998474121094
3363,110231552.0,0.0008689795504324138,2.306717872619629,1.1699999570846558,1.159999966621399,0.17059126496315002,50.70000076293945
3364,110264320.0,0.0014001368544995785,2.4457478523254395,1.2200000286102295,1.1699999570846558,0.1770094335079193,43.099998474121094
3365,110297088.0,0.0014648905489593744,2.5860464572906494,1.209999918937683,1.2200000286102295,0.18786686658859253,44.099998474121094
3366,110329856.0,0.0006492084939964116,2.6789162158966064,1.2200000286102295,1.209999918937683,0.16318419575691223,42.89999771118164
3367,110362624.0,0.001559616532176733,2.423795461654663,1.46999990940094,1.2200000286102295,0.18224474787712097,41.599998474121094
3368,110395392.0,0.0012666179100051522,2.745274782180786,1.4299999475479126,1.46999990940094,0.1580716371536255,43.599998474121094
3369,110428160.0,0.001949333818629384,2.412952423095703,1.100000023841858,1.4299999475479126,0.1961665153503418,39.099998474121094
3370,110460928.0,0.005456200335174799,2.5458478927612305,1.1399999856948853,1.100000023841858,0.18089210987091064,40.099998474121094
3371,110493696.0,0.0010762865422293544,2.7156922817230225,1.2200000286102295,1.1399999856948853,0.19523727893829346,45.29999923706055
3372,110526464.0,0.0016449927352368832,2.4453518390655518,1.1999999284744263,1.2200000286102295,0.18330752849578857,41.79999923706055
3373,110559232.0,0.0010812089312821627,2.4257733821868896,1.2599999904632568,1.1999999284744263,0.16336095333099365,47.0
3374,110592000.0,0.0017436647322028875,2.6247470378875732,1.1100000143051147,1.2599999904632568,0.1626976877450943,50.5
3375,110624768.0,0.0016769261565059423,2.837482452392578,1.1699999570846558,1.1100000143051147,0.17371708154678345,49.0
3376,110657536.0,0.0015406124293804169,2.5947425365448,1.1799999475479126,1.1699999570846558,0.1744045615196228,44.20000076293945
3377,110690304.0,0.0015492532402276993,2.5485472679138184,1.1699999570846558,1.1799999475479126,0.17651179432868958,52.29999923706055
3378,110723072.0,0.0013018520548939705,2.8359601497650146,1.1699999570846558,1.1699999570846558,0.16808442771434784,52.099998474121094
3379,110755840.0,0.0016954205930233002,3.0217981338500977,0.8999999761581421,1.1699999570846558,0.1694977879524231,55.099998474121094
3380,110788608.0,0.001027646940201521,2.709399461746216,1.5299999713897705,0.8999999761581421,0.18763042986392975,49.599998474121094
3381,110821376.0,0.001805257168598473,2.5165538787841797,0.8399999737739563,1.5299999713897705,0.1807391196489334,53.89999771118164
3382,110854144.0,0.0014974912628531456,2.474325180053711,0.8499999642372131,0.8399999737739563,0.17174656689167023,43.79999923706055
3383,110886912.0,0.0011561742285266519,2.6422739028930664,0.5,0.8499999642372131,0.19057168066501617,49.89999771118164
3384,110919680.0,0.001701219705864787,2.3423163890838623,0.9699999690055847,0.5,0.1867859959602356,46.599998474121094
3385,110952448.0,0.0022516902536153793,2.3213798999786377,0.8399999737739563,0.9699999690055847,0.19361457228660583,48.29999923706055
3386,110985216.0,0.0012425478780642152,2.4180288314819336,0.8399999737739563,0.8399999737739563,0.1788635551929474,45.39999771118164
3387,111017984.0,0.001365279546007514,2.969897747039795,0.9599999785423279,0.8399999737739563,0.1698412001132965,54.5
3388,111050752.0,0.0013221248518675566,2.206583261489868,0.9599999785423279,0.9599999785423279,0.17876924574375153,60.19999694824219
3389,111083520.0,0.0011956628877669573,2.5724804401397705,0.9599999785423279,0.9599999785423279,0.1780025064945221,51.89999771118164
3390,111116288.0,0.0013111145235598087,2.4498233795166016,1.2799999713897705,0.9599999785423279,0.19653774797916412,45.0
3391,111149056.0,0.0011627498315647244,2.3879003524780273,1.2200000286102295,1.2799999713897705,0.18447372317314148,48.39999771118164
3392,111181824.0,0.0014042395632714033,2.430248975753784,1.559999942779541,1.2200000286102295,0.1875695437192917,43.39999771118164
3393,111214592.0,0.002255887258797884,2.5735392570495605,0.9399999976158142,1.559999942779541,0.1550552248954773,37.79999923706055
3394,111247360.0,0.0011710855178534985,2.9205541610717773,0.8799999952316284,0.9399999976158142,0.17718183994293213,35.099998474121094
3395,111280128.0,0.0014384198002517223,2.758307695388794,0.7599999904632568,0.8799999952316284,0.17416420578956604,29.899999618530273
3396,111312896.0,0.0019627981819212437,2.6163859367370605,0.9199999570846558,0.7599999904632568,0.17160093784332275,32.0
3397,111345664.0,0.0010350446682423353,2.8650894165039062,0.5399999618530273,0.9199999570846558,0.17362530529499054,32.29999923706055
3398,111378432.0,0.0019955290481448174,2.6894569396972656,0.85999995470047,0.5399999618530273,0.18077173829078674,35.599998474121094
3399,111411200.0,0.001964737195521593,2.6901438236236572,0.8700000047683716,0.85999995470047,0.18339663743972778,31.299999237060547
3400,111443968.0,0.001271660439670086,2.203457832336426,1.2599999904632568,0.8700000047683716,0.18735766410827637,30.899999618530273
3401,111476736.0,0.0016606689896434546,2.546349048614502,1.2899999618530273,1.2599999904632568,0.1713215857744217,45.0
3402,111509504.0,0.0012863927986472845,2.2900586128234863,1.559999942779541,1.2899999618530273,0.1654171645641327,37.79999923706055
3403,111542272.0,0.0014113523066043854,2.5664942264556885,1.3399999141693115,1.559999942779541,0.1713097095489502,42.099998474121094
3404,111575040.0,0.0013294840464368463,2.065770387649536,0.9599999785423279,1.3399999141693115,0.17707866430282593,37.79999923706055
3405,111607808.0,0.002304783556610346,2.418630838394165,1.059999942779541,0.9599999785423279,0.174184650182724,26.099998474121094
3406,111640576.0,0.0010979010257869959,2.485707998275757,0.85999995470047,1.059999942779541,0.16671797633171082,26.799999237060547
3407,111673344.0,0.001028075348585844,2.386662006378174,0.8700000047683716,0.85999995470047,0.18640443682670593,38.79999923706055
3408,111706112.0,0.002419089199975133,2.8251771926879883,0.9799999594688416,0.8700000047683716,0.1668795347213745,29.19999885559082
3409,111738880.0,0.0012446654727682471,2.6326398849487305,0.9699999690055847,0.9799999594688416,0.161207377910614,32.599998474121094
3410,111771648.0,0.0010826135985553265,2.093594551086426,0.9399999976158142,0.9699999690055847,0.172429159283638,36.29999923706055
3411,111804416.0,0.0009324435377493501,2.659071445465088,0.7699999809265137,0.9399999976158142,0.16472411155700684,27.19999885559082
3412,111837184.0,0.0016671601915732026,2.8620707988739014,0.8499999642372131,0.7699999809265137,0.15651223063468933,25.899999618530273
3413,111869952.0,0.0018123813206329942,2.724954605102539,0.8999999761581421,0.8499999642372131,0.16502729058265686,22.19999885559082
3414,111902720.0,0.0014871866442263126,2.7546274662017822,1.0199999809265137,0.8999999761581421,0.17066991329193115,29.899999618530273
3415,111935488.0,0.0018932279199361801,2.4673526287078857,1.149999976158142,1.0199999809265137,0.1748046576976776,34.89999771118164
3416,111968256.0,0.0013985056430101395,2.8885233402252197,1.4299999475479126,1.149999976158142,0.18638776242733002,37.39999771118164
3417,112001024.0,0.0017893108306452632,2.3817367553710938,1.3799999952316284,1.4299999475479126,0.17890852689743042,43.5
3418,112033792.0,0.0015535795828327537,2.712583541870117,1.3899999856948853,1.3799999952316284,0.17155353724956512,35.89999771118164
3419,112066560.0,0.0012349108001217246,2.821746587753296,1.3600000143051147,1.3899999856948853,0.17900492250919342,40.5
3420,112099328.0,0.0009148657554760575,2.851269245147705,1.3399999141693115,1.3600000143051147,0.18061213195323944,33.79999923706055
3421,112132096.0,0.002557599451392889,2.2517623901367188,1.3600000143051147,1.3399999141693115,0.18200922012329102,35.70000076293945
3422,112164864.0,0.0011651602108031511,2.906259298324585,1.4199999570846558,1.3600000143051147,0.1830531656742096,39.099998474121094
3423,112197632.0,0.0015483609167858958,2.4522242546081543,1.2999999523162842,1.4199999570846558,0.1461223065853119,38.70000076293945
3424,112230400.0,0.0019856924191117287,2.616941452026367,0.6399999856948853,1.2999999523162842,0.16945390403270721,38.70000076293945
3425,112263168.0,0.0020658141002058983,2.107079029083252,0.6299999952316284,0.6399999856948853,0.15996181964874268,33.79999923706055
3426,112295936.0,0.0012810621410608292,2.8496170043945312,1.2200000286102295,0.6299999952316284,0.18402400612831116,40.89999771118164
3427,112328704.0,0.0013582849642261863,2.8928239345550537,1.350000023841858,1.2200000286102295,0.15168261528015137,41.89999771118164
3428,112361472.0,0.00176214799284935,2.3047399520874023,1.1799999475479126,1.350000023841858,0.1979161500930786,52.0
3429,112394240.0,0.001958483597263694,3.0750980377197266,1.2200000286102295,1.1799999475479126,0.19697320461273193,47.0
3430,112427008.0,0.0011072701308876276,2.785456657409668,1.1200000047683716,1.2200000286102295,0.16567328572273254,44.39999771118164
3431,112459776.0,0.0014893610496073961,2.8139495849609375,1.2300000190734863,1.1200000047683716,0.17833484709262848,40.0
3432,112492544.0,0.0013068446423858404,2.627767324447632,0.9699999690055847,1.2300000190734863,0.16323283314704895,40.099998474121094
3433,112525312.0,0.001299015711992979,2.52077579498291,0.949999988079071,0.9699999690055847,0.18029075860977173,42.89999771118164
3434,112558080.0,0.0008339670021086931,2.9721696376800537,1.0399999618530273,0.949999988079071,0.14283008873462677,43.70000076293945
3435,112590848.0,0.001685912488028407,2.6349148750305176,0.9599999785423279,1.0399999618530273,0.1760159730911255,46.89999771118164
3436,112623616.0,0.0016412448603659868,2.8402023315429688,0.949999988079071,0.9599999785423279,0.18018820881843567,43.599998474121094
3437,112656384.0,0.0017915944335982203,2.4464080333709717,0.7799999713897705,0.949999988079071,0.18072891235351562,47.79999923706055
3438,112689152.0,0.0012515647104009986,2.334251880645752,0.4399999976158142,0.7799999713897705,0.16982202231884003,41.099998474121094
3439,112721920.0,0.0015353963244706392,2.7258286476135254,0.3499999940395355,0.4399999976158142,0.16593074798583984,36.5
3440,112754688.0,0.0018117704894393682,2.542428970336914,0.550000011920929,0.3499999940395355,0.17888137698173523,40.70000076293945
3441,112787456.0,0.0009080985328182578,2.887237310409546,0.25999999046325684,0.550000011920929,0.15348096191883087,36.599998474121094
3442,112820224.0,0.0015190126141533256,2.5777878761291504,0.6200000047683716,0.25999999046325684,0.15346762537956238,37.39999771118164
3443,112852992.0,0.0008898760424926877,3.0656795501708984,0.6100000143051147,0.6200000047683716,0.1624957025051117,37.599998474121094
3444,112885760.0,0.0010703932493925095,2.5821802616119385,0.8899999856948853,0.6100000143051147,0.1828538179397583,38.599998474121094
3445,112918528.0,0.0013884733198210597,2.722179412841797,0.8999999761581421,0.8899999856948853,0.16297954320907593,37.599998474121094
3446,112951296.0,0.001353725208900869,2.177011251449585,0.9399999976158142,0.8999999761581421,0.18205872178077698,37.29999923706055
3447,112984064.0,0.0022494271397590637,2.7420003414154053,0.9099999666213989,0.9399999976158142,0.16433072090148926,33.20000076293945
3448,113016832.0,0.001145310583524406,2.6212451457977295,0.5799999833106995,0.9099999666213989,0.1726282238960266,43.70000076293945
3449,113049600.0,0.0016520314384251833,2.81805419921875,0.6599999666213989,0.5799999833106995,0.16967830061912537,46.29999923706055
3450,113082368.0,0.0016452379059046507,2.505591630935669,0.5799999833106995,0.6599999666213989,0.17596152424812317,44.79999923706055
3451,113115136.0,0.0011248160153627396,2.533972978591919,0.3700000047683716,0.5799999833106995,0.15871727466583252,40.5
3452,113147904.0,0.0015171242412179708,2.935379981994629,0.3400000035762787,0.3700000047683716,0.1667914092540741,44.29999923706055
3453,113180672.0,0.0011871526949107647,2.5873324871063232,0.44999998807907104,0.3400000035762787,0.17445410788059235,39.5
3454,113213440.0,0.0011501519475132227,2.492095708847046,0.4399999976158142,0.44999998807907104,0.17055709660053253,37.0
3455,113246208.0,0.0009809148032218218,2.8437743186950684,0.6899999976158142,0.4399999976158142,0.17197565734386444,39.29999923706055
3456,113278976.0,0.0014358351472765207,2.6348233222961426,0.29999998211860657,0.6899999976158142,0.16012045741081238,40.89999771118164
3457,113311744.0,0.0013473308645188808,2.5330584049224854,0.3199999928474426,0.29999998211860657,0.18285752832889557,39.29999923706055
3458,113344512.0,0.001134647405706346,3.332374334335327,0.3400000035762787,0.3199999928474426,0.16958197951316833,31.299999237060547
3459,113377280.0,0.0011704773642122746,2.7755062580108643,0.25,0.3400000035762787,0.17346811294555664,40.29999923706055
3460,113410048.0,0.001398235559463501,2.7133800983428955,0.3199999928474426,0.25,0.19119958579540253,33.79999923706055
3461,113442816.0,0.0016022410709410906,2.6772820949554443,0.20999999344348907,0.3199999928474426,0.18298806250095367,30.899999618530273
3462,113475584.0,0.001993532758206129,2.970564126968384,0.4399999976158142,0.20999999344348907,0.19384324550628662,21.69999885559082
3463,113508352.0,0.0012599655892699957,2.523465633392334,0.3999999761581421,0.4399999976158142,0.18188714981079102,36.0
3464,113541120.0,0.0013336839620023966,2.794504165649414,0.4099999964237213,0.3999999761581421,0.1962558925151825,22.399999618530273
3465,113573888.0,0.003066571895033121,2.611569881439209,0.8799999952316284,0.4099999964237213,0.14726847410202026,27.399999618530273
3466,113606656.0,0.0013244085712358356,2.736929178237915,1.159999966621399,0.8799999952316284,0.1830795258283615,39.79999923706055
3467,113639424.0,0.0017515282379463315,2.629314661026001,0.4699999988079071,1.159999966621399,0.15040859580039978,41.39999771118164
3468,113672192.0,0.0013004228239879012,3.017456531524658,0.6100000143051147,0.4699999988079071,0.1741599440574646,37.89999771118164
3469,113704960.0,0.0012443405576050282,2.925848960876465,0.2800000011920929,0.6100000143051147,0.17801260948181152,33.0
3470,113737728.0,0.0010517335031181574,2.677297592163086,0.4699999988079071,0.2800000011920929,0.155507430434227,36.0
3471,113770496.0,0.0022081779316067696,2.6755576133728027,0.5600000023841858,0.4699999988079071,0.17110446095466614,24.600000381469727
3472,113803264.0,0.0012106182985007763,2.825949192047119,0.5799999833106995,0.5600000023841858,0.15909184515476227,36.20000076293945
3473,113836032.0,0.0017638589488342404,3.06246018409729,0.6100000143051147,0.5799999833106995,0.17225666344165802,39.0
3474,113868800.0,0.0015067339409142733,2.5347540378570557,0.20999999344348907,0.6100000143051147,0.17025792598724365,33.5
3475,113901568.0,0.0014417095808312297,3.107064723968506,-0.29999998211860657,0.20999999344348907,0.1826568841934204,27.899999618530273
3476,113934336.0,0.002292993012815714,2.8065476417541504,-0.28999999165534973,-0.29999998211860657,0.1763802319765091,26.899999618530273
3477,113967104.0,0.001164499670267105,2.549847364425659,0.05999999865889549,-0.28999999165534973,0.18336063623428345,26.899999618530273
3478,113999872.0,0.0014612986706197262,2.5340542793273926,0.429999977350235,0.05999999865889549,0.1863543540239334,27.099998474121094
3479,114032640.0,0.0011072596535086632,3.0783355236053467,0.3799999952316284,0.429999977350235,0.1712186485528946,33.20000076293945
3480,114065408.0,0.001522623933851719,2.666569709777832,0.3999999761581421,0.3799999952316284,0.18291595578193665,29.799999237060547
3481,114098176.0,0.0012151498813182116,2.770940065383911,0.5399999618530273,0.3999999761581421,0.1611534059047699,30.399999618530273
3482,114130944.0,0.0019501445349305868,2.5943474769592285,-0.12999999523162842,0.5399999618530273,0.18365509808063507,29.399999618530273
3483,114163712.0,0.0010988066205754876,2.371171236038208,0.1899999976158142,-0.12999999523162842,0.15922483801841736,31.0
3484,114196480.0,0.0022576572373509407,2.345209836959839,0.08999999612569809,0.1899999976158142,0.16106313467025757,26.0
3485,114229248.0,0.002626053523272276,2.670560359954834,0.07000000029802322,0.08999999612569809,0.16489629447460175,28.599998474121094
3486,114262016.0,0.0011847756104543805,2.4918763637542725,0.1599999964237213,0.07000000029802322,0.1680692583322525,28.599998474121094
3487,114294784.0,0.0015767248114570975,2.5613954067230225,0.5,0.1599999964237213,0.19841411709785461,27.0
3488,114327552.0,0.0012171994894742966,2.7095282077789307,0.29999998211860657,0.5,0.16953083872795105,27.5
3489,114360320.0,0.001133236801251769,2.861144781112671,0.23999999463558197,0.29999998211860657,0.17476734519004822,35.20000076293945
3490,114393088.0,0.001739041181281209,3.100904703140259,0.25999999046325684,0.23999999463558197,0.1800169050693512,30.19999885559082
3491,114425856.0,0.0018482031300663948,3.001425266265869,0.6299999952316284,0.25999999046325684,0.17292442917823792,35.29999923706055
3492,114458624.0,0.001566413906402886,2.343916893005371,0.6299999952316284,0.6299999952316284,0.1913522183895111,33.20000076293945
3493,114491392.0,0.0008184335893020034,2.7681071758270264,0.6599999666213989,0.6299999952316284,0.18905529379844666,33.20000076293945
3494,114524160.0,0.0015284385299310088,2.467111825942993,0.3999999761581421,0.6599999666213989,0.1662859320640564,32.70000076293945
3495,114556928.0,0.0014707189984619617,3.02907657623291,0.6599999666213989,0.3999999761581421,0.19567477703094482,33.20000076293945
3496,114589696.0,0.0018078594002872705,2.723761558532715,0.41999998688697815,0.6599999666213989,0.17961323261260986,37.099998474121094
3497,114622464.0,0.0013694058870896697,2.699408769607544,0.2199999988079071,0.41999998688697815,0.1684882789850235,32.599998474121094
3498,114655232.0,0.0016728461487218738,3.1114578247070312,0.04999999701976776,0.2199999988079071,0.18952353298664093,35.599998474121094
3499,114688000.0,0.0016231911722570658,2.6953933238983154,0.05999999865889549,0.04999999701976776,0.1763131022453308,38.099998474121094
3500,114720768.0,0.0012686059344559908,2.457352638244629,0.3199999928474426,0.05999999865889549,0.18922585248947144,39.099998474121094
3501,114753536.0,0.0029412973672151566,3.038167715072632,0.07000000029802322,0.3199999928474426,0.17975954711437225,27.299999237060547
3502,114786304.0,0.001984843984246254,2.9368579387664795,0.03999999910593033,0.07000000029802322,0.15004439651966095,28.899999618530273
3503,114819072.0,0.002114291535690427,2.640915870666504,0.04999999701976776,0.03999999910593033,0.16996343433856964,33.79999923706055
3504,114851840.0,0.0009123367490246892,2.6820197105407715,0.5899999737739563,0.04999999701976776,0.15739509463310242,28.899999618530273
3505,114884608.0,0.0011705474462360144,2.783432722091675,0.3799999952316284,0.5899999737739563,0.17262002825737,26.799999237060547
3506,114917376.0,0.0010648148600012064,2.7616913318634033,0.8399999737739563,0.3799999952316284,0.16934041678905487,22.799999237060547
3507,114950144.0,0.0010837280424311757,2.7065486907958984,0.8799999952316284,0.8399999737739563,0.1795232594013214,28.299999237060547
3508,114982912.0,0.0016641017282381654,2.6179885864257812,0.5,0.8799999952316284,0.18168815970420837,28.299999237060547
3509,115015680.0,0.0010444466024637222,2.6906092166900635,0.5600000023841858,0.5,0.16802486777305603,28.299999237060547
3510,115048448.0,0.0013690878404304385,2.6065268516540527,0.25,0.5600000023841858,0.16388097405433655,28.299999237060547
3511,115081216.0,0.0015244001988321543,2.8235044479370117,-0.10999999940395355,0.25,0.17434655129909515,28.299999237060547
3512,115113984.0,0.0016563679091632366,2.8955631256103516,0.11999999731779099,-0.10999999940395355,0.1721486747264862,29.5
3513,115146752.0,0.0013289421331137419,3.086272954940796,0.44999998807907104,0.11999999731779099,0.16640809178352356,26.799999237060547
3514,115179520.0,0.006375572644174099,2.46610689163208,0.5600000023841858,0.44999998807907104,0.20096823573112488,23.399999618530273
3515,115212288.0,0.0006411373615264893,3.3655006885528564,-0.1599999964237213,0.5600000023841858,0.15572240948677063,28.899999618530273
3516,115245056.0,0.0012546286452561617,2.7492825984954834,0.5999999642372131,-0.1599999964237213,0.1850157231092453,30.099998474121094
3517,115277824.0,0.0009967772057279944,2.6184921264648438,0.6800000071525574,0.5999999642372131,0.18567803502082825,32.599998474121094
3518,115310592.0,0.0011445687850937247,2.8017754554748535,0.6599999666213989,0.6800000071525574,0.18715821206569672,30.5
3519,115343360.0,0.0015529108932241797,2.5274035930633545,0.2800000011920929,0.6599999666213989,0.15783348679542542,26.5
3520,115376128.0,0.001626845682039857,2.4952502250671387,0.26999998092651367,0.2800000011920929,0.17823275923728943,35.099998474121094
3521,115408896.0,0.0012948887888342142,2.8516554832458496,0.6399999856948853,0.26999998092651367,0.16036532819271088,31.099998474121094
3522,115441664.0,0.0017955303192138672,3.179835319519043,0.9300000071525574,0.6399999856948853,0.18362891674041748,36.0
3523,115474432.0,0.0016305865719914436,3.0774011611938477,0.4899999797344208,0.9300000071525574,0.17285680770874023,25.100000381469727
3524,115507200.0,0.0012868735939264297,3.1320557594299316,0.9599999785423279,0.4899999797344208,0.18297001719474792,25.0
3525,115539968.0,0.0013203880516812205,2.8320162296295166,1.2799999713897705,0.9599999785423279,0.1964605748653412,37.20000076293945
3526,115572736.0,0.0013365012127906084,2.5358633995056152,0.5600000023841858,1.2799999713897705,0.16383670270442963,20.5
3527,115605504.0,0.001210334012284875,2.5870320796966553,0.5600000023841858,0.5600000023841858,0.16619977355003357,32.70000076293945
3528,115638272.0,0.001393444836139679,2.7573647499084473,1.1799999475479126,0.5600000023841858,0.17997264862060547,22.100000381469727
3529,115671040.0,0.0017040194943547249,2.548227310180664,1.159999966621399,1.1799999475479126,0.20027479529380798,21.100000381469727
3530,115703808.0,0.000961781945079565,2.8908605575561523,0.12999999523162842,1.159999966621399,0.17239981889724731,24.100000381469727
3531,115736576.0,0.001686610048636794,2.7615792751312256,-0.19999998807907104,0.12999999523162842,0.16194769740104675,24.0
3532,115769344.0,0.0013658213429152966,2.6262433528900146,-0.04999999701976776,-0.19999998807907104,0.19664683938026428,16.299999237060547
3533,115802112.0,0.001311933621764183,2.778079032897949,0.04999999701976776,-0.04999999701976776,0.1647745966911316,11.800000190734863
3534,115834880.0,0.0017900851089507341,2.8867809772491455,0.019999999552965164,0.04999999701976776,0.18294230103492737,27.19999885559082
3535,115867648.0,0.0022566395346075296,3.369812250137329,0.04999999701976776,0.019999999552965164,0.1856318712234497,28.899999618530273
3536,115900416.0,0.0011932450579479337,3.5181384086608887,0.14999999105930328,0.04999999701976776,0.1626378297805786,22.799999237060547
3537,115933184.0,0.001069489517249167,2.820240020751953,0.23999999463558197,0.14999999105930328,0.1790897250175476,27.5
3538,115965952.0,0.0018599103204905987,3.0402138233184814,0.25999999046325684,0.23999999463558197,0.18706703186035156,25.899999618530273
3539,115998720.0,0.0014742494095116854,3.078589916229248,0.19999998807907104,0.25999999046325684,0.16136649250984192,30.399999618530273
3540,116031488.0,0.0015789491590112448,3.011239767074585,0.17999999225139618,0.19999998807907104,0.17585992813110352,25.0
3541,116064256.0,0.0008520439732819796,2.8386874198913574,0.04999999701976776,0.17999999225139618,0.15181410312652588,26.0
3542,116097024.0,0.0011793869780376554,2.666593074798584,0.22999998927116394,0.04999999701976776,0.17614544928073883,16.799999237060547
3543,116129792.0,0.0014574002707377076,2.7622509002685547,0.10999999940395355,0.22999998927116394,0.1772383749485016,20.299999237060547
3544,116162560.0,0.0021646220702677965,2.888827323913574,-0.019999999552965164,0.10999999940395355,0.16990318894386292,20.299999237060547
3545,116195328.0,0.0017692161491140723,2.776793956756592,-0.6299999952316284,-0.019999999552965164,0.16315937042236328,15.299999237060547
3546,116228096.0,0.00114391278475523,2.971461534500122,-0.19999998807907104,-0.6299999952316284,0.17097283899784088,10.300000190734863
3547,116260864.0,0.0014474804047495127,2.63037109375,-0.3199999928474426,-0.19999998807907104,0.15981677174568176,7.599999904632568
3548,116293632.0,0.0017171228537335992,2.437795400619507,-0.009999999776482582,-0.3199999928474426,0.15800364315509796,9.300000190734863
3549,116326400.0,0.0015882535371929407,2.6896274089813232,0.32999998331069946,-0.009999999776482582,0.17598244547843933,17.5
3550,116359168.0,0.0016829273663461208,2.9833996295928955,0.03999999910593033,0.32999998331069946,0.1769837886095047,25.5
3551,116391936.0,0.0014878542860969901,2.99776554107666,-0.2800000011920929,0.03999999910593033,0.17057408392429352,20.799999237060547
3552,116424704.0,0.0013879237230867147,2.5605897903442383,-0.009999999776482582,-0.2800000011920929,0.18209797143936157,16.799999237060547
3553,116457472.0,0.002387744141742587,2.69712495803833,0.029999999329447746,-0.009999999776482582,0.17332717776298523,26.69999885559082
3554,116490240.0,0.001900017261505127,2.502053737640381,0.4699999988079071,0.029999999329447746,0.17255264520645142,31.69999885559082
3555,116523008.0,0.0015220980858430266,2.9952993392944336,0.029999999329447746,0.4699999988079071,0.16870972514152527,34.89999771118164
3556,116555776.0,0.001759620034135878,3.0552401542663574,0.47999998927116394,0.029999999329447746,0.17409151792526245,33.79999923706055
3557,116588544.0,0.0019105944084003568,3.3099968433380127,0.4099999964237213,0.47999998927116394,0.1731301248073578,23.19999885559082
3558,116621312.0,0.0019714231602847576,2.9249634742736816,0.07000000029802322,0.4099999964237213,0.17028285562992096,36.5
3559,116654080.0,0.0018538633594289422,2.6431593894958496,-0.08999999612569809,0.07000000029802322,0.1839413344860077,30.5
3560,116686848.0,0.00100783072412014,2.6995084285736084,0.11999999731779099,-0.08999999612569809,0.16472968459129333,29.599998474121094
3561,116719616.0,0.001054692198522389,2.843400716781616,0.17999999225139618,0.11999999731779099,0.18077418208122253,22.399999618530273
3562,116752384.0,0.001965504139661789,2.875642776489258,0.5199999809265137,0.17999999225139618,0.1804657280445099,12.399999618530273
3563,116785152.0,0.0009424207382835448,3.0842485427856445,-0.22999998927116394,0.5199999809265137,0.17425423860549927,18.399999618530273
3564,116817920.0,0.002333891112357378,3.042236328125,0.17999999225139618,-0.22999998927116394,0.1637141853570938,12.59999942779541
3565,116850688.0,0.0014269137755036354,2.930946111679077,0.14999999105930328,0.17999999225139618,0.1676517277956009,16.100000381469727
3566,116883456.0,0.0016459602629765868,2.8929598331451416,0.1899999976158142,0.14999999105930328,0.17666250467300415,24.399999618530273
3567,116916224.0,0.001732884207740426,2.7329375743865967,-0.20999999344348907,0.1899999976158142,0.1783331036567688,16.100000381469727
3568,116948992.0,0.0016702364664524794,2.91172456741333,0.1599999964237213,-0.20999999344348907,0.18874002993106842,14.299999237060547
3569,116981760.0,0.005228705704212189,2.8451478481292725,0.14999999105930328,0.1599999964237213,0.1750468909740448,11.699999809265137
3570,117014528.0,0.0013196882791817188,3.1350605487823486,0.22999998927116394,0.14999999105930328,0.16650159657001495,19.19999885559082
3571,117047296.0,0.00143610336817801,2.9935965538024902,0.5999999642372131,0.22999998927116394,0.17049768567085266,8.800000190734863
3572,117080064.0,0.0016221741680055857,3.06923246383667,0.2199999988079071,0.5999999642372131,0.1702272742986679,21.799999237060547
3573,117112832.0,0.0017602186417207122,3.465341091156006,0.3100000023841858,0.2199999988079071,0.17725777626037598,16.0
3574,117145600.0,0.0016171304741874337,2.7393300533294678,0.699999988079071,0.3100000023841858,0.16303709149360657,17.799999237060547
3575,117178368.0,0.002203800482675433,2.8268022537231445,0.41999998688697815,0.699999988079071,0.1654415726661682,9.699999809265137
3576,117211136.0,0.0011006020940840244,2.7546632289886475,0.5799999833106995,0.41999998688697815,0.18121016025543213,15.799999237060547
3577,117243904.0,0.0016204104758799076,3.0157439708709717,0.7199999690055847,0.5799999833106995,0.17413032054901123,16.0
3578,117276672.0,0.0014946251176297665,3.2362687587738037,-0.14000000059604645,0.7199999690055847,0.17339345812797546,27.69999885559082
3579,117309440.0,0.0012790488544851542,2.9538986682891846,0.25,-0.14000000059604645,0.16804829239845276,19.69999885559082
3580,117342208.0,0.001287040300667286,3.1518869400024414,0.9199999570846558,0.25,0.17600587010383606,32.599998474121094
3581,117374976.0,0.0009607929969206452,2.7681455612182617,0.2199999988079071,0.9199999570846558,0.16176283359527588,28.69999885559082
3582,117407744.0,0.0015046147163957357,3.1290080547332764,0.5699999928474426,0.2199999988079071,0.17649540305137634,21.69999885559082
3583,117440512.0,0.0012410138733685017,2.917471170425415,1.0,0.5699999928474426,0.1819276660680771,29.599998474121094
3584,117473280.0,0.0018097549909725785,3.024266004562378,0.5299999713897705,1.0,0.18236377835273743,47.099998474121094
3585,117506048.0,0.0014847393613308668,2.7996485233306885,0.8799999952316284,0.5299999713897705,0.17102548480033875,24.69999885559082
3586,117538816.0,0.0014963888097554445,2.9174656867980957,0.6299999952316284,0.8799999952316284,0.18340840935707092,34.70000076293945
3587,117571584.0,0.0009892851812765002,2.966782331466675,0.5399999618530273,0.6299999952316284,0.18571513891220093,29.599998474121094
3588,117604352.0,0.0013810106320306659,2.928985118865967,0.5600000023841858,0.5399999618530273,0.1662750095129013,32.099998474121094
3589,117637120.0,0.0022332468070089817,3.1048953533172607,0.6899999976158142,0.5600000023841858,0.16831640899181366,29.899999618530273
3590,117669888.0,0.0010981529485434294,2.929062604904175,0.7299999594688416,0.6899999976158142,0.16330602765083313,33.599998474121094
3591,117702656.0,0.0013005967484787107,2.7684736251831055,0.8199999928474426,0.7299999594688416,0.1547660231590271,32.599998474121094
3592,117735424.0,0.0017004753462970257,2.844050884246826,0.7299999594688416,0.8199999928474426,0.17940914630889893,19.600000381469727
3593,117768192.0,0.0015041031874716282,3.040273427963257,1.0499999523162842,0.7299999594688416,0.18113040924072266,38.79999923706055
3594,117800960.0,0.0011738432804122567,3.0294764041900635,0.6299999952316284,1.0499999523162842,0.1677110493183136,31.299999237060547
3595,117833728.0,0.002284109126776457,3.1522626876831055,0.6499999761581421,0.6299999952316284,0.17051862180233002,31.399999618530273
3596,117866496.0,0.0008725550724193454,2.834160566329956,0.32999998331069946,0.6499999761581421,0.1817525327205658,24.399999618530273
3597,117899264.0,0.0015526226488873363,2.4396021366119385,0.32999998331069946,0.32999998331069946,0.18136075139045715,26.5
3598,117932032.0,0.0011810512514784932,2.9356064796447754,0.38999998569488525,0.32999998331069946,0.16158704459667206,34.0
3599,117964800.0,0.0010305054020136595,3.1707589626312256,0.32999998331069946,0.38999998569488525,0.16485440731048584,36.599998474121094
3600,117997568.0,0.001294763875193894,3.1639325618743896,0.4399999976158142,0.32999998331069946,0.1692243218421936,45.599998474121094
3601,118030336.0,0.0015447101322934031,3.031933069229126,0.7699999809265137,0.4399999976158142,0.16830715537071228,42.89999771118164
3602,118063104.0,0.0021815977524966,2.838843822479248,0.6499999761581421,0.7699999809265137,0.19215936958789825,36.39999771118164
3603,118095872.0,0.001444996683858335,3.3176634311676025,0.7599999904632568,0.6499999761581421,0.17083102464675903,26.69999885559082
3604,118128640.0,0.0008000610978342593,3.2627995014190674,0.75,0.7599999904632568,0.15738141536712646,36.39999771118164
3605,118161408.0,0.001891399617306888,3.073180675506592,0.8199999928474426,0.75,0.16331341862678528,36.39999771118164
3606,118194176.0,0.0015449479687958956,3.071760654449463,1.090000033378601,0.8199999928474426,0.15842217206954956,25.0
3607,118226944.0,0.0008103906875476241,3.3222806453704834,0.7400000095367432,1.090000033378601,0.1507985144853592,24.5
3608,118259712.0,0.0016535096801817417,3.143918037414551,0.8299999833106995,0.7400000095367432,0.17018258571624756,40.79999923706055
3609,118292480.0,0.0011652715038508177,2.999821901321411,0.7899999618530273,0.8299999833106995,0.17660276591777802,33.79999923706055
3610,118325248.0,0.0016575244953855872,2.85009503364563,1.0799999237060547,0.7899999618530273,0.17075391113758087,34.29999923706055
3611,118358016.0,0.0016279113478958607,3.030132293701172,1.149999976158142,1.0799999237060547,0.16174286603927612,39.0
3612,118390784.0,0.0009649083949625492,2.999953508377075,0.4599999785423279,1.149999976158142,0.16323474049568176,47.099998474121094
3613,118423552.0,0.0014056925429031253,3.2673134803771973,0.8100000023841858,0.4599999785423279,0.16690000891685486,32.099998474121094
3614,118456320.0,0.0012562096817418933,3.095161199569702,0.8499999642372131,0.8100000023841858,0.16504773497581482,40.79999923706055
3615,118489088.0,0.001095938147045672,3.121624231338501,0.3499999940395355,0.8499999642372131,0.1494234800338745,33.599998474121094
3616,118521856.0,0.0013073497684672475,3.0317795276641846,0.28999999165534973,0.3499999940395355,0.16833747923374176,32.099998474121094
3617,118554624.0,0.0022020023316144943,2.7270047664642334,0.7299999594688416,0.28999999165534973,0.16765162348747253,42.0
3618,118587392.0,0.0014536820817738771,3.3771536350250244,0.7099999785423279,0.7299999594688416,0.1944848597049713,38.70000076293945
3619,118620160.0,0.0013034616131335497,3.2134017944335938,0.4099999964237213,0.7099999785423279,0.16302770376205444,43.39999771118164
3620,118652928.0,0.0013236511731520295,2.9378910064697266,0.08999999612569809,0.4099999964237213,0.15148912370204926,39.39999771118164
3621,118685696.0,0.001133340410888195,3.154994487762451,-0.04999999701976776,0.08999999612569809,0.16326594352722168,26.299999237060547
3622,118718464.0,0.0016729256603866816,3.5532960891723633,-0.019999999552965164,-0.04999999701976776,0.17755183577537537,35.29999923706055
3623,118751232.0,0.0015172696439549327,3.0170555114746094,0.07000000029802322,-0.019999999552965164,0.15101021528244019,26.69999885559082
3624,118784000.0,0.0012523410841822624,2.5770368576049805,-0.009999999776482582,0.07000000029802322,0.15561597049236298,24.19999885559082
3625,118816768.0,0.0012496404815465212,3.302910566329956,-0.10999999940395355,-0.009999999776482582,0.1717468500137329,27.5
3626,118849536.0,0.0008401708328165114,2.8542330265045166,-0.14999999105930328,-0.10999999940395355,0.1466725766658783,21.100000381469727
3627,118882304.0,0.0013633236521854997,3.0801146030426025,-0.1599999964237213,-0.14999999105930328,0.1879943311214447,29.299999237060547
3628,118915072.0,0.0011769423726946115,2.6406521797180176,-0.14000000059604645,-0.1599999964237213,0.16485045850276947,32.0
3629,118947840.0,0.001210641348734498,2.9516162872314453,-0.3499999940395355,-0.14000000059604645,0.15286055207252502,33.29999923706055
3630,118980608.0,0.0015397132374346256,3.1253981590270996,-0.699999988079071,-0.3499999940395355,0.17264129221439362,32.79999923706055
3631,119013376.0,0.001376414205878973,2.6143171787261963,-0.44999998807907104,-0.699999988079071,0.1658109724521637,30.799999237060547
3632,119046144.0,0.0020444272086024284,2.66283917427063,-0.019999999552965164,-0.44999998807907104,0.17799857258796692,24.100000381469727
3633,119078912.0,0.0024778437800705433,2.6469638347625732,-0.03999999910593033,-0.019999999552965164,0.1741783171892166,24.5
3634,119111680.0,0.0014412329765036702,3.124032497406006,0.09999999403953552,-0.03999999910593033,0.15283530950546265,30.099998474121094
3635,119144448.0,0.0016793753020465374,2.52227520942688,-0.08999999612569809,0.09999999403953552,0.16272209584712982,30.099998474121094
3636,119177216.0,0.0017668982036411762,3.506265878677368,-0.22999998927116394,-0.08999999612569809,0.17254763841629028,29.099998474121094
3637,119209984.0,0.0022613753098994493,2.8488388061523438,-0.25,-0.22999998927116394,0.1757872849702835,24.0
3638,119242752.0,0.0019413318950682878,2.9883639812469482,-0.03999999910593033,-0.25,0.17503762245178223,27.19999885559082
3639,119275520.0,0.001726935850456357,2.9871673583984375,-0.1599999964237213,-0.03999999910593033,0.16103342175483704,25.100000381469727
3640,119308288.0,0.0012752055190503597,2.8936192989349365,-0.26999998092651367,-0.1599999964237213,0.175872802734375,32.20000076293945
3641,119341056.0,0.0015643102815374732,2.933147430419922,-0.26999998092651367,-0.26999998092651367,0.17031270265579224,30.799999237060547
3642,119373824.0,0.0013548892457038164,2.707578182220459,0.08999999612569809,-0.26999998092651367,0.16606806218624115,34.0
3643,119406592.0,0.001573304645717144,2.9594898223876953,0.10999999940395355,0.08999999612569809,0.17753776907920837,33.89999771118164
3644,119439360.0,0.0007947745034471154,2.7996253967285156,-0.1899999976158142,0.10999999940395355,0.15239672362804413,33.39999771118164
3645,119472128.0,0.0018032460939139128,2.910919666290283,-0.17000000178813934,-0.1899999976158142,0.1786327213048935,28.0
3646,119504896.0,0.0010368067305535078,3.0132462978363037,-0.2199999988079071,-0.17000000178813934,0.15507763624191284,32.0
3647,119537664.0,0.001254133298061788,3.0319130420684814,-0.17000000178813934,-0.2199999988079071,0.18323668837547302,32.79999923706055
3648,119570432.0,0.0013834189157932997,2.8609206676483154,-0.5199999809265137,-0.17000000178813934,0.18083250522613525,31.299999237060547
3649,119603200.0,0.001111100777052343,3.167123556137085,-0.17000000178813934,-0.5199999809265137,0.17971786856651306,26.599998474121094
3650,119635968.0,0.00155454664491117,2.7804088592529297,-0.17000000178813934,-0.17000000178813934,0.1395799070596695,30.299999237060547
3651,119668736.0,0.001110636629164219,2.5438039302825928,-0.5199999809265137,-0.17000000178813934,0.15538135170936584,32.599998474121094
3652,119701504.0,0.0011590846115723252,2.6986868381500244,-0.7599999904632568,-0.5199999809265137,0.15967392921447754,24.299999237060547
3653,119734272.0,0.00109916552901268,2.863999605178833,-0.5600000023841858,-0.7599999904632568,0.1800692230463028,24.100000381469727
3654,119767040.0,0.00118224136531353,2.745512008666992,-0.25999999046325684,-0.5600000023841858,0.16401949524879456,25.5
3655,119799808.0,0.0013691086787730455,2.9549331665039062,-0.25,-0.25999999046325684,0.14887024462223053,17.19999885559082
3656,119832576.0,0.001151584554463625,3.0149829387664795,-0.23999999463558197,-0.25,0.16163370013237,21.5
3657,119865344.0,0.0013822857290506363,3.1159162521362305,-0.2800000011920929,-0.23999999463558197,0.14882473647594452,24.100000381469727
3658,119898112.0,0.0015634517185389996,3.1916840076446533,-0.17999999225139618,-0.2800000011920929,0.13996344804763794,26.19999885559082
3659,119930880.0,0.000792866456322372,2.6249678134918213,-0.1599999964237213,-0.17999999225139618,0.15560407936573029,31.799999237060547
3660,119963648.0,0.004424004349857569,2.462219476699829,-0.11999999731779099,-0.1599999964237213,0.16429480910301208,27.69999885559082
3661,119996416.0,0.002436532871797681,3.075455665588379,-0.25999999046325684,-0.11999999731779099,0.18250250816345215,35.29999923706055
3662,120029184.0,0.0027174516580998898,3.322183609008789,0.04999999701976776,-0.25999999046325684,0.17113938927650452,30.19999885559082
3663,120061952.0,0.0009446791373193264,2.955289125442505,0.35999998450279236,0.04999999701976776,0.16248033940792084,21.799999237060547
3664,120094720.0,0.0017238727305084467,3.0304553508758545,-0.2800000011920929,0.35999998450279236,0.1743227243423462,27.799999237060547
3665,120127488.0,0.001350034261122346,3.174415111541748,-0.41999998688697815,-0.2800000011920929,0.16607123613357544,27.69999885559082
3666,120160256.0,0.0012439473066478968,2.7190189361572266,-0.3499999940395355,-0.41999998688697815,0.1879386305809021,22.69999885559082
3667,120193024.0,0.001791447284631431,3.038114309310913,-0.38999998569488525,-0.3499999940395355,0.14903497695922852,29.399999618530273
3668,120225792.0,0.0014565674355253577,3.417508363723755,-0.4899999797344208,-0.38999998569488525,0.14167574048042297,24.5
3669,120258560.0,0.0012554877903312445,2.663090705871582,-0.19999998807907104,-0.4899999797344208,0.15725472569465637,32.099998474121094
3670,120291328.0,0.001027860096655786,3.1542675495147705,0.23999999463558197,-0.19999998807907104,0.14442142844200134,33.39999771118164
3671,120324096.0,0.002666810993105173,3.122079372406006,-0.4599999785423279,0.23999999463558197,0.1747390627861023,42.29999923706055
3672,120356864.0,0.00228532450273633,2.943117618560791,-0.5199999809265137,-0.4599999785423279,0.19616971909999847,25.899999618530273
3673,120389632.0,0.0015321807004511356,2.790756940841675,-0.4899999797344208,-0.5199999809265137,0.1790955364704132,18.799999237060547
3674,120422400.0,0.0013527347473427653,3.200093984603882,-0.03999999910593033,-0.4899999797344208,0.16268885135650635,20.19999885559082
3675,120455168.0,0.0010628573363646865,3.1438088417053223,-0.009999999776482582,-0.03999999910593033,0.16783806681632996,27.0
3676,120487936.0,0.0016626273281872272,3.225083112716675,-0.07000000029802322,-0.009999999776482582,0.16694456338882446,20.19999885559082
3677,120520704.0,0.0019516726024448872,3.205315589904785,-0.04999999701976776,-0.07000000029802322,0.16560868918895721,18.0
3678,120553472.0,0.0011451756581664085,2.951324939727783,-0.09999999403953552,-0.04999999701976776,0.1755514293909073,20.100000381469727
3679,120586240.0,0.0019955665338784456,2.6921894550323486,0.1599999964237213,-0.09999999403953552,0.17090703547000885,19.600000381469727
3680,120619008.0,0.0012619304470717907,3.169809103012085,0.09999999403953552,0.1599999964237213,0.15885120630264282,31.099998474121094
3681,120651776.0,0.0013386195059865713,2.6930322647094727,0.1599999964237213,0.09999999403953552,0.16116687655448914,31.099998474121094
3682,120684544.0,0.0012204342056065798,3.1003081798553467,-0.12999999523162842,0.1599999964237213,0.1622488647699356,29.599998474121094
3683,120717312.0,0.0008516048546880484,3.2892680168151855,-0.429999977350235,-0.12999999523162842,0.17814472317695618,17.100000381469727
3684,120750080.0,0.0023464292753487825,3.128697633743286,0.1599999964237213,-0.429999977350235,0.164682075381279,19.600000381469727
3685,120782848.0,0.0015877794940024614,2.9527273178100586,0.11999999731779099,0.1599999964237213,0.1974366009235382,37.29999923706055
3686,120815616.0,0.002248812699690461,2.96460223197937,0.11999999731779099,0.11999999731779099,0.1812422275543213,25.0
3687,120848384.0,0.0018786368891596794,3.1989049911499023,0.14999999105930328,0.11999999731779099,0.1818748414516449,24.5
3688,120881152.0,0.00242117652669549,2.784196615219116,0.5899999737739563,0.14999999105930328,0.18087129294872284,16.600000381469727
3689,120913920.0,0.0019767608027905226,2.9809350967407227,0.20999999344348907,0.5899999737739563,0.17747946083545685,33.39999771118164
3690,120946688.0,0.0013775802217423916,2.9671359062194824,0.07000000029802322,0.20999999344348907,0.16263273358345032,23.600000381469727
3691,120979456.0,0.0010497013572603464,2.6415982246398926,0.11999999731779099,0.07000000029802322,0.17035767436027527,22.100000381469727
3692,121012224.0,0.0017758288886398077,2.869022846221924,0.09999999403953552,0.11999999731779099,0.16957227885723114,20.100000381469727
3693,121044992.0,0.0013641738332808018,3.0584304332733154,0.4899999797344208,0.09999999403953552,0.1534091830253601,16.0
3694,121077760.0,0.0011896861251443624,3.2814018726348877,-0.1899999976158142,0.4899999797344208,0.15174245834350586,27.099998474121094
3695,121110528.0,0.0008593011298216879,2.7890076637268066,-0.19999998807907104,-0.1899999976158142,0.16567760705947876,27.0
3696,121143296.0,0.001421225955709815,2.8710522651672363,0.22999998927116394,-0.19999998807907104,0.16624332964420319,25.0
3697,121176064.0,0.0020420013461261988,3.158935785293579,0.1899999976158142,0.22999998927116394,0.17767705023288727,21.5
3698,121208832.0,0.0011176661355420947,3.034925699234009,0.4599999785423279,0.1899999976158142,0.1593620777130127,25.0
3699,121241600.0,0.0010554163018241525,2.5784080028533936,0.4899999797344208,0.4599999785423279,0.1760622262954712,34.5
3700,121274368.0,0.0013734315289184451,2.818455934524536,0.47999998927116394,0.4899999797344208,0.16671250760555267,34.5
3701,121307136.0,0.0020941835828125477,2.87473726272583,0.17000000178813934,0.47999998927116394,0.17721965909004211,29.799999237060547
3702,121339904.0,0.0007915450260043144,3.4059808254241943,0.17000000178813934,0.17000000178813934,0.1556674838066101,19.19999885559082
3703,121372672.0,0.00134684715885669,2.8426380157470703,0.19999998807907104,0.17000000178813934,0.1574089676141739,14.699999809265137
3704,121405440.0,0.001978255808353424,3.095660448074341,0.20999999344348907,0.19999998807907104,0.19033381342887878,22.399999618530273
3705,121438208.0,0.0014548456529155374,2.9199535846710205,0.17000000178813934,0.20999999344348907,0.15686441957950592,32.20000076293945
3706,121470976.0,0.0015558990417048335,2.9623019695281982,0.14000000059604645,0.17000000178813934,0.14719948172569275,25.0
3707,121503744.0,0.0011956996750086546,3.0886452198028564,0.5099999904632568,0.14000000059604645,0.1681244969367981,21.799999237060547
3708,121536512.0,0.0015013327356427908,2.866093635559082,0.4399999976158142,0.5099999904632568,0.15467777848243713,29.0
3709,121569280.0,0.0015700438525527716,3.082033395767212,0.4599999785423279,0.4399999976158142,0.1562568098306656,23.19999885559082
3710,121602048.0,0.001522181322798133,3.340197801589966,0.41999998688697815,0.4599999785423279,0.15876056253910065,21.600000381469727
3711,121634816.0,0.0017462840769439936,2.9681382179260254,0.4099999964237213,0.41999998688697815,0.16177977621555328,18.19999885559082
3712,121667584.0,0.001434224657714367,3.1291921138763428,0.7999999523162842,0.4099999964237213,0.16352763772010803,15.699999809265137
3713,121700352.0,0.0014562145806849003,3.030958414077759,0.7599999904632568,0.7999999523162842,0.17530666291713715,19.19999885559082
3714,121733120.0,0.001312345382757485,2.925020217895508,0.8399999737739563,0.7599999904632568,0.1806277632713318,20.799999237060547
3715,121765888.0,0.0015852833166718483,3.1903820037841797,0.5899999737739563,0.8399999737739563,0.17329037189483643,28.0
3716,121798656.0,0.0022961609065532684,3.0563409328460693,0.4699999988079071,0.5899999737739563,0.17296451330184937,26.899999618530273
3717,121831424.0,0.0015195574378594756,2.9433846473693848,0.7599999904632568,0.4699999988079071,0.16129657626152039,29.5
3718,121864192.0,0.000979459029622376,2.7651798725128174,0.9300000071525574,0.7599999904632568,0.1651960015296936,32.5
3719,121896960.0,0.0028230538591742516,2.4552488327026367,0.8799999952316284,0.9300000071525574,0.1545434147119522,37.0
3720,121929728.0,0.001532306196168065,2.690016746520996,0.6299999952316284,0.8799999952316284,0.1709412932395935,37.0
3721,121962496.0,0.002450457774102688,3.028343439102173,0.4899999797344208,0.6299999952316284,0.1704680174589157,25.69999885559082
3722,121995264.0,0.0018273850437253714,2.8785572052001953,0.4699999988079071,0.4899999797344208,0.1398024559020996,29.69999885559082
3723,122028032.0,0.0017239933367818594,2.6900782585144043,0.4899999797344208,0.4699999988079071,0.17219428718090057,29.19999885559082
3724,122060800.0,0.0009351223707199097,3.0395138263702393,0.4699999988079071,0.4899999797344208,0.16286149621009827,24.69999885559082
3725,122093568.0,0.0015420790296047926,2.9124884605407715,0.6599999666213989,0.4699999988079071,0.1627405285835266,21.19999885559082
3726,122126336.0,0.001518965233117342,2.87990140914917,0.4599999785423279,0.6599999666213989,0.1829383671283722,26.599998474121094
3727,122159104.0,0.0011632214300334454,2.665800094604492,0.22999998927116394,0.4599999785423279,0.14252105355262756,25.899999618530273
3728,122191872.0,0.001512659713625908,2.4110119342803955,0.4899999797344208,0.22999998927116394,0.16025763750076294,18.5
3729,122224640.0,0.0008204464102163911,3.1354117393493652,0.5199999809265137,0.4899999797344208,0.15421253442764282,12.199999809265137
3730,122257408.0,0.0014474659692496061,2.781667470932007,0.6100000143051147,0.5199999809265137,0.19968092441558838,20.899999618530273
3731,122290176.0,0.0015204825904220343,3.003462791442871,0.29999998211860657,0.6100000143051147,0.15971335768699646,31.19999885559082
3732,122322944.0,0.0011178526328876615,2.9505906105041504,0.38999998569488525,0.29999998211860657,0.17086029052734375,32.70000076293945
3733,122355712.0,0.0015075404662638903,2.8890254497528076,0.11999999731779099,0.38999998569488525,0.17319601774215698,16.799999237060547
3734,122388480.0,0.0009488357463851571,2.9391629695892334,0.019999999552965164,0.11999999731779099,0.17153742909431458,18.299999237060547
3735,122421248.0,0.0020669768564403057,3.2840867042541504,0.5899999737739563,0.019999999552965164,0.16325543820858002,14.399999618530273
3736,122454016.0,0.0016001301119104028,2.761789083480835,0.4099999964237213,0.5899999737739563,0.18670639395713806,33.20000076293945
3737,122486784.0,0.0016650757752358913,2.9635894298553467,1.0299999713897705,0.4099999964237213,0.17612266540527344,27.799999237060547
3738,122519552.0,0.0016298284754157066,2.9771130084991455,0.7199999690055847,1.0299999713897705,0.1784142255783081,39.20000076293945
3739,122552320.0,0.0019059611950069666,3.1760447025299072,1.0199999809265137,0.7199999690055847,0.17048871517181396,39.099998474121094
3740,122585088.0,0.0016431453404948115,2.864659309387207,0.26999998092651367,1.0199999809265137,0.1917133629322052,39.39999771118164
3741,122617856.0,0.0011051971232518554,2.8655591011047363,0.19999998807907104,0.26999998092651367,0.17108704149723053,32.20000076293945
3742,122650624.0,0.001229644287377596,2.5885214805603027,0.7099999785423279,0.19999998807907104,0.17249324917793274,31.299999237060547
3743,122683392.0,0.0010660819243639708,2.8979783058166504,0.6899999976158142,0.7099999785423279,0.1723117232322693,32.20000076293945
3744,122716160.0,0.0018908954225480556,3.0179994106292725,1.0199999809265137,0.6899999976158142,0.18354982137680054,31.299999237060547
3745,122748928.0,0.0011793645098805428,3.243831157684326,0.3999999761581421,1.0199999809265137,0.149813711643219,30.799999237060547
3746,122781696.0,0.001340361312031746,3.0360965728759766,0.8799999952316284,0.3999999761581421,0.17914938926696777,32.29999923706055
3747,122814464.0,0.0019400161691009998,2.978212594985962,0.8999999761581421,0.8799999952316284,0.18033964931964874,37.39999771118164
3748,122847232.0,0.0014554145745933056,2.7586607933044434,0.6200000047683716,0.8999999761581421,0.20399439334869385,48.39999771118164
3749,122880000.0,0.0009285223204642534,2.9105188846588135,0.5899999737739563,0.6200000047683716,0.1654990017414093,44.39999771118164
3750,122912768.0,0.0015084116021171212,3.0449538230895996,0.6100000143051147,0.5899999737739563,0.18560966849327087,36.39999771118164
3751,122945536.0,0.0015440903371199965,2.547337770462036,0.5399999618530273,0.6100000143051147,0.1689032018184662,41.39999771118164
3752,122978304.0,0.0016922157956287265,3.079617977142334,0.6200000047683716,0.5399999618530273,0.1624976545572281,45.20000076293945
3753,123011072.0,0.001240590587258339,3.2737646102905273,0.6299999952316284,0.6200000047683716,0.17507150769233704,47.39999771118164
3754,123043840.0,0.0012758927186951041,2.9464640617370605,0.6599999666213989,0.6299999952316284,0.17262479662895203,49.0
3755,123076608.0,0.002001712564378977,3.2457408905029297,0.6599999666213989,0.6599999666213989,0.16143621504306793,43.0
3756,123109376.0,0.0020104441791772842,2.8187334537506104,0.6399999856948853,0.6599999666213989,0.15883399546146393,45.39999771118164
3757,123142144.0,0.0011650512460619211,2.7971787452697754,0.550000011920929,0.6399999856948853,0.14662854373455048,43.0
3758,123174912.0,0.0012896384578198195,2.803234338760376,0.29999998211860657,0.550000011920929,0.17233499884605408,49.29999923706055
3759,123207680.0,0.0014478220837190747,2.679933786392212,0.29999998211860657,0.29999998211860657,0.15439358353614807,52.39999771118164
3760,123240448.0,0.0009914746042340994,2.421079158782959,0.28999999165534973,0.29999998211860657,0.1747184842824936,50.89999771118164
3761,123273216.0,0.0013563737738877535,2.7781355381011963,0.35999998450279236,0.28999999165534973,0.15888988971710205,43.0
3762,123305984.0,0.0012313928455114365,2.651750326156616,0.35999998450279236,0.35999998450279236,0.15823745727539062,39.0
3763,123338752.0,0.0012238314375281334,2.9443178176879883,0.550000011920929,0.35999998450279236,0.16665738821029663,39.89999771118164
3764,123371520.0,0.0009111899416893721,2.927907943725586,0.3999999761581421,0.550000011920929,0.16049721837043762,42.39999771118164
3765,123404288.0,0.0022649005986750126,2.517380475997925,0.41999998688697815,0.3999999761581421,0.1734323501586914,42.20000076293945
3766,123437056.0,0.0013026876840740442,3.0144729614257812,-0.09999999403953552,0.41999998688697815,0.15319626033306122,48.0
3767,123469824.0,0.001261575031094253,3.2799439430236816,0.5999999642372131,-0.09999999403953552,0.1718428134918213,30.0
3768,123502592.0,0.0011526846792548895,3.0282678604125977,0.4899999797344208,0.5999999642372131,0.15223394334316254,41.0
3769,123535360.0,0.001053829095326364,2.817963123321533,0.44999998807907104,0.4899999797344208,0.1636538803577423,32.0
3770,123568128.0,0.0017716893926262856,2.826958417892456,0.4699999988079071,0.44999998807907104,0.1754847764968872,26.69999885559082
3771,123600896.0,0.0014458732912316918,2.671501398086548,0.6699999570846558,0.4699999988079071,0.16137003898620605,30.799999237060547
3772,123633664.0,0.0012158832978457212,3.227640151977539,0.5999999642372131,0.6699999570846558,0.1480063498020172,25.899999618530273
3773,123666432.0,0.0013662549899891019,3.0809576511383057,0.3400000035762787,0.5999999642372131,0.1485455334186554,38.599998474121094
3774,123699200.0,0.0019411256071180105,2.7067508697509766,0.07999999821186066,0.3400000035762787,0.15759295225143433,38.39999771118164
3775,123731968.0,0.0019187568686902523,3.1939077377319336,0.05999999865889549,0.07999999821186066,0.17899608612060547,40.70000076293945
3776,123764736.0,0.0019213765626773238,3.026634931564331,0.0,0.05999999865889549,0.18920457363128662,35.39999771118164
3777,123797504.0,0.0017884965054690838,2.8050425052642822,0.29999998211860657,0.0,0.15302664041519165,32.099998474121094
3778,123830272.0,0.0014200746081769466,2.8396270275115967,0.019999999552965164,0.29999998211860657,0.17314600944519043,32.099998474121094
3779,123863040.0,0.0010193411726504564,3.1445906162261963,0.3400000035762787,0.019999999552965164,0.16614878177642822,35.5
3780,123895808.0,0.0011861693346872926,2.4702870845794678,0.7299999594688416,0.3400000035762787,0.14276936650276184,32.29999923706055
3781,123928576.0,0.0008987070177681744,2.697801113128662,0.35999998450279236,0.7299999594688416,0.16651049256324768,29.899999618530273
3782,123961344.0,0.0012426720932126045,2.9598073959350586,0.7599999904632568,0.35999998450279236,0.19278225302696228,28.899999618530273
3783,123994112.0,0.0012710985029116273,2.934495449066162,0.75,0.7599999904632568,0.1576751470565796,33.20000076293945
3784,124026880.0,0.001279639545828104,2.9130139350891113,0.35999998450279236,0.75,0.16892877221107483,34.70000076293945
3785,124059648.0,0.001737150945700705,2.7538912296295166,0.3799999952316284,0.35999998450279236,0.16116800904273987,29.69999885559082
3786,124092416.0,0.0024784912820905447,2.681569814682007,0.05999999865889549,0.3799999952316284,0.15271466970443726,37.0
3787,124125184.0,0.0008635094272904098,2.968784809112549,0.22999998927116394,0.05999999865889549,0.15038859844207764,37.0
3788,124157952.0,0.0013558762148022652,3.0039710998535156,0.1599999964237213,0.22999998927116394,0.15563960373401642,33.79999923706055
3789,124190720.0,0.0014292577980086207,2.189497709274292,0.11999999731779099,0.1599999964237213,0.17631864547729492,36.099998474121094
3790,124223488.0,0.001212035771459341,2.7685747146606445,0.12999999523162842,0.11999999731779099,0.1600218415260315,28.799999237060547
3791,124256256.0,0.001794897485524416,3.230835199356079,0.10999999940395355,0.12999999523162842,0.15902066230773926,28.799999237060547
3792,124289024.0,0.0012639398919418454,2.6855762004852295,0.3999999761581421,0.10999999940395355,0.15971264243125916,23.799999237060547
3793,124321792.0,0.0018772189505398273,2.703233480453491,0.14000000059604645,0.3999999761581421,0.1583142727613449,31.099998474121094
3794,124354560.0,0.0016806772910058498,3.0541369915008545,0.5099999904632568,0.14000000059604645,0.1686033010482788,23.0
3795,124387328.0,0.0017735206056386232,2.78684139251709,0.7599999904632568,0.5099999904632568,0.16504213213920593,22.69999885559082
3796,124420096.0,0.0013558693462982774,2.5941970348358154,0.7899999618530273,0.7599999904632568,0.1804220974445343,47.099998474121094
3797,124452864.0,0.0013405586360022426,2.6101510524749756,0.6899999976158142,0.7899999618530273,0.15077513456344604,47.79999923706055
3798,124485632.0,0.0013930979184806347,2.6070621013641357,0.6899999976158142,0.6899999976158142,0.15617772936820984,47.599998474121094
3799,124518400.0,0.0009903202299028635,3.1537671089172363,0.6399999856948853,0.6899999976158142,0.17235183715820312,38.70000076293945
3800,124551168.0,0.0011778895277529955,2.6948649883270264,0.6200000047683716,0.6399999856948853,0.16300880908966064,39.20000076293945
3801,124583936.0,0.001415369799360633,2.688707113265991,0.6399999856948853,0.6200000047683716,0.15695805847644806,38.20000076293945
3802,124616704.0,0.0016737279947847128,3.0949206352233887,0.3199999928474426,0.6399999856948853,0.14409545063972473,45.20000076293945
3803,124649472.0,0.0012666337424889207,2.9379305839538574,0.26999998092651367,0.3199999928474426,0.16730499267578125,35.70000076293945
3804,124682240.0,0.0018034969689324498,2.654698133468628,0.35999998450279236,0.26999998092651367,0.1711443066596985,26.899999618530273
3805,124715008.0,0.001167763490229845,2.5722644329071045,0.3400000035762787,0.35999998450279236,0.14215102791786194,19.899999618530273
3806,124747776.0,0.0012779117096215487,2.8041739463806152,0.3499999940395355,0.3400000035762787,0.15885286033153534,28.099998474121094
3807,124780544.0,0.0011454715859144926,3.0430452823638916,0.32999998331069946,0.3499999940395355,0.1774178296327591,28.099998474121094
3808,124813312.0,0.0010783069301396608,2.598100423812866,0.35999998450279236,0.32999998331069946,0.15125301480293274,22.5
3809,124846080.0,0.0010106987319886684,2.649604558944702,0.3199999928474426,0.35999998450279236,0.15823015570640564,37.599998474121094
3810,124878848.0,0.0018844043370336294,2.4866416454315186,0.32999998331069946,0.3199999928474426,0.16374889016151428,24.19999885559082
3811,124911616.0,0.001355149783194065,2.835167646408081,-0.32999998331069946,0.32999998331069946,0.16009393334388733,29.799999237060547
3812,124944384.0,0.001853968482464552,2.6416969299316406,0.17000000178813934,-0.32999998331069946,0.16463413834571838,27.799999237060547
3813,124977152.0,0.0010510638821870089,2.800856828689575,0.14000000059604645,0.17000000178813934,0.161431223154068,27.69999885559082
3814,125009920.0,0.00138474244158715,2.3448119163513184,-0.029999999329447746,0.14000000059604645,0.1713443398475647,23.19999885559082
3815,125042688.0,0.0009510868694633245,2.6830193996429443,-0.03999999910593033,-0.029999999329447746,0.14286872744560242,28.299999237060547
3816,125075456.0,0.0011699151946231723,2.2548153400421143,-0.07000000029802322,-0.03999999910593033,0.16649921238422394,28.299999237060547
3817,125108224.0,0.0013211036566644907,2.9138898849487305,-0.009999999776482582,-0.07000000029802322,0.17367751896381378,24.19999885559082
3818,125140992.0,0.001228880137205124,2.554638147354126,0.10999999940395355,-0.009999999776482582,0.1726716160774231,29.299999237060547
3819,125173760.0,0.001777918660081923,2.8574306964874268,0.1899999976158142,0.10999999940395355,0.16468015313148499,39.29999923706055
3820,125206528.0,0.0013040767516940832,3.186629056930542,-0.009999999776482582,0.1899999976158142,0.16330845654010773,42.20000076293945
3821,125239296.0,0.0014906998258084059,2.903195381164551,0.14999999105930328,-0.009999999776482582,0.16603225469589233,29.599998474121094
3822,125272064.0,0.0012030857615172863,2.5231683254241943,0.4399999976158142,0.14999999105930328,0.16896361112594604,35.79999923706055
3823,125304832.0,0.0008856365457177162,3.0268192291259766,0.38999998569488525,0.4399999976158142,0.14784689247608185,37.70000076293945
3824,125337600.0,0.00104598852340132,2.671642541885376,-0.07999999821186066,0.38999998569488525,0.15526743233203888,34.89999771118164
3825,125370368.0,0.0007225655135698617,2.5368785858154297,0.1599999964237213,-0.07999999821186066,0.16203434765338898,20.5
3826,125403136.0,0.0018142497865483165,2.9359889030456543,0.17000000178813934,0.1599999964237213,0.18123272061347961,33.099998474121094
3827,125435904.0,0.0013359959702938795,2.617428779602051,0.25,0.17000000178813934,0.16932925581932068,41.099998474121094
3828,125468672.0,0.0024360595270991325,2.67791485786438,-0.05999999865889549,0.25,0.16169194877147675,37.099998474121094
3829,125501440.0,0.0015719834482297301,2.6751341819763184,-0.17000000178813934,-0.05999999865889549,0.17590418457984924,15.09999942779541
3830,125534208.0,0.0016420495230704546,2.8520703315734863,-0.09999999403953552,-0.17000000178813934,0.16678071022033691,15.199999809265137
3831,125566976.0,0.0011695686262100935,2.607194423675537,0.0,-0.09999999403953552,0.15374036133289337,19.299999237060547
3832,125599744.0,0.0011413192842155695,2.3194048404693604,-0.009999999776482582,0.0,0.16424891352653503,18.19999885559082
3833,125632512.0,0.0013021351769566536,2.8308870792388916,0.19999998807907104,-0.009999999776482582,0.1574191153049469,18.799999237060547
3834,125665280.0,0.0012523956829681993,2.94138240814209,-0.28999999165534973,0.19999998807907104,0.15778687596321106,25.0
3835,125698048.0,0.001191514078527689,2.6785404682159424,0.5699999928474426,-0.28999999165534973,0.15464547276496887,14.59999942779541
3836,125730816.0,0.0008554336382076144,2.526301383972168,0.6899999976158142,0.5699999928474426,0.16074956953525543,33.099998474121094
3837,125763584.0,0.0011395643232390285,2.598440408706665,0.32999998331069946,0.6899999976158142,0.16881173849105835,28.19999885559082
3838,125796352.0,0.0030091824010014534,2.7002696990966797,0.4699999988079071,0.32999998331069946,0.16547216475009918,23.100000381469727
3839,125829120.0,0.0027543450705707073,2.77683424949646,0.32999998331069946,0.4699999988079071,0.16683518886566162,32.599998474121094
3840,125861888.0,0.0009547790978103876,2.721012830734253,0.05999999865889549,0.32999998331069946,0.14524681866168976,15.699999809265137
3841,125894656.0,0.0008482569246552885,2.3929755687713623,0.17999999225139618,0.05999999865889549,0.14410123229026794,21.69999885559082
3842,125927424.0,0.0014752724673599005,2.720344066619873,0.1599999964237213,0.17999999225139618,0.16429871320724487,26.299999237060547
3843,125960192.0,0.0010782345198094845,2.7609055042266846,0.3400000035762787,0.1599999964237213,0.17207184433937073,20.600000381469727
3844,125992960.0,0.001114328857511282,2.8097450733184814,0.029999999329447746,0.3400000035762787,0.1503429114818573,28.399999618530273
3845,126025728.0,0.0009639261406846344,3.0497934818267822,0.14999999105930328,0.029999999329447746,0.15018616616725922,19.100000381469727
3846,126058496.0,0.0019459708128124475,2.691336154937744,0.10999999940395355,0.14999999105930328,0.16526834666728973,16.19999885559082
3847,126091264.0,0.001476633595302701,2.4003453254699707,0.6100000143051147,0.10999999940395355,0.14817479252815247,18.799999237060547
3848,126124032.0,0.0012663230299949646,2.8684909343719482,0.04999999701976776,0.6100000143051147,0.13935399055480957,44.79999923706055
3849,126156800.0,0.001600449439138174,3.178144931793213,0.19999998807907104,0.04999999701976776,0.16535428166389465,22.69999885559082
3850,126189568.0,0.0008495140355080366,3.134725570678711,0.029999999329447746,0.19999998807907104,0.12565873563289642,28.69999885559082
3851,126222336.0,0.0011718034511432052,2.4282124042510986,-0.12999999523162842,0.029999999329447746,0.17560739815235138,15.699999809265137
3852,126255104.0,0.0011879988014698029,2.985515594482422,-0.10999999940395355,-0.12999999523162842,0.1496494710445404,13.59999942779541
3853,126287872.0,0.0025284227449446917,2.658512830734253,-0.10999999940395355,-0.10999999940395355,0.172250896692276,13.59999942779541
3854,126320640.0,0.0016891725827008486,2.4167520999908447,-0.11999999731779099,-0.10999999940395355,0.16477113962173462,13.59999942779541
3855,126353408.0,0.001294432790018618,2.9615163803100586,-0.14999999105930328,-0.11999999731779099,0.17312633991241455,13.59999942779541
3856,126386176.0,0.0011489434400573373,3.003845691680908,-0.12999999523162842,-0.14999999105930328,0.14887356758117676,21.299999237060547
3857,126418944.0,0.0015733337495476007,2.7539122104644775,-0.1599999964237213,-0.12999999523162842,0.176457941532135,20.100000381469727
3858,126451712.0,0.0012838522670790553,2.6175925731658936,-0.11999999731779099,-0.1599999964237213,0.16753661632537842,17.0
3859,126484480.0,0.0018816340016201138,3.126970052719116,-0.14999999105930328,-0.11999999731779099,0.18103498220443726,24.399999618530273
3860,126517248.0,0.0008933391654863954,2.887033462524414,-0.14000000059604645,-0.14999999105930328,0.13554731011390686,24.299999237060547
3861,126550016.0,0.0013354727998375893,2.9942562580108643,-0.17000000178813934,-0.14000000059604645,0.16453669965267181,28.5
3862,126582784.0,0.0008872621692717075,2.551412582397461,0.17999999225139618,-0.17000000178813934,0.14669787883758545,23.19999885559082
3863,126615552.0,0.0018467046320438385,2.9944679737091064,0.3499999940395355,0.17999999225139618,0.14827756583690643,30.299999237060547
3864,126648320.0,0.0016864994540810585,3.0996298789978027,0.2199999988079071,0.3499999940395355,0.1523609459400177,41.29999923706055
3865,126681088.0,0.0011912670452147722,2.4215450286865234,0.20999999344348907,0.2199999988079071,0.16244986653327942,40.5
3866,126713856.0,0.0007801544270478189,3.049267530441284,0.20999999344348907,0.20999999344348907,0.1636490374803543,38.89999771118164
3867,126746624.0,0.001616999739781022,2.8985700607299805,0.47999998927116394,0.20999999344348907,0.15546086430549622,38.89999771118164
3868,126779392.0,0.0016766604967415333,2.409407138824463,0.25,0.47999998927116394,0.16754864156246185,37.70000076293945
3869,126812160.0,0.0010264866286888719,2.585646152496338,0.1899999976158142,0.25,0.16699658334255219,38.099998474121094
3870,126844928.0,0.001895798952318728,2.888792037963867,0.85999995470047,0.1899999976158142,0.17247483134269714,33.70000076293945
3871,126877696.0,0.0013868408277630806,3.0350940227508545,0.6800000071525574,0.85999995470047,0.1531919538974762,47.0
3872,126910464.0,0.001664073672145605,2.7380430698394775,0.9699999690055847,0.6800000071525574,0.16459298133850098,37.89999771118164
3873,126943232.0,0.0017997946124523878,2.7503702640533447,0.5299999713897705,0.9699999690055847,0.15620282292366028,51.099998474121094
3874,126976000.0,0.0014479778474196792,2.505096673965454,0.41999998688697815,0.5299999713897705,0.15321770310401917,40.0
3875,127008768.0,0.0014358956832438707,2.6269872188568115,0.3700000047683716,0.41999998688697815,0.14953218400478363,36.0
3876,127041536.0,0.0012948010116815567,2.7171385288238525,0.44999998807907104,0.3700000047683716,0.1680445373058319,22.600000381469727
3877,127074304.0,0.0016920873895287514,2.526362180709839,0.32999998331069946,0.44999998807907104,0.14801427721977234,47.89999771118164
3878,127107072.0,0.0018219288904219866,2.797391414642334,0.1899999976158142,0.32999998331069946,0.16059811413288116,44.0
3879,127139840.0,0.00142702367156744,2.826188325881958,0.20999999344348907,0.1899999976158142,0.14632487297058105,34.70000076293945
3880,127172608.0,0.0013647290179505944,2.2457351684570312,0.17999999225139618,0.20999999344348907,0.17130078375339508,43.0
3881,127205376.0,0.001638912595808506,2.5495705604553223,-0.019999999552965164,0.17999999225139618,0.14896254241466522,39.599998474121094
3882,127238144.0,0.0016776269767433405,2.5754477977752686,-0.03999999910593033,-0.019999999552965164,0.15734945237636566,43.70000076293945
3883,127270912.0,0.0013771145604550838,2.7676475048065186,0.04999999701976776,-0.03999999910593033,0.16288447380065918,38.099998474121094
3884,127303680.0,0.0011933355126529932,2.913898468017578,0.2800000011920929,0.04999999701976776,0.13819274306297302,41.70000076293945
3885,127336448.0,0.0019683686550706625,2.708284616470337,0.25,0.2800000011920929,0.17030058801174164,34.0
3886,127369216.0,0.002167832339182496,2.981170654296875,0.2199999988079071,0.25,0.1558467149734497,17.899999618530273
3887,127401984.0,0.0009061717428267002,2.690157890319824,-0.009999999776482582,0.2199999988079071,0.1686873435974121,20.69999885559082
3888,127434752.0,0.001102531561627984,3.053583860397339,0.08999999612569809,-0.009999999776482582,0.14391924440860748,20.899999618530273
3889,127467520.0,0.0014684710185974836,2.6817493438720703,0.17999999225139618,0.08999999612569809,0.17309057712554932,23.0
3890,127500288.0,0.0006485381163656712,2.8708484172821045,0.28999999165534973,0.17999999225139618,0.1467685103416443,15.59999942779541
3891,127533056.0,0.001208808971568942,2.411433458328247,0.25999999046325684,0.28999999165534973,0.15582194924354553,21.600000381469727
3892,127565824.0,0.0010846881195902824,2.7932026386260986,0.3400000035762787,0.25999999046325684,0.1360575407743454,15.59999942779541
3893,127598592.0,0.0021182543132454157,2.7681350708007812,0.07999999821186066,0.3400000035762787,0.1627427041530609,28.399999618530273
3894,127631360.0,0.0011172646190971136,3.0209925174713135,0.11999999731779099,0.07999999821186066,0.13772806525230408,31.799999237060547
3895,127664128.0,0.0024347957223653793,3.1337478160858154,0.10999999940395355,0.11999999731779099,0.18854789435863495,36.20000076293945
3896,127696896.0,0.0015241934452205896,2.443713426589966,0.07000000029802322,0.10999999940395355,0.1887657344341278,34.20000076293945
3897,127729664.0,0.0014783346559852362,2.9378421306610107,0.26999998092651367,0.07000000029802322,0.14615748822689056,39.39999771118164
3898,127762432.0,0.0011624342296272516,2.796613931655884,0.23999999463558197,0.26999998092651367,0.17119184136390686,43.39999771118164
3899,127795200.0,0.0014412044547498226,3.086308240890503,0.23999999463558197,0.23999999463558197,0.1648034155368805,42.39999771118164
3900,127827968.0,0.0018012018408626318,2.540905714035034,0.23999999463558197,0.23999999463558197,0.1713763326406479,43.20000076293945
3901,127860736.0,0.0020576443057507277,2.859942674636841,0.22999998927116394,0.23999999463558197,0.16212666034698486,36.29999923706055
3902,127893504.0,0.001413540099747479,2.944218635559082,0.29999998211860657,0.22999998927116394,0.14444535970687866,37.599998474121094
3903,127926272.0,0.0018015832174569368,2.39668345451355,0.25,0.29999998211860657,0.17863312363624573,39.79999923706055
3904,127959040.0,0.001586119644343853,2.6050877571105957,0.44999998807907104,0.25,0.16795982420444489,47.39999771118164
3905,127991808.0,0.001992069883272052,2.6828439235687256,0.550000011920929,0.44999998807907104,0.16418619453907013,58.39999771118164
3906,128024576.0,0.001347481505945325,2.7177987098693848,0.14000000059604645,0.550000011920929,0.14128822088241577,73.19999694824219
3907,128057344.0,0.0010655864607542753,2.470097780227661,-0.10999999940395355,0.14000000059604645,0.1575632095336914,46.89999771118164
3908,128090112.0,0.0016426488291472197,2.3883564472198486,0.11999999731779099,-0.10999999940395355,0.16387179493904114,34.89999771118164
3909,128122880.0,0.001578018651343882,2.9868874549865723,0.17999999225139618,0.11999999731779099,0.16179518401622772,51.099998474121094
3910,128155648.0,0.0012558861635625362,2.759373188018799,0.1899999976158142,0.17999999225139618,0.18810027837753296,53.099998474121094
3911,128188416.0,0.0007257364923134446,2.918668270111084,0.3799999952316284,0.1899999976158142,0.144243061542511,53.19999694824219
3912,128221184.0,0.0018485718173906207,2.560244560241699,0.3799999952316284,0.3799999952316284,0.14827001094818115,50.20000076293945
3913,128253952.0,0.0014276655856519938,2.8676416873931885,0.3799999952316284,0.3799999952316284,0.16502819955348969,49.20000076293945
3914,128286720.0,0.0014898412628099322,2.2989742755889893,0.3799999952316284,0.3799999952316284,0.15358248353004456,44.099998474121094
3915,128319488.0,0.0013553239405155182,2.742525815963745,0.28999999165534973,0.3799999952316284,0.17493993043899536,42.0
3916,128352256.0,0.0014123540604487062,2.628131151199341,0.3799999952316284,0.28999999165534973,0.15619483590126038,37.0
3917,128385024.0,0.001800298923626542,2.807966470718384,0.1899999976158142,0.3799999952316284,0.16856396198272705,38.0
3918,128417792.0,0.001048361649736762,2.816840171813965,0.1899999976158142,0.1899999976158142,0.14735573530197144,29.0
3919,128450560.0,0.0017619545105844736,2.6980388164520264,0.019999999552965164,0.1899999976158142,0.16186510026454926,36.0
3920,128483328.0,0.0018351227045059204,2.284254550933838,0.3100000023841858,0.019999999552965164,0.17880333960056305,22.299999237060547
3921,128516096.0,0.0015582137275487185,3.1251325607299805,0.22999998927116394,0.3100000023841858,0.15509550273418427,13.699999809265137
3922,128548864.0,0.0009942197939381003,2.7673418521881104,0.19999998807907104,0.22999998927116394,0.14088159799575806,13.699999809265137
3923,128581632.0,0.0021269251592457294,2.8773438930511475,0.28999999165534973,0.19999998807907104,0.17080438137054443,14.399999618530273
3924,128614400.0,0.0014602667652070522,2.9283347129821777,0.3400000035762787,0.28999999165534973,0.16706912219524384,27.299999237060547
3925,128647168.0,0.0017849633004516363,2.9777371883392334,0.35999998450279236,0.3400000035762787,0.15996617078781128,30.0
3926,128679936.0,0.0012040277943015099,2.521672248840332,0.5699999928474426,0.35999998450279236,0.14080829918384552,24.69999885559082
3927,128712704.0,0.0030565166380256414,2.9654972553253174,0.3700000047683716,0.5699999928474426,0.17567583918571472,38.20000076293945
3928,128745472.0,0.0017761040944606066,2.988891124725342,0.6699999570846558,0.3700000047683716,0.16609618067741394,34.5
3929,128778240.0,0.001573784276843071,2.688682794570923,0.6599999666213989,0.6699999570846558,0.16045954823493958,46.0
3930,128811008.0,0.0016476556193083525,2.498586893081665,0.6699999570846558,0.6599999666213989,0.18072742223739624,46.0
3931,128843776.0,0.0016241436824202538,2.8490803241729736,0.6899999976158142,0.6699999570846558,0.1723301261663437,41.0
3932,128876544.0,0.0012866577599197626,2.610185384750366,0.7599999904632568,0.6899999976158142,0.17830811440944672,44.70000076293945
3933,128909312.0,0.0011459614615887403,2.9306864738464355,0.9099999666213989,0.7599999904632568,0.16779257357120514,53.0
3934,128942080.0,0.000772886851336807,3.170788526535034,0.85999995470047,0.9099999666213989,0.15753932297229767,56.69999694824219
3935,128974848.0,0.0020760963670909405,2.70168399810791,0.85999995470047,0.85999995470047,0.15504190325737,63.29999923706055
3936,129007616.0,0.0016766048502177,2.8383052349090576,1.5499999523162842,0.85999995470047,0.16078948974609375,62.79999923706055
3937,129040384.0,0.0014823509845882654,2.735380172729492,1.6200000047683716,1.5499999523162842,0.15160511434078217,63.79999923706055
3938,129073152.0,0.001709945616312325,2.6379003524780273,1.309999942779541,1.6200000047683716,0.1555538773536682,69.19999694824219
3939,129105920.0,0.0018253647722303867,2.9579620361328125,0.9399999976158142,1.309999942779541,0.14840564131736755,69.19999694824219
3940,129138688.0,0.001173675642348826,3.1509971618652344,0.9300000071525574,0.9399999976158142,0.16057544946670532,67.5999984741211
3941,129171456.0,0.0012648428091779351,3.0470614433288574,0.949999988079071,0.9300000071525574,0.14981797337532043,67.0999984741211
3942,129204224.0,0.0006516846478916705,3.036397695541382,0.8399999737739563,0.949999988079071,0.1596381664276123,66.5999984741211
3943,129236992.0,0.0016912759747356176,2.9345102310180664,0.9699999690055847,0.8399999737739563,0.16886669397354126,44.099998474121094
3944,129269760.0,0.0011149838101118803,2.6132125854492188,0.4099999964237213,0.9699999690055847,0.15530025959014893,75.29999542236328
3945,129302528.0,0.0014607033226639032,2.9455983638763428,0.7400000095367432,0.4099999964237213,0.17001570761203766,45.599998474121094
3946,129335296.0,0.00101238745264709,3.0394747257232666,0.550000011920929,0.7400000095367432,0.15885932743549347,58.29999923706055
3947,129368064.0,0.0012423057341948152,3.4310548305511475,0.1599999964237213,0.550000011920929,0.14931517839431763,40.599998474121094
3948,129400832.0,0.0013550299918279052,2.7284646034240723,0.1599999964237213,0.1599999964237213,0.16853779554367065,28.099998474121094
3949,129433600.0,0.0012701451778411865,2.7963030338287354,0.1899999976158142,0.1599999964237213,0.1562345176935196,28.299999237060547
3950,129466368.0,0.001450006733648479,2.695375442504883,0.20999999344348907,0.1899999976158142,0.16965797543525696,28.099998474121094
3951,129499136.0,0.0019414181588217616,2.8843517303466797,0.12999999523162842,0.20999999344348907,0.16509735584259033,28.19999885559082
3952,129531904.0,0.0011890472378581762,2.448776960372925,0.14000000059604645,0.12999999523162842,0.19077937304973602,19.299999237060547
3953,129564672.0,0.0011272858828306198,2.650912284851074,0.25,0.14000000059604645,0.16616740822792053,22.69999885559082
3954,129597440.0,0.0018906876211985946,2.6662652492523193,0.14000000059604645,0.25,0.16841360926628113,28.099998474121094
3955,129630208.0,0.0008394285687245429,2.576956272125244,0.17000000178813934,0.14000000059604645,0.1423727571964264,40.89999771118164
3956,129662976.0,0.0015146296937018633,2.73928165435791,0.17000000178813934,0.17000000178813934,0.18987467885017395,39.29999923706055
3957,129695744.0,0.001515667885541916,2.669849395751953,0.23999999463558197,0.17000000178813934,0.1498555839061737,38.70000076293945
3958,129728512.0,0.0011409686412662268,2.70880389213562,0.03999999910593033,0.23999999463558197,0.15978604555130005,47.29999923706055
3959,129761280.0,0.0014849656727164984,2.764831304550171,0.20999999344348907,0.03999999910593033,0.15348416566848755,34.39999771118164
3960,129794048.0,0.0016401608008891344,2.6442947387695312,0.14999999105930328,0.20999999344348907,0.16003476083278656,35.89999771118164
3961,129826816.0,0.0009893118403851986,2.712217092514038,0.1899999976158142,0.14999999105930328,0.1317032426595688,25.399999618530273
3962,129859584.0,0.001066109398379922,2.7812912464141846,0.22999998927116394,0.1899999976158142,0.15254560112953186,29.299999237060547
3963,129892352.0,0.0014289733953773975,2.8665032386779785,0.3400000035762787,0.22999998927116394,0.1523135006427765,31.0
3964,129925120.0,0.001406168332323432,3.0151960849761963,0.2199999988079071,0.3400000035762787,0.16058537364006042,36.5
3965,129957888.0,0.002568278694525361,2.1772472858428955,0.4399999976158142,0.2199999988079071,0.17794324457645416,38.099998474121094
3966,129990656.0,0.0015487768687307835,2.896040201187134,0.41999998688697815,0.4399999976158142,0.14468130469322205,29.099998474121094
3967,130023424.0,0.0016130239237099886,2.7935938835144043,0.5199999809265137,0.41999998688697815,0.14900943636894226,26.599998474121094
3968,130056192.0,0.002129248809069395,2.8833303451538086,0.28999999165534973,0.5199999809265137,0.15007619559764862,33.70000076293945
3969,130088960.0,0.0008871626341715455,2.981010913848877,0.2800000011920929,0.28999999165534973,0.17259423434734344,28.69999885559082
3970,130121728.0,0.0020658313296735287,2.7196481227874756,0.23999999463558197,0.2800000011920929,0.1655433624982834,13.09999942779541
3971,130154496.0,0.002018936909735203,2.578589677810669,0.29999998211860657,0.23999999463558197,0.1762257218360901,27.69999885559082
3972,130187264.0,0.0008484349818900228,2.848029375076294,-0.11999999731779099,0.29999998211860657,0.1447252631187439,20.799999237060547
3973,130220032.0,0.0013553755125030875,2.6243183612823486,-0.12999999523162842,-0.11999999731779099,0.17611545324325562,19.69999885559082
3974,130252800.0,0.0034669246524572372,2.9643020629882812,-0.03999999910593033,-0.12999999523162842,0.14426496624946594,18.19999885559082
3975,130285568.0,0.0016413955017924309,2.9268245697021484,-0.03999999910593033,-0.03999999910593033,0.15090668201446533,14.199999809265137
3976,130318336.0,0.0014380402863025665,2.701275587081909,0.029999999329447746,-0.03999999910593033,0.17251873016357422,17.19999885559082
3977,130351104.0,0.0013603016268461943,2.8132803440093994,-0.07000000029802322,0.029999999329447746,0.16024377942085266,20.600000381469727
3978,130383872.0,0.0012910549994558096,2.6206648349761963,0.1599999964237213,-0.07000000029802322,0.14945492148399353,14.299999237060547
3979,130416640.0,0.0014387142146006227,2.726916551589966,-0.07999999821186066,0.1599999964237213,0.18141226470470428,17.100000381469727
3980,130449408.0,0.0015557886799797416,2.6031763553619385,0.3499999940395355,-0.07999999821186066,0.16664361953735352,20.0
3981,130482176.0,0.0008848680881783366,3.0940804481506348,0.47999998927116394,0.3499999940395355,0.14800678193569183,25.899999618530273
3982,130514944.0,0.0032849377021193504,3.0894362926483154,0.3700000047683716,0.47999998927116394,0.1629732847213745,34.5
3983,130547712.0,0.0010877042077481747,2.89758563041687,0.32999998331069946,0.3700000047683716,0.163282573223114,29.799999237060547
3984,130580480.0,0.0023558400571346283,2.9613840579986572,0.3199999928474426,0.32999998331069946,0.16911229491233826,25.799999237060547
3985,130613248.0,0.0017276741564273834,3.1549386978149414,-0.03999999910593033,0.3199999928474426,0.14390546083450317,30.399999618530273
3986,130646016.0,0.0009856275282800198,2.4865832328796387,-0.019999999552965164,-0.03999999910593033,0.15315356850624084,11.59999942779541
3987,130678784.0,0.000879995699506253,3.1183016300201416,-0.26999998092651367,-0.019999999552965164,0.15755003690719604,21.799999237060547
3988,130711552.0,0.0013374218251556158,2.905303716659546,0.07000000029802322,-0.26999998092651367,0.14628002047538757,21.299999237060547
3989,130744320.0,0.0008963196305558085,2.622730255126953,0.3999999761581421,0.07000000029802322,0.14184658229351044,29.599998474121094
3990,130777088.0,0.0012735351920127869,2.8234970569610596,0.3999999761581421,0.3999999761581421,0.16391471028327942,31.19999885559082
3991,130809856.0,0.001557581010274589,2.7421672344207764,0.3499999940395355,0.3999999761581421,0.16433975100517273,37.099998474121094
3992,130842624.0,0.001086165546439588,2.6881678104400635,0.4399999976158142,0.3499999940395355,0.13547571003437042,37.79999923706055
3993,130875392.0,0.0017210710793733597,2.7116990089416504,0.38999998569488525,0.4399999976158142,0.1630018949508667,26.099998474121094
3994,130908160.0,0.002083052881062031,2.8929543495178223,0.4399999976158142,0.38999998569488525,0.15775564312934875,37.099998474121094
3995,130940928.0,0.0013774167746305466,2.4948601722717285,0.23999999463558197,0.4399999976158142,0.16005364060401917,42.599998474121094
3996,130973696.0,0.0015149503014981747,3.0369961261749268,0.19999998807907104,0.23999999463558197,0.1481206715106964,35.599998474121094
3997,131006464.0,0.0018026045290753245,3.0304133892059326,0.22999998927116394,0.19999998807907104,0.17628732323646545,35.599998474121094
3998,131039232.0,0.0015108815860003233,3.114208221435547,-0.1899999976158142,0.22999998927116394,0.1611497700214386,39.0
3999,131072000.0,0.0017409001011401415,2.7973639965057373,0.14000000059604645,-0.1899999976158142,0.15076309442520142,17.100000381469727
4000,131104768.0,0.0013007986126467586,2.374830961227417,0.14000000059604645,0.14000000059604645,0.15616747736930847,22.0
4001,131137536.0,0.0013270092895254493,2.573329210281372,0.09999999403953552,0.14000000059604645,0.14770106971263885,22.100000381469727
4002,131170304.0,0.001135004567913711,2.898806095123291,0.10999999940395355,0.09999999403953552,0.1605716496706009,26.099998474121094
4003,131203072.0,0.0009383418946526945,3.113426685333252,-0.03999999910593033,0.10999999940395355,0.1356632560491562,22.899999618530273
4004,131235840.0,0.0014775365125387907,2.6375083923339844,0.35999998450279236,-0.03999999910593033,0.17276893556118011,18.399999618530273
4005,131268608.0,0.0012323770206421614,3.0573277473449707,-0.029999999329447746,0.35999998450279236,0.1679430454969406,14.5
4006,131301376.0,0.0011423304677009583,2.745351552963257,0.4099999964237213,-0.029999999329447746,0.15849646925926208,7.099999904632568
4007,131334144.0,0.002014587866142392,2.8754940032958984,0.5699999928474426,0.4099999964237213,0.16224238276481628,21.69999885559082
4008,131366912.0,0.001820309553295374,2.7564470767974854,0.3199999928474426,0.5699999928474426,0.17403888702392578,28.099998474121094
4009,131399680.0,0.0012314110063016415,3.1489105224609375,0.2199999988079071,0.3199999928474426,0.16237765550613403,30.69999885559082
4010,131432448.0,0.0009214123710989952,3.0611703395843506,0.26999998092651367,0.2199999988079071,0.14520959556102753,23.69999885559082
4011,131465216.0,0.001765065360814333,2.30001163482666,0.3400000035762787,0.26999998092651367,0.17761164903640747,15.09999942779541
4012,131497984.0,0.0009078880539163947,2.8802690505981445,-0.05999999865889549,0.3400000035762787,0.14563152194023132,25.69999885559082
4013,131530752.0,0.0021508303470909595,2.790602207183838,0.38999998569488525,-0.05999999865889549,0.16519100964069366,24.100000381469727
4014,131563520.0,0.000981357879936695,2.822542428970337,0.4599999785423279,0.38999998569488525,0.13598406314849854,31.099998474121094
4015,131596288.0,0.0015750546008348465,2.860330581665039,0.3799999952316284,0.4599999785423279,0.13613510131835938,25.100000381469727
4016,131629056.0,0.001718985615298152,2.785569429397583,0.3499999940395355,0.3799999952316284,0.1734018474817276,34.20000076293945
4017,131661824.0,0.001746375230140984,2.744183301925659,0.38999998569488525,0.3499999940395355,0.13287048041820526,32.099998474121094
4018,131694592.0,0.0011826847912743688,2.7647690773010254,0.6399999856948853,0.38999998569488525,0.15073935687541962,40.5
4019,131727360.0,0.0009656966431066394,2.7137815952301025,0.7999999523162842,0.6399999856948853,0.15103226900100708,40.5
4020,131760128.0,0.001260194112546742,2.8689472675323486,0.32999998331069946,0.7999999523162842,0.14117607474327087,43.599998474121094
4021,131792896.0,0.0007899439660832286,2.827925443649292,0.1899999976158142,0.32999998331069946,0.1583711951971054,45.099998474121094
4022,131825664.0,0.0011677455622702837,2.9644906520843506,0.29999998211860657,0.1899999976158142,0.1635468304157257,38.20000076293945
4023,131858432.0,0.001392412232235074,2.6544039249420166,0.1899999976158142,0.29999998211860657,0.16958457231521606,54.39999771118164
4024,131891200.0,0.0015667576808482409,2.9055514335632324,0.3499999940395355,0.1899999976158142,0.17498666048049927,30.799999237060547
4025,131923968.0,0.001051578437909484,2.9608640670776367,0.41999998688697815,0.3499999940395355,0.14064349234104156,42.89999771118164
4026,131956736.0,0.0017336818855255842,2.559608221054077,0.03999999910593033,0.41999998688697815,0.15264657139778137,46.39999771118164
4027,131989504.0,0.007971887476742268,2.7823143005371094,0.04999999701976776,0.03999999910593033,0.18463559448719025,49.599998474121094
4028,132022272.0,0.00256445468403399,3.1147637367248535,0.25,0.04999999701976776,0.15787193179130554,48.70000076293945
4029,132055040.0,0.0018901858711615205,2.92407488822937,0.03999999910593033,0.25,0.16329434514045715,44.099998474121094
4030,132087808.0,0.0010358078870922327,2.312044382095337,0.1899999976158142,0.03999999910593033,0.1386488378047943,41.20000076293945
4031,132120576.0,0.0008498250972479582,2.8192861080169678,0.04999999701976776,0.1899999976158142,0.16169112920761108,37.20000076293945
4032,132153344.0,0.0022494338918477297,2.4770171642303467,0.4699999988079071,0.04999999701976776,0.14323702454566956,50.70000076293945
4033,132186112.0,0.0016443737549707294,2.62620210647583,0.550000011920929,0.4699999988079071,0.15395018458366394,57.5
4034,132218880.0,0.002211933024227619,2.582202911376953,0.5099999904632568,0.550000011920929,0.1450483202934265,53.79999923706055
4035,132251648.0,0.0015145388897508383,2.679433584213257,0.2800000011920929,0.5099999904632568,0.16853825747966766,64.5
4036,132284416.0,0.0008461197139695287,2.6751132011413574,0.47999998927116394,0.2800000011920929,0.13907676935195923,50.20000076293945
4037,132317184.0,0.0014595286920666695,2.5352985858917236,0.4399999976158142,0.47999998927116394,0.1680820882320404,64.0
4038,132349952.0,0.0015058629214763641,2.9892029762268066,0.41999998688697815,0.4399999976158142,0.17045068740844727,55.39999771118164
4039,132382720.0,0.0010565436678007245,2.696749448776245,0.3999999761581421,0.41999998688697815,0.13597041368484497,56.39999771118164
4040,132415488.0,0.0016919802874326706,2.9032747745513916,0.4399999976158142,0.3999999761581421,0.159745454788208,59.39999771118164
4041,132448256.0,0.0012675600592046976,3.321241617202759,0.20999999344348907,0.4399999976158142,0.1661711186170578,59.79999923706055
4042,132481024.0,0.0015528063522651792,2.616481065750122,0.26999998092651367,0.20999999344348907,0.16626359522342682,39.0
4043,132513792.0,0.0023231031373143196,3.1086649894714355,0.47999998927116394,0.26999998092651367,0.17628034949302673,53.599998474121094
4044,132546560.0,0.002450206084176898,3.0547633171081543,0.5099999904632568,0.47999998927116394,0.16652847826480865,52.599998474121094
4045,132579328.0,0.0022248313762247562,2.561572313308716,0.3700000047683716,0.5099999904632568,0.16701975464820862,49.099998474121094
4046,132612096.0,0.0012558387825265527,2.57934832572937,0.08999999612569809,0.3700000047683716,0.13813242316246033,44.599998474121094
4047,132644864.0,0.0011290169786661863,3.3714194297790527,0.32999998331069946,0.08999999612569809,0.1596711277961731,24.5
4048,132677632.0,0.0015250080032274127,2.538900852203369,0.20999999344348907,0.32999998331069946,0.13670027256011963,45.0
4049,132710400.0,0.0014453197363764048,3.0617058277130127,0.7199999690055847,0.20999999344348907,0.177773118019104,44.0
4050,132743168.0,0.0015177191235125065,2.383166790008545,0.5099999904632568,0.7199999690055847,0.16597282886505127,61.29999923706055
4051,132775936.0,0.0019740513525903225,2.668846368789673,0.5199999809265137,0.5099999904632568,0.15129244327545166,52.79999923706055
4052,132808704.0,0.0015523504698649049,2.927607774734497,0.5,0.5199999809265137,0.16524682939052582,50.599998474121094
4053,132841472.0,0.0008945281151682138,2.8412623405456543,0.12999999523162842,0.5,0.16149207949638367,51.599998474121094
4054,132874240.0,0.0010370872914791107,2.8079605102539062,0.05999999865889549,0.12999999523162842,0.1517747938632965,46.29999923706055
4055,132907008.0,0.0012225548271089792,2.1885056495666504,0.4699999988079071,0.05999999865889549,0.1847682148218155,44.20000076293945
4056,132939776.0,0.002518024295568466,2.634172201156616,0.4099999964237213,0.4699999988079071,0.1434982270002365,44.0
4057,132972544.0,0.0016422871267423034,2.2496838569641113,0.75,0.4099999964237213,0.17654019594192505,47.20000076293945
4058,133005312.0,0.0016955952160060406,2.7061538696289062,0.8100000023841858,0.75,0.15675075352191925,49.29999923706055
4059,133038080.0,0.001533998642116785,2.70072865486145,0.8799999952316284,0.8100000023841858,0.1488504707813263,46.099998474121094
4060,133070848.0,0.001262259902432561,2.6661970615386963,0.699999988079071,0.8799999952316284,0.15297193825244904,51.0
4061,133103616.0,0.0008578337728977203,2.8797523975372314,0.6100000143051147,0.699999988079071,0.14878542721271515,39.5
4062,133136384.0,0.0013640839606523514,2.6115520000457764,0.7799999713897705,0.6100000143051147,0.16176827251911163,49.599998474121094
4063,133169152.0,0.0013856105506420135,2.6679582595825195,0.7400000095367432,0.7799999713897705,0.14466458559036255,46.099998474121094
4064,133201920.0,0.0010935993632301688,2.655332088470459,0.7799999713897705,0.7400000095367432,0.1371244490146637,51.099998474121094
4065,133234688.0,0.001250332104973495,3.1129703521728516,0.5199999809265137,0.7799999713897705,0.15283140540122986,42.89999771118164
4066,133267456.0,0.0012982399202883244,2.824077606201172,0.3799999952316284,0.5199999809265137,0.16395063698291779,48.0
4067,133300224.0,0.003438754938542843,2.699732780456543,0.4399999976158142,0.3799999952316284,0.1648901253938675,49.20000076293945
4068,133332992.0,0.0009202436776831746,2.8238449096679688,0.09999999403953552,0.4399999976158142,0.1445392668247223,37.39999771118164
4069,133365760.0,0.001724863424897194,2.408475160598755,0.12999999523162842,0.09999999403953552,0.1397961527109146,41.599998474121094
4070,133398528.0,0.001677888911217451,2.589081048965454,0.4399999976158142,0.12999999523162842,0.15355458855628967,38.39999771118164
4071,133431296.0,0.0009754733182489872,2.9115946292877197,0.32999998331069946,0.4399999976158142,0.16218718886375427,46.20000076293945
4072,133464064.0,0.0010479009943082929,2.7581279277801514,0.3700000047683716,0.32999998331069946,0.14774972200393677,56.29999923706055
4073,133496832.0,0.001302744960412383,2.3857638835906982,0.699999988079071,0.3700000047683716,0.1551438271999359,55.39999771118164
4074,133529600.0,0.0014626717893406749,2.2050318717956543,0.6399999856948853,0.699999988079071,0.17361417412757874,55.39999771118164
4075,133562368.0,0.0011842703679576516,2.401209592819214,0.6699999570846558,0.6399999856948853,0.1606827974319458,50.39999771118164
4076,133595136.0,0.0022396408021450043,2.5014781951904297,0.6699999570846558,0.6699999570846558,0.16235759854316711,52.39999771118164
4077,133627904.0,0.002370719099417329,2.889219045639038,0.7199999690055847,0.6699999570846558,0.1953539103269577,63.89999771118164
4078,133660672.0,0.002285828348249197,2.5539844036102295,0.699999988079071,0.7199999690055847,0.15917553007602692,70.9000015258789
4079,133693440.0,0.0013692483771592379,2.765803337097168,0.7099999785423279,0.699999988079071,0.1509905755519867,60.39999771118164
4080,133726208.0,0.0016846335493028164,2.7190210819244385,0.6699999570846558,0.7099999785423279,0.18081673979759216,66.19999694824219
4081,133758976.0,0.0021115425042808056,2.8263204097747803,0.44999998807907104,0.6699999570846558,0.1587434709072113,54.39999771118164
4082,133791744.0,0.0018211454153060913,2.7131707668304443,0.32999998331069946,0.44999998807907104,0.1854630410671234,58.39999771118164
4083,133824512.0,0.0011343564838171005,2.6468234062194824,0.32999998331069946,0.32999998331069946,0.16645660996437073,50.39999771118164
4084,133857280.0,0.0018155018333345652,2.6937434673309326,0.32999998331069946,0.32999998331069946,0.1397920548915863,50.39999771118164
4085,133890048.0,0.001805848442018032,2.8989691734313965,0.7699999809265137,0.32999998331069946,0.1877831518650055,46.29999923706055
4086,133922816.0,0.0015847723698243499,2.5003697872161865,0.6899999976158142,0.7699999809265137,0.15362513065338135,58.099998474121094
4087,133955584.0,0.0013786581112071872,2.9233815670013428,0.6200000047683716,0.6899999976158142,0.1520392894744873,47.29999923706055
4088,133988352.0,0.0009012033697217703,2.975181818008423,0.9599999785423279,0.6200000047683716,0.14574718475341797,49.29999923706055
4089,134021120.0,0.0011105217272415757,2.7846837043762207,0.6899999976158142,0.9599999785423279,0.13233840465545654,63.29999923706055
4090,134053888.0,0.001080590533092618,2.3578121662139893,1.059999942779541,0.6899999976158142,0.16451025009155273,60.099998474121094
4091,134086656.0,0.001525738975033164,2.8199641704559326,1.100000023841858,1.059999942779541,0.15920904278755188,58.0
4092,134119424.0,0.0020238831639289856,2.892764091491699,1.0,1.100000023841858,0.14920029044151306,60.5
4093,134152192.0,0.0011038141092285514,2.7526800632476807,0.7400000095367432,1.0,0.16714052855968475,60.79999923706055
4094,134184960.0,0.0013061065692454576,2.489056348800659,0.1599999964237213,0.7400000095367432,0.1665547490119934,45.5
4095,134217728.0,0.0007954336469992995,2.922534704208374,0.35999998450279236,0.1599999964237213,0.15260255336761475,37.5
4096,134250496.0,0.001352876890450716,2.550147771835327,0.28999999165534973,0.35999998450279236,0.15288713574409485,37.39999771118164
4097,134283264.0,0.0019504060037434101,3.3766376972198486,1.100000023841858,0.28999999165534973,0.13667526841163635,36.89999771118164
4098,134316032.0,0.0010435914155095816,2.675994873046875,0.4699999988079071,1.100000023841858,0.13674457371234894,45.39999771118164
4099,134348800.0,0.0015238658525049686,2.689650535583496,0.5099999904632568,0.4699999988079071,0.14088678359985352,48.5
4100,134381568.0,0.0017007639398798347,2.256699800491333,1.0499999523162842,0.5099999904632568,0.1726810336112976,51.89999771118164
4101,134414336.0,0.0012035752879455686,3.092420816421509,1.0099999904632568,1.0499999523162842,0.1307794600725174,49.5
4102,134447104.0,0.001034216838888824,2.7806100845336914,0.9699999690055847,1.0099999904632568,0.1664942353963852,60.39999771118164
4103,134479872.0,0.0013314899988472462,2.790151834487915,1.0399999618530273,0.9699999690055847,0.1515192836523056,49.5
4104,134512640.0,0.0021851910278201103,2.595707654953003,1.350000023841858,1.0399999618530273,0.15674546360969543,51.89999771118164
4105,134545408.0,0.0015174426371231675,2.66601300239563,1.2999999523162842,1.350000023841858,0.16828703880310059,52.39999771118164
4106,134578176.0,0.001536637544631958,2.9914302825927734,1.3299999237060547,1.2999999523162842,0.1633937954902649,49.5
4107,134610944.0,0.0014578038826584816,2.7211122512817383,1.350000023841858,1.3299999237060547,0.15167059004306793,50.70000076293945
4108,134643712.0,0.0017938431119546294,2.6581099033355713,1.3700000047683716,1.350000023841858,0.1362190693616867,51.0
4109,134676480.0,0.0016193123301491141,2.471039056777954,0.6499999761581421,1.3700000047683716,0.1499708741903305,54.39999771118164
4110,134709248.0,0.002503202296793461,2.643779993057251,1.0099999904632568,0.6499999761581421,0.15767905116081238,44.5
4111,134742016.0,0.0016782681923359632,3.13554310798645,1.0399999618530273,1.0099999904632568,0.15212899446487427,57.39999771118164
4112,134774784.0,0.001590344007126987,2.582080364227295,0.75,1.0399999618530273,0.16786423325538635,68.19999694824219
4113,134807552.0,0.001292316010221839,2.6462972164154053,0.75,0.75,0.14850425720214844,57.89999771118164
4114,134840320.0,0.0017474230844527483,2.634777545928955,1.159999966621399,0.75,0.15251490473747253,59.0
4115,134873088.0,0.001632685773074627,2.619699001312256,1.149999976158142,1.159999966621399,0.14297577738761902,63.0
4116,134905856.0,0.0017869354924187064,2.7886223793029785,0.9199999570846558,1.149999976158142,0.15192976593971252,65.29999542236328
4117,134938624.0,0.002300447318702936,2.6989822387695312,1.5099999904632568,0.9199999570846558,0.15638495981693268,37.0
4118,134971392.0,0.0018811352783814073,2.9096686840057373,1.2400000095367432,1.5099999904632568,0.15936630964279175,65.9000015258789
4119,135004160.0,0.0011119041591882706,2.564577341079712,1.2400000095367432,1.2400000095367432,0.14389732480049133,59.0
4120,135036928.0,0.0016231915215030313,3.1507108211517334,0.9099999666213989,1.2400000095367432,0.14111259579658508,60.19999694824219
4121,135069696.0,0.0008370347204618156,2.5230038166046143,0.5899999737739563,0.9099999666213989,0.16602739691734314,62.29999923706055
4122,135102464.0,0.002128346124663949,2.452984571456909,0.8999999761581421,0.5899999737739563,0.15365518629550934,50.89999771118164
4123,135135232.0,0.002580511849373579,3.03647518157959,0.3199999928474426,0.8999999761581421,0.1468108892440796,61.89999771118164
4124,135168000.0,0.0014460314996540546,2.7542638778686523,0.28999999165534973,0.3199999928474426,0.16825827956199646,52.599998474121094
4125,135200768.0,0.001554759219288826,2.6315505504608154,-0.019999999552965164,0.28999999165534973,0.14210525155067444,50.099998474121094
4126,135233536.0,0.001450746669434011,2.7008004188537598,0.19999998807907104,-0.019999999552965164,0.15351222455501556,43.599998474121094
4127,135266304.0,0.0016236486844718456,2.8775267601013184,-0.05999999865889549,0.19999998807907104,0.14080961048603058,43.599998474121094
4128,135299072.0,0.0011647521751001477,2.6229982376098633,0.3700000047683716,-0.05999999865889549,0.15998832881450653,42.099998474121094
4129,135331840.0,0.0011086206650361419,2.623879909515381,0.35999998450279236,0.3700000047683716,0.15501901507377625,36.599998474121094
4130,135364608.0,0.001096764812245965,2.701732635498047,0.32999998331069946,0.35999998450279236,0.1403013914823532,39.099998474121094
4131,135397376.0,0.0017295905854552984,2.4974310398101807,0.35999998450279236,0.32999998331069946,0.15661007165908813,36.20000076293945
4132,135430144.0,0.001518897246569395,2.5015130043029785,0.9399999976158142,0.35999998450279236,0.15185582637786865,39.70000076293945
4133,135462912.0,0.0012505744816735387,3.2220571041107178,0.6100000143051147,0.9399999976158142,0.1497127115726471,53.89999771118164
4134,135495680.0,0.002132582478225231,2.662337064743042,0.07000000029802322,0.6100000143051147,0.16069725155830383,52.19999694824219
4135,135528448.0,0.0014601487200707197,2.6416382789611816,0.05999999865889549,0.07000000029802322,0.17192843556404114,26.899999618530273
4136,135561216.0,0.0017677259165793657,2.684587240219116,0.07000000029802322,0.05999999865889549,0.1571473777294159,28.0
4137,135593984.0,0.0017556240782141685,3.0300755500793457,0.3999999761581421,0.07000000029802322,0.1558052897453308,33.0
4138,135626752.0,0.0010984002146869898,2.329210042953491,0.28999999165534973,0.3999999761581421,0.13223834335803986,41.5
4139,135659520.0,0.0013010527472943068,2.7254316806793213,0.5799999833106995,0.28999999165534973,0.1522778421640396,45.5
4140,135692288.0,0.0007493830053135753,2.792909860610962,0.949999988079071,0.5799999833106995,0.16266696155071259,54.0
4141,135725056.0,0.0014102058485150337,2.266842842102051,0.9199999570846558,0.949999988079071,0.14947274327278137,64.5
4142,135757824.0,0.0015739970840513706,3.0072340965270996,0.9199999570846558,0.9199999570846558,0.15234698355197906,62.89999771118164
4143,135790592.0,0.001396775827743113,2.536961078643799,0.5,0.9199999570846558,0.13884155452251434,69.4000015258789
4144,135823360.0,0.0008751978748477995,2.687077045440674,0.949999988079071,0.5,0.14862984418869019,71.0999984741211
4145,135856128.0,0.0014224729966372252,2.2807745933532715,0.9300000071525574,0.949999988079071,0.1491604745388031,74.5
4146,135888896.0,0.001478946884162724,2.945526123046875,0.9300000071525574,0.9300000071525574,0.16026081144809723,58.19999694824219
4147,135921664.0,0.001539089367724955,2.828577756881714,0.9300000071525574,0.9300000071525574,0.1547641009092331,58.89999771118164
4148,135954432.0,0.0017180670984089375,3.095719575881958,0.9199999570846558,0.9300000071525574,0.1586061716079712,59.0
4149,135987200.0,0.0016719282139092684,2.6667587757110596,0.9199999570846558,0.9199999570846558,0.17339643836021423,68.4000015258789
4150,136019968.0,0.001071664853952825,2.7794463634490967,0.9300000071525574,0.9199999570846558,0.13677024841308594,64.0999984741211
4151,136052736.0,0.0013078672345727682,2.480548620223999,0.8999999761581421,0.9300000071525574,0.1487075537443161,59.29999923706055
4152,136085504.0,0.0011873927433043718,2.3386688232421875,0.8799999952316284,0.8999999761581421,0.164918914437294,59.29999923706055
4153,136118272.0,0.001897825044579804,2.7569327354431152,0.7099999785423279,0.8799999952316284,0.13604944944381714,62.5
4154,136151040.0,0.0013546627014875412,2.6893057823181152,0.7400000095367432,0.7099999785423279,0.15584462881088257,50.79999923706055
4155,136183808.0,0.001466866466216743,3.0851707458496094,0.9799999594688416,0.7400000095367432,0.12271039932966232,55.19999694824219
4156,136216576.0,0.0018115006387233734,2.663498878479004,0.8700000047683716,0.9799999594688416,0.14388523995876312,56.29999923706055
4157,136249344.0,0.0015140706673264503,2.61828351020813,0.9199999570846558,0.8700000047683716,0.17572616040706635,63.69999694824219
4158,136282112.0,0.001120356610044837,2.844928741455078,1.0699999332427979,0.9199999570846558,0.13875897228717804,61.5
4159,136314880.0,0.0012343344278633595,2.994889974594116,0.7699999809265137,1.0699999332427979,0.1330505907535553,72.19999694824219
4160,136347648.0,0.0015559515450149775,2.6624815464019775,0.5999999642372131,0.7699999809265137,0.15169256925582886,63.19999694824219
4161,136380416.0,0.0017209954094141722,2.861328363418579,0.6200000047683716,0.5999999642372131,0.16909228265285492,66.79999542236328
4162,136413184.0,0.0010321508161723614,2.5424373149871826,0.5799999833106995,0.6200000047683716,0.13644635677337646,70.9000015258789
4163,136445952.0,0.0010905603412538767,3.0367939472198486,0.22999998927116394,0.5799999833106995,0.13734093308448792,70.0
4164,136478720.0,0.0013099177740514278,2.9845035076141357,-0.07999999821186066,0.22999998927116394,0.155856192111969,63.5
4165,136511488.0,0.002312622033059597,2.8118584156036377,-0.07999999821186066,-0.07999999821186066,0.15378518402576447,51.89999771118164
4166,136544256.0,0.0015421834541484714,2.8560233116149902,0.1899999976158142,-0.07999999821186066,0.1397380828857422,49.5
4167,136577024.0,0.0011528411414474249,2.7448225021362305,0.04999999701976776,0.1899999976158142,0.13969877362251282,58.0
4168,136609792.0,0.0008643835317343473,2.9124321937561035,-0.17000000178813934,0.04999999701976776,0.13332131505012512,67.0
4169,136642560.0,0.0016610372113063931,2.946819305419922,-0.14000000059604645,-0.17000000178813934,0.14951622486114502,55.29999923706055
4170,136675328.0,0.001651278231292963,2.854250431060791,0.3100000023841858,-0.14000000059604645,0.17192943394184113,60.89999771118164
4171,136708096.0,0.0018300722585991025,3.147916555404663,0.10999999940395355,0.3100000023841858,0.15190893411636353,71.9000015258789
4172,136740864.0,0.0017791627906262875,2.5972795486450195,0.20999999344348907,0.10999999940395355,0.157161146402359,60.39999771118164
4173,136773632.0,0.0009945544879883528,3.021831750869751,0.14999999105930328,0.20999999344348907,0.15352541208267212,68.9000015258789
4174,136806400.0,0.0019265108276158571,2.812622308731079,0.08999999612569809,0.14999999105930328,0.16292254626750946,64.19999694824219
4175,136839168.0,0.0011943969875574112,3.145240306854248,0.14999999105930328,0.08999999612569809,0.13792160153388977,63.5
4176,136871936.0,0.0010023571085184813,2.609231472015381,0.14000000059604645,0.14999999105930328,0.1321094036102295,62.5
4177,136904704.0,0.0013286935864016414,2.942138671875,0.14999999105930328,0.14000000059604645,0.1374974250793457,57.29999923706055
4178,136937472.0,0.0014580487040802836,2.823713541030884,0.4899999797344208,0.14999999105930328,0.1443118453025818,61.599998474121094
4179,136970240.0,0.0013813218101859093,2.8141872882843018,0.41999998688697815,0.4899999797344208,0.13402274250984192,59.79999923706055
4180,137003008.0,0.001176121411845088,3.5074784755706787,0.5799999833106995,0.41999998688697815,0.16934706270694733,72.0
4181,137035776.0,0.0012379614636301994,3.0575051307678223,0.4899999797344208,0.5799999833106995,0.12538158893585205,70.79999542236328
4182,137068544.0,0.0016479528276249766,3.2726597785949707,0.6899999976158142,0.4899999797344208,0.1621597707271576,57.5
4183,137101312.0,0.0017468556761741638,2.7618582248687744,0.7599999904632568,0.6899999976158142,0.13334287703037262,72.79999542236328
4184,137134080.0,0.0010839751921594143,2.882416009902954,0.38999998569488525,0.7599999904632568,0.13855385780334473,77.79999542236328
4185,137166848.0,0.0009849369525909424,2.8581602573394775,0.3499999940395355,0.38999998569488525,0.14613500237464905,78.5999984741211
4186,137199616.0,0.0008686980581842363,2.8859963417053223,0.11999999731779099,0.3499999940395355,0.12986931204795837,77.5
4187,137232384.0,0.0009859446436166763,2.706677198410034,0.0,0.11999999731779099,0.1491842120885849,79.19999694824219
4188,137265152.0,0.0013444051146507263,2.79455304145813,0.019999999552965164,0.0,0.16216784715652466,62.39999771118164
4189,137297920.0,0.0017621377483010292,3.216233491897583,0.04999999701976776,0.019999999552965164,0.14392507076263428,67.0
4190,137330688.0,0.001184412045404315,2.5939652919769287,0.17999999225139618,0.04999999701976776,0.15894079208374023,71.0
4191,137363456.0,0.0016197015065699816,3.192225217819214,0.22999998927116394,0.17999999225139618,0.15171116590499878,70.29999542236328
4192,137396224.0,0.0007941452786326408,2.956467628479004,0.07999999821186066,0.22999998927116394,0.1308397501707077,76.79999542236328
4193,137428992.0,0.000993975205346942,2.9608025550842285,0.03999999910593033,0.07999999821186066,0.14600129425525665,71.0999984741211
4194,137461760.0,0.0015626547392457724,2.8353636264801025,0.2199999988079071,0.03999999910593033,0.1552221179008484,69.5999984741211
4195,137494528.0,0.0015909363282844424,3.0377519130706787,-0.22999998927116394,0.2199999988079071,0.16253575682640076,78.79999542236328
4196,137527296.0,0.0009957003640010953,2.994304895401001,0.009999999776482582,-0.22999998927116394,0.1325983703136444,78.79999542236328
4197,137560064.0,0.001163318520411849,2.5799810886383057,-0.38999998569488525,0.009999999776482582,0.1322842240333557,75.0999984741211
4198,137592832.0,0.0015211112331598997,2.96443510055542,-0.3700000047683716,-0.38999998569488525,0.13583515584468842,60.599998474121094
4199,137625600.0,0.001907107885926962,3.1223745346069336,0.2800000011920929,-0.3700000047683716,0.14831486344337463,60.599998474121094
4200,137658368.0,0.0019368377979844809,2.632091522216797,0.47999998927116394,0.2800000011920929,0.14975710213184357,76.0
4201,137691136.0,0.001309297396801412,2.6020450592041016,0.4899999797344208,0.47999998927116394,0.1557556688785553,81.4000015258789
4202,137723904.0,0.0014478974044322968,2.9616730213165283,0.4099999964237213,0.4899999797344208,0.15077927708625793,84.9000015258789
4203,137756672.0,0.000899320759344846,2.648050308227539,0.22999998927116394,0.4099999964237213,0.13030904531478882,84.9000015258789
4204,137789440.0,0.001267321058548987,2.792128086090088,0.28999999165534973,0.22999998927116394,0.13578727841377258,81.0999984741211
4205,137822208.0,0.0013382586184889078,2.610346794128418,0.3100000023841858,0.28999999165534973,0.16591893136501312,76.69999694824219
4206,137854976.0,0.0018536127172410488,2.3919849395751953,0.47999998927116394,0.3100000023841858,0.1751500964164734,76.69999694824219
4207,137887744.0,0.0012043197639286518,2.5044808387756348,0.5299999713897705,0.47999998927116394,0.15741804242134094,85.79999542236328
4208,137920512.0,0.0021521090529859066,2.560180187225342,0.3799999952316284,0.5299999713897705,0.14144161343574524,85.0
4209,137953280.0,0.0022610407322645187,2.7749998569488525,0.3999999761581421,0.3799999952316284,0.1541403830051422,85.19999694824219
4210,137986048.0,0.0008746080566197634,2.996509552001953,0.4099999964237213,0.3999999761581421,0.13131102919578552,93.19999694824219
4211,138018816.0,0.0013386046048253775,2.973036527633667,0.35999998450279236,0.4099999964237213,0.14174382388591766,83.69999694824219
4212,138051584.0,0.001418916042894125,2.59289813041687,0.550000011920929,0.35999998450279236,0.14385640621185303,81.79999542236328
4213,138084352.0,0.002980237128213048,2.9405975341796875,0.5099999904632568,0.550000011920929,0.17798921465873718,93.79999542236328
4214,138117120.0,0.0014325527008622885,2.5681827068328857,0.7699999809265137,0.5099999904632568,0.14178304374217987,91.29999542236328
4215,138149888.0,0.0011074781650677323,2.7349894046783447,0.6100000143051147,0.7699999809265137,0.13334906101226807,99.29999542236328
4216,138182656.0,0.0012316061183810234,2.4378323554992676,0.8299999833106995,0.6100000143051147,0.1563512086868286,99.29999542236328
4217,138215424.0,0.0023492868058383465,2.6554999351501465,0.7299999594688416,0.8299999833106995,0.17407608032226562,94.9000015258789
4218,138248192.0,0.0018564031925052404,2.6728899478912354,0.4599999785423279,0.7299999594688416,0.16933684051036835,94.29999542236328
4219,138280960.0,0.001248062588274479,2.1271116733551025,0.3799999952316284,0.4599999785423279,0.13432858884334564,76.69999694824219
4220,138313728.0,0.0016030019614845514,2.7098283767700195,0.7099999785423279,0.3799999952316284,0.1607396900653839,72.79999542236328
4221,138346496.0,0.0017849712166935205,2.6629600524902344,0.429999977350235,0.7099999785423279,0.16561871767044067,76.79999542236328
4222,138379264.0,0.0014917646767571568,2.846501350402832,0.429999977350235,0.429999977350235,0.14007359743118286,76.79999542236328
4223,138412032.0,0.0013065086677670479,2.813282012939453,0.3999999761581421,0.429999977350235,0.13651812076568604,78.79999542236328
4224,138444800.0,0.0015674808528274298,2.926149368286133,0.3999999761581421,0.3999999761581421,0.15579865872859955,72.29999542236328
4225,138477568.0,0.0011351914145052433,2.7438323497772217,0.3400000035762787,0.3999999761581421,0.1580435335636139,76.4000015258789
4226,138510336.0,0.0017354835290461779,2.875990629196167,0.38999998569488525,0.3400000035762787,0.15281157195568085,71.0999984741211
4227,138543104.0,0.0014847897691652179,2.529477834701538,0.75,0.38999998569488525,0.14167290925979614,77.19999694824219
4228,138575872.0,0.0021203658543527126,2.621533155441284,0.3999999761581421,0.75,0.15468770265579224,81.69999694824219
4229,138608640.0,0.0013288059271872044,2.653256893157959,0.6499999761581421,0.3999999761581421,0.15910844504833221,73.19999694824219
4230,138641408.0,0.001198086072690785,2.4236607551574707,0.6800000071525574,0.6499999761581421,0.145210400223732,87.5999984741211
4231,138674176.0,0.0014539947733283043,2.902859687805176,0.5999999642372131,0.6800000071525574,0.1414869874715805,79.5999984741211
4232,138706944.0,0.0009860735153779387,2.3724982738494873,0.6200000047683716,0.5999999642372131,0.1475217640399933,72.5999984741211
4233,138739712.0,0.0019084932282567024,2.7350423336029053,0.699999988079071,0.6200000047683716,0.156842440366745,75.5999984741211
4234,138772480.0,0.0014349858975037932,2.8041510581970215,0.5699999928474426,0.699999988079071,0.16068941354751587,76.69999694824219
4235,138805248.0,0.0009183599031530321,2.4907803535461426,0.4099999964237213,0.5699999928474426,0.1616327166557312,74.0999984741211
4236,138838016.0,0.001193690113723278,2.974635601043701,0.5099999904632568,0.4099999964237213,0.13458991050720215,71.0
4237,138870784.0,0.002216703724116087,2.5858707427978516,0.4899999797344208,0.5099999904632568,0.16456937789916992,72.0999984741211
4238,138903552.0,0.0012196011375635862,2.817984104156494,0.6899999976158142,0.4899999797344208,0.15806104242801666,77.0999984741211
4239,138936320.0,0.0018895738758146763,2.734483003616333,0.4699999988079071,0.6899999976158142,0.14924444258213043,79.5999984741211
4240,138969088.0,0.0016133305616676807,2.4416229724884033,0.949999988079071,0.4699999988079071,0.15323910117149353,79.5
4241,139001856.0,0.0015153991989791393,2.661585807800293,0.9399999976158142,0.949999988079071,0.138370543718338,80.69999694824219
4242,139034624.0,0.0010015147272497416,2.7293708324432373,0.85999995470047,0.9399999976158142,0.14534716308116913,80.79999542236328
4243,139067392.0,0.0017296255100518465,3.003390073776245,0.9699999690055847,0.85999995470047,0.1640065312385559,79.19999694824219
4244,139100160.0,0.001574752270244062,2.7371509075164795,1.159999966621399,0.9699999690055847,0.1326282024383545,79.19999694824219
4245,139132928.0,0.001352647552266717,2.415541172027588,0.949999988079071,1.159999966621399,0.15399667620658875,85.19999694824219
4246,139165696.0,0.0015017453115433455,2.3418171405792236,0.7999999523162842,0.949999988079071,0.1611301451921463,81.5999984741211
4247,139198464.0,0.002285511465743184,2.9411487579345703,0.7799999713897705,0.7999999523162842,0.13651221990585327,81.79999542236328
4248,139231232.0,0.0014489111490547657,2.7346243858337402,0.7599999904632568,0.7799999713897705,0.1504112184047699,83.5999984741211
4249,139264000.0,0.0012702487874776125,3.2337028980255127,0.7599999904632568,0.7599999904632568,0.15705542266368866,84.0999984741211
4250,139296768.0,0.001451557269319892,2.635760545730591,1.3600000143051147,0.7599999904632568,0.1459333598613739,81.9000015258789
4251,139329536.0,0.0017335907323285937,2.8280386924743652,0.9899999499320984,1.3600000143051147,0.15716645121574402,80.9000015258789
4252,139362304.0,0.002590916585177183,2.611361265182495,1.350000023841858,0.9899999499320984,0.16114667057991028,74.9000015258789
4253,139395072.0,0.0015316607896238565,2.9480631351470947,1.2300000190734863,1.350000023841858,0.17042160034179688,78.4000015258789
4254,139427840.0,0.0015013713855296373,2.5152945518493652,1.2699999809265137,1.2300000190734863,0.1516859382390976,86.4000015258789
4255,139460608.0,0.0012294340413063765,2.776287317276001,0.7999999523162842,1.2699999809265137,0.1478402018547058,86.4000015258789
4256,139493376.0,0.0018838719697669148,2.406756639480591,1.1999999284744263,0.7999999523162842,0.138798326253891,84.4000015258789
4257,139526144.0,0.0013801574241369963,2.6259591579437256,0.7899999618530273,1.1999999284744263,0.15572993457317352,86.4000015258789
4258,139558912.0,0.0015744734555482864,2.6541800498962402,1.1799999475479126,0.7899999618530273,0.15423855185508728,76.4000015258789
4259,139591680.0,0.0011707213707268238,2.7694332599639893,1.25,1.1799999475479126,0.17475908994674683,85.9000015258789
4260,139624448.0,0.001421795692294836,2.9335975646972656,1.3799999952316284,1.25,0.16007043421268463,75.0999984741211
4261,139657216.0,0.0016704159788787365,2.5079827308654785,1.5699999332427979,1.3799999952316284,0.16966667771339417,78.9000015258789
4262,139689984.0,0.0013627833686769009,2.935105562210083,1.5799999237060547,1.5699999332427979,0.13992726802825928,85.19999694824219
4263,139722752.0,0.002019139239564538,2.7319300174713135,1.6799999475479126,1.5799999237060547,0.14371590316295624,84.9000015258789
4264,139755520.0,0.0015264160465449095,3.0189552307128906,1.6899999380111694,1.6799999475479126,0.164351224899292,79.29999542236328
4265,139788288.0,0.0016051616985350847,3.0798771381378174,1.6999999284744263,1.6899999380111694,0.16360655426979065,86.5999984741211
4266,139821056.0,0.0013788596261292696,2.4306182861328125,1.4800000190734863,1.6999999284744263,0.15551140904426575,83.79999542236328
4267,139853824.0,0.0008679101592861116,2.5107414722442627,1.1799999475479126,1.4800000190734863,0.131403848528862,74.79999542236328
4268,139886592.0,0.0015307795256376266,2.5691661834716797,1.46999990940094,1.1799999475479126,0.16349481046199799,74.79999542236328
4269,139919360.0,0.001723840250633657,2.2247066497802734,1.1699999570846558,1.46999990940094,0.14838671684265137,67.0999984741211
4270,139952128.0,0.0012077365536242723,2.55942964553833,1.5099999904632568,1.1699999570846558,0.14738726615905762,65.5999984741211
4271,139984896.0,0.0011632947716861963,3.0299534797668457,1.4800000190734863,1.5099999904632568,0.13236090540885925,68.5999984741211
4272,140017664.0,0.0012176989112049341,2.682936191558838,1.1899999380111694,1.4800000190734863,0.15701636672019958,74.9000015258789
4273,140050432.0,0.001340980757959187,2.8394691944122314,1.1999999284744263,1.1899999380111694,0.15413564443588257,68.69999694824219
4274,140083200.0,0.0016804272308945656,2.7933244705200195,1.1699999570846558,1.1999999284744263,0.15258842706680298,71.69999694824219
4275,140115968.0,0.0016355350380763412,3.0710344314575195,1.1100000143051147,1.1699999570846558,0.13929691910743713,72.0999984741211
4276,140148736.0,0.0016783479368314147,2.397226095199585,1.1299999952316284,1.1100000143051147,0.14599871635437012,72.69999694824219
4277,140181504.0,0.002005026675760746,2.885765790939331,1.2699999809265137,1.1299999952316284,0.1458764374256134,75.0999984741211
4278,140214272.0,0.001193816540762782,2.4260289669036865,1.1699999570846558,1.2699999809265137,0.13966801762580872,75.0999984741211
4279,140247040.0,0.001233884715475142,2.95458984375,1.2400000095367432,1.1699999570846558,0.14147964119911194,75.0999984741211
4280,140279808.0,0.001809458015486598,2.232816457748413,1.209999918937683,1.2400000095367432,0.1685694307088852,68.5
4281,140312576.0,0.0011113808723166585,3.1161367893218994,1.25,1.209999918937683,0.14578741788864136,67.79999542236328
4282,140345344.0,0.0024305391125380993,2.9840314388275146,1.5699999332427979,1.25,0.16064485907554626,79.79999542236328
4283,140378112.0,0.0015821161214262247,3.1230382919311523,1.5999999046325684,1.5699999332427979,0.13781984150409698,81.29999542236328
4284,140410880.0,0.001589276478625834,3.0621349811553955,1.659999966621399,1.5999999046325684,0.14594203233718872,66.29999542236328
4285,140443648.0,0.0013872429262846708,2.5878145694732666,1.659999966621399,1.659999966621399,0.15273502469062805,67.29999542236328
4286,140476416.0,0.0010543577373027802,2.9537909030914307,1.4900000095367432,1.659999966621399,0.15716952085494995,61.599998474121094
4287,140509184.0,0.001533452537842095,2.5894105434417725,1.5199999809265137,1.4900000095367432,0.1622006595134735,54.5
4288,140541952.0,0.0009519081795588136,3.0860910415649414,1.4900000095367432,1.5199999809265137,0.15722660720348358,57.5
4289,140574720.0,0.0020394502207636833,2.8040809631347656,1.5799999237060547,1.4900000095367432,0.14984551072120667,57.599998474121094
4290,140607488.0,0.001161491498351097,2.7211220264434814,1.5799999237060547,1.5799999237060547,0.15857401490211487,67.5999984741211
4291,140640256.0,0.0013420114992186427,2.644643783569336,1.71999990940094,1.5799999237060547,0.17503507435321808,59.599998474121094
4292,140673024.0,0.0011348067782819271,2.9461026191711426,1.71999990940094,1.71999990940094,0.1507773995399475,69.0999984741211
4293,140705792.0,0.0017704638885334134,3.005073308944702,1.6899999380111694,1.71999990940094,0.1641255021095276,69.0999984741211
4294,140738560.0,0.0011283531785011292,2.800936222076416,1.149999976158142,1.6899999380111694,0.15803496539592743,69.0999984741211
4295,140771328.0,0.0007781428284943104,2.902451515197754,0.949999988079071,1.149999976158142,0.14362110197544098,66.5
4296,140804096.0,0.001530971610918641,2.863164186477661,1.5099999904632568,0.949999988079071,0.14672362804412842,58.29999923706055
4297,140836864.0,0.001287716208025813,3.0688841342926025,1.2899999618530273,1.5099999904632568,0.14540106058120728,65.5
4298,140869632.0,0.0008376211626455188,2.783466339111328,0.8999999761581421,1.2899999618530273,0.1393815577030182,61.19999694824219
4299,140902400.0,0.0014419432263821363,2.7789788246154785,0.5799999833106995,0.8999999761581421,0.15981800854206085,63.0
4300,140935168.0,0.0017088071908801794,2.605510950088501,1.1799999475479126,0.5799999833106995,0.15992161631584167,58.0
4301,140967936.0,0.001595705165527761,3.0044784545898438,0.8799999952316284,1.1799999475479126,0.1647690236568451,74.29999542236328
4302,141000704.0,0.001833756803534925,2.2942492961883545,1.409999966621399,0.8799999952316284,0.17284372448921204,68.79999542236328
4303,141033472.0,0.0012657928746193647,3.048743486404419,0.85999995470047,1.409999966621399,0.16921204328536987,76.4000015258789
4304,141066240.0,0.0015677799237892032,2.501296043395996,0.7799999713897705,0.85999995470047,0.16388654708862305,62.099998474121094
4305,141099008.0,0.0013983224052935839,2.8004801273345947,1.149999976158142,0.7799999713897705,0.16327667236328125,62.099998474121094
4306,141131776.0,0.002119875978678465,3.0471935272216797,0.7199999690055847,1.149999976158142,0.1344410628080368,63.599998474121094
4307,141164544.0,0.0012556674191728234,2.8705313205718994,0.2800000011920929,0.7199999690055847,0.14821544289588928,63.599998474121094
4308,141197312.0,0.0021278893109411,2.8941738605499268,0.2800000011920929,0.2800000011920929,0.14228767156600952,62.099998474121094
4309,141230080.0,0.0011079333489760756,2.644108295440674,0.6100000143051147,0.2800000011920929,0.15026256442070007,54.5
4310,141262848.0,0.0012006752658635378,2.7826859951019287,0.6100000143051147,0.6100000143051147,0.14969919621944427,51.29999923706055
4311,141295616.0,0.0015522148460149765,3.1211929321289062,0.6200000047683716,0.6100000143051147,0.15016373991966248,57.29999923706055
4312,141328384.0,0.0008149846689775586,2.4460673332214355,0.28999999165534973,0.6200000047683716,0.14967891573905945,57.0
4313,141361152.0,0.0017400160431861877,3.074777603149414,0.26999998092651367,0.28999999165534973,0.15849235653877258,60.39999771118164
4314,141393920.0,0.0014055834617465734,2.2619524002075195,0.6699999570846558,0.26999998092651367,0.15646085143089294,54.19999694824219
4315,141426688.0,0.001617396017536521,2.777099847793579,0.25999999046325684,0.6699999570846558,0.15760299563407898,54.89999771118164
4316,141459456.0,0.0008288110839203,2.9418046474456787,0.25999999046325684,0.25999999046325684,0.1359245479106903,45.89999771118164
4317,141492224.0,0.0020083675626665354,2.9075002670288086,0.4599999785423279,0.25999999046325684,0.16110843420028687,44.39999771118164
4318,141524992.0,0.0012583290226757526,3.016733169555664,0.5,0.4599999785423279,0.15294314920902252,54.0
4319,141557760.0,0.0011394090251997113,2.7527244091033936,0.5099999904632568,0.5,0.14649125933647156,46.5
4320,141590528.0,0.001597069320268929,2.961674451828003,1.0199999809265137,0.5099999904632568,0.14994096755981445,61.599998474121094
4321,141623296.0,0.0014464082196354866,2.960068464279175,0.9300000071525574,1.0199999809265137,0.1512708067893982,61.599998474121094
4322,141656064.0,0.0015654326416552067,2.7940831184387207,0.1899999976158142,0.9300000071525574,0.1460600197315216,58.5
4323,141688832.0,0.0016649786848574877,2.700195074081421,0.22999998927116394,0.1899999976158142,0.1608879566192627,58.5
4324,141721600.0,0.0016548522980883718,2.8093156814575195,0.20999999344348907,0.22999998927116394,0.13094773888587952,59.5
4325,141754368.0,0.0014006723649799824,3.092819929122925,0.19999998807907104,0.20999999344348907,0.16248075664043427,62.5
4326,141787136.0,0.0011173976818099618,2.648151159286499,0.6200000047683716,0.19999998807907104,0.1367085576057434,57.5
4327,141819904.0,0.0009231106378138065,2.25972056388855,0.5999999642372131,0.6200000047683716,0.14119261503219604,50.0
4328,141852672.0,0.0014701775508001447,3.0558834075927734,0.7299999594688416,0.5999999642372131,0.1520157754421234,49.79999923706055
4329,141885440.0,0.001988883363083005,3.02274751663208,0.75,0.7299999594688416,0.16813451051712036,57.5
4330,141918208.0,0.0012026880867779255,2.8899168968200684,0.07000000029802322,0.75,0.15262171626091003,49.89999771118164
4331,141950976.0,0.0017114713555201888,3.003683090209961,0.3199999928474426,0.07000000029802322,0.16587483882904053,48.89999771118164
4332,141983744.0,0.001956363208591938,2.833040475845337,0.7199999690055847,0.3199999928474426,0.13978087902069092,54.79999923706055
4333,142016512.0,0.0021728803403675556,2.7854974269866943,0.38999998569488525,0.7199999690055847,0.15241582691669464,49.89999771118164
4334,142049280.0,0.001354187959805131,3.2941665649414062,0.0,0.38999998569488525,0.1512100100517273,52.29999923706055
4335,142082048.0,0.0010191522305831313,2.8364312648773193,0.41999998688697815,0.0,0.1511811912059784,50.70000076293945
4336,142114816.0,0.0011143157025799155,2.9875710010528564,0.429999977350235,0.41999998688697815,0.1342560350894928,53.89999771118164
4337,142147584.0,0.0012358040548861027,2.617405414581299,0.4099999964237213,0.429999977350235,0.1470363289117813,55.39999771118164
4338,142180352.0,0.0017915073549374938,2.8386926651000977,0.32999998331069946,0.4099999964237213,0.13556015491485596,61.79999923706055
4339,142213120.0,0.0016534696333110332,2.6048877239227295,0.8199999928474426,0.32999998331069946,0.15357112884521484,53.79999923706055
4340,142245888.0,0.0021641450002789497,3.172292947769165,0.8399999737739563,0.8199999928474426,0.1646914780139923,53.39999771118164
4341,142278656.0,0.001547604682855308,2.9827535152435303,0.41999998688697815,0.8399999737739563,0.15535971522331238,53.39999771118164
4342,142311424.0,0.0018476778641343117,2.8465633392333984,0.41999998688697815,0.41999998688697815,0.14395153522491455,53.39999771118164
4343,142344192.0,0.0013404747005552053,3.0518176555633545,0.11999999731779099,0.41999998688697815,0.15137049555778503,45.89999771118164
4344,142376960.0,0.0014644893817603588,2.9205291271209717,0.4599999785423279,0.11999999731779099,0.14053596556186676,47.39999771118164
4345,142409728.0,0.001550631714053452,2.7511160373687744,0.8100000023841858,0.4599999785423279,0.16871005296707153,53.599998474121094
4346,142442496.0,0.0015913222450762987,3.069209098815918,0.85999995470047,0.8100000023841858,0.14290718734264374,62.89999771118164
4347,142475264.0,0.0013782738242298365,3.0064237117767334,0.05999999865889549,0.85999995470047,0.1558658480644226,48.099998474121094
4348,142508032.0,0.001411978155374527,3.0871963500976562,0.5,0.05999999865889549,0.1625208556652069,56.69999694824219
4349,142540800.0,0.0013096642214804888,2.8986897468566895,0.85999995470047,0.5,0.15879374742507935,56.29999923706055
4350,142573568.0,0.002376607619225979,3.051236629486084,0.8100000023841858,0.85999995470047,0.15174168348312378,57.0
4351,142606336.0,0.0009388506878167391,3.349729537963867,0.9599999785423279,0.8100000023841858,0.1339956820011139,50.39999771118164
4352,142639104.0,0.0010651206830516458,2.709667444229126,0.85999995470047,0.9599999785423279,0.1365363597869873,68.0999984741211
4353,142671872.0,0.0008692835108377039,3.014185905456543,0.7699999809265137,0.85999995470047,0.15850241482257843,75.5999984741211
4354,142704640.0,0.00184794538654387,3.4892969131469727,0.8499999642372131,0.7699999809265137,0.12768059968948364,60.0
4355,142737408.0,0.0015083097387105227,3.2719881534576416,0.7199999690055847,0.8499999642372131,0.13962100446224213,75.5
4356,142770176.0,0.0014307855162769556,2.7224462032318115,1.4800000190734863,0.7199999690055847,0.14879921078681946,72.29999542236328
4357,142802944.0,0.0028793078381568193,3.0479633808135986,0.38999998569488525,1.4800000190734863,0.156715989112854,63.0
4358,142835712.0,0.0016171770403161645,2.855217218399048,0.35999998450279236,0.38999998569488525,0.15489549934864044,73.69999694824219
4359,142868480.0,0.0016894135624170303,3.0751147270202637,0.3799999952316284,0.35999998450279236,0.14815416932106018,73.5999984741211
4360,142901248.0,0.001688062446191907,2.477485418319702,0.7299999594688416,0.3799999952316284,0.14664341509342194,62.89999771118164
4361,142934016.0,0.0013205395080149174,2.734694004058838,1.059999942779541,0.7299999594688416,0.1463371366262436,69.29999542236328
4362,142966784.0,0.0014084968715906143,2.699157476425171,0.7199999690055847,1.059999942779541,0.15560904145240784,69.29999542236328
4363,142999552.0,0.001392456004396081,3.222456216812134,0.7899999618530273,0.7199999690055847,0.15148094296455383,65.19999694824219
4364,143032320.0,0.001882180105894804,3.3263511657714844,0.38999998569488525,0.7899999618530273,0.14110811054706573,73.4000015258789
4365,143065088.0,0.0011506457813084126,3.43839168548584,0.6499999761581421,0.38999998569488525,0.14153267443180084,72.5
4366,143097856.0,0.001587489154189825,3.112365245819092,0.6800000071525574,0.6499999761581421,0.13684949278831482,69.69999694824219
4367,143130624.0,0.0015583401545882225,3.023376226425171,0.3199999928474426,0.6800000071525574,0.13585233688354492,58.099998474121094
4368,143163392.0,0.0010569269070401788,3.2417948246002197,0.28999999165534973,0.3199999928474426,0.13471835851669312,51.099998474121094
4369,143196160.0,0.0015068076318129897,2.6355161666870117,0.029999999329447746,0.28999999165534973,0.15238887071609497,53.599998474121094
4370,143228928.0,0.0013412941480055451,3.1160311698913574,-0.38999998569488525,0.029999999329447746,0.14121434092521667,55.19999694824219
4371,143261696.0,0.0013724364107474685,2.7426199913024902,0.04999999701976776,-0.38999998569488525,0.13858476281166077,56.39999771118164
4372,143294464.0,0.0014590984210371971,3.422104597091675,0.3999999761581421,0.04999999701976776,0.1529817432165146,65.9000015258789
4373,143327232.0,0.0012509867083281279,2.829420328140259,0.029999999329447746,0.3999999761581421,0.13823531568050385,72.4000015258789
4374,143360000.0,0.0012315985513851047,2.7770988941192627,0.1599999964237213,0.029999999329447746,0.13678452372550964,65.69999694824219
4375,143392768.0,0.0008661897154524922,2.7402260303497314,-0.32999998331069946,0.1599999964237213,0.14654521644115448,70.69999694824219
4376,143425536.0,0.0012171175330877304,3.1022891998291016,-0.029999999329447746,-0.32999998331069946,0.13591128587722778,58.099998474121094
4377,143458304.0,0.0014641545712947845,2.9736084938049316,0.019999999552965164,-0.029999999329447746,0.1267344057559967,73.79999542236328
4378,143491072.0,0.0016176288481801748,3.007749080657959,0.05999999865889549,0.019999999552965164,0.14519526064395905,63.39999771118164
4379,143523840.0,0.0017037272918969393,2.725614547729492,0.04999999701976776,0.05999999865889549,0.14879173040390015,64.5999984741211
4380,143556608.0,0.0012571094557642937,2.550201416015625,-0.04999999701976776,0.04999999701976776,0.16073358058929443,60.29999923706055
4381,143589376.0,0.0012036465341225266,3.1816837787628174,-0.09999999403953552,-0.04999999701976776,0.1556496024131775,63.39999771118164
4382,143622144.0,0.0010510216234251857,3.2193682193756104,0.08999999612569809,-0.09999999403953552,0.1489405781030655,62.89999771118164
4383,143654912.0,0.0015290649607777596,2.672863245010376,0.11999999731779099,0.08999999612569809,0.12337964028120041,54.29999923706055
4384,143687680.0,0.0013720928691327572,2.7547411918640137,-0.09999999403953552,0.11999999731779099,0.12983988225460052,65.0
4385,143720448.0,0.0012622970389202237,2.844189167022705,-0.1599999964237213,-0.09999999403953552,0.13468021154403687,59.89999771118164
4386,143753216.0,0.0015241000801324844,3.171813726425171,-0.2800000011920929,-0.1599999964237213,0.14665880799293518,59.89999771118164
4387,143785984.0,0.001191760296933353,2.7695834636688232,0.1599999964237213,-0.2800000011920929,0.13745379447937012,56.099998474121094
4388,143818752.0,0.0013456859160214663,3.3712759017944336,0.09999999403953552,0.1599999964237213,0.139724463224411,78.69999694824219
4389,143851520.0,0.001409458345733583,2.944725751876831,0.25,0.09999999403953552,0.1460856795310974,73.19999694824219
4390,143884288.0,0.000985070364549756,3.119126558303833,0.29999998211860657,0.25,0.15075916051864624,96.19999694824219
4391,143917056.0,0.0008176423725672066,2.9034953117370605,0.7099999785423279,0.29999998211860657,0.14081107079982758,91.19999694824219
4392,143949824.0,0.00110389175824821,3.033217668533325,0.5999999642372131,0.7099999785423279,0.13665620982646942,91.5999984741211
4393,143982592.0,0.002051372779533267,2.847313165664673,0.5199999809265137,0.5999999642372131,0.15842045843601227,86.79999542236328
4394,144015360.0,0.0014206711202859879,2.861269235610962,0.6100000143051147,0.5199999809265137,0.15728968381881714,88.0
4395,144048128.0,0.0015417092945426702,2.7380642890930176,0.6299999952316284,0.6100000143051147,0.14142447710037231,88.9000015258789
4396,144080896.0,0.0008201434975489974,3.2384097576141357,0.6399999856948853,0.6299999952316284,0.1297074407339096,95.5
4397,144113664.0,0.001167271751910448,3.1053943634033203,0.6499999761581421,0.6399999856948853,0.1471189558506012,92.5999984741211
4398,144146432.0,0.0021771201863884926,2.9431726932525635,0.6899999976158142,0.6499999761581421,0.15523959696292877,87.4000015258789
4399,144179200.0,0.00117162661626935,3.2925145626068115,0.6899999976158142,0.6899999976158142,0.14333641529083252,92.79999542236328
4400,144211968.0,0.0009379914263263345,2.806460380554199,0.7299999594688416,0.6899999976158142,0.13529905676841736,92.79999542236328
4401,144244736.0,0.0021798862144351006,2.9765238761901855,0.7899999618530273,0.7299999594688416,0.16665124893188477,87.5999984741211
4402,144277504.0,0.003221056191250682,2.7539796829223633,0.7699999809265137,0.7899999618530273,0.1586923599243164,95.79999542236328
4403,144310272.0,0.0014434558106586337,2.780283212661743,0.8100000023841858,0.7699999809265137,0.14645878970623016,96.29999542236328
4404,144343040.0,0.0008811195148155093,2.804697036743164,0.7699999809265137,0.8100000023841858,0.13500329852104187,98.5999984741211
4405,144375808.0,0.001464414643123746,3.295203685760498,0.85999995470047,0.7699999809265137,0.16362644731998444,98.79999542236328
4406,144408576.0,0.0013882503844797611,2.925765037536621,0.949999988079071,0.85999995470047,0.1551762819290161,96.29999542236328
4407,144441344.0,0.001288973493501544,2.906792163848877,0.85999995470047,0.949999988079071,0.14359590411186218,93.79999542236328
4408,144474112.0,0.0013217227533459663,2.996734857559204,0.85999995470047,0.85999995470047,0.14731097221374512,93.79999542236328
4409,144506880.0,0.0012578209862113,2.9485340118408203,0.7199999690055847,0.85999995470047,0.14052686095237732,89.0999984741211
4410,144539648.0,0.001465304521843791,2.8190369606018066,0.8499999642372131,0.7199999690055847,0.15748128294944763,88.9000015258789
4411,144572416.0,0.001509722089394927,2.5812337398529053,0.8999999761581421,0.8499999642372131,0.14790253341197968,99.0
4412,144605184.0,0.0009678339120000601,2.9194154739379883,0.7899999618530273,0.8999999761581421,0.13414804637432098,94.29999542236328
4413,144637952.0,0.0012986863730475307,2.761099338531494,0.7799999713897705,0.7899999618530273,0.13152790069580078,93.79999542236328
4414,144670720.0,0.0015493982937186956,2.937314510345459,0.75,0.7799999713897705,0.12480306625366211,92.19999694824219
4415,144703488.0,0.0011069370666518807,3.2286581993103027,0.8499999642372131,0.75,0.14115983247756958,84.19999694824219
4416,144736256.0,0.0016979952342808247,2.955110788345337,0.5,0.8499999642372131,0.1396324634552002,90.0999984741211
4417,144769024.0,0.0016579740913584828,3.0869743824005127,0.6499999761581421,0.5,0.13199731707572937,84.5999984741211
4418,144801792.0,0.0024244915693998337,2.9151816368103027,0.5799999833106995,0.6499999761581421,0.1565898358821869,84.0999984741211
4419,144834560.0,0.002109374850988388,2.870553493499756,0.8899999856948853,0.5799999833106995,0.15570488572120667,72.29999542236328
4420,144867328.0,0.001669175922870636,2.6821815967559814,0.8499999642372131,0.8899999856948853,0.1463334858417511,80.79999542236328
4421,144900096.0,0.0010385988280177116,2.7054808139801025,0.6899999976158142,0.8499999642372131,0.1428830474615097,78.5999984741211
4422,144932864.0,0.0014011795865371823,2.864370107650757,0.7599999904632568,0.6899999976158142,0.16740398108959198,76.79999542236328
4423,144965632.0,0.0014922533882781863,3.059732437133789,0.7400000095367432,0.7599999904632568,0.14195853471755981,76.5999984741211
4424,144998400.0,0.0014034616760909557,2.1742169857025146,0.7099999785423279,0.7400000095367432,0.12868307530879974,76.5999984741211
4425,145031168.0,0.001640190603211522,3.411564826965332,0.7199999690055847,0.7099999785423279,0.14368261396884918,94.0999984741211
4426,145063936.0,0.0018371569458395243,2.6796231269836426,0.8199999928474426,0.7199999690055847,0.17214488983154297,84.29999542236328
4427,145096704.0,0.0009884597966447473,3.0608110427856445,0.7400000095367432,0.8199999928474426,0.1315670907497406,81.29999542236328
4428,145129472.0,0.0022099618799984455,2.808603525161743,0.7199999690055847,0.7400000095367432,0.14629395306110382,79.0999984741211
4429,145162240.0,0.0010577572975307703,2.855966329574585,0.9199999570846558,0.7199999690055847,0.14974626898765564,77.29999542236328
4430,145195008.0,0.0008286243537440896,3.0208733081817627,0.7299999594688416,0.9199999570846558,0.12582339346408844,85.0
4431,145227776.0,0.0017589551862329245,3.2748353481292725,0.6299999952316284,0.7299999594688416,0.12897811830043793,80.9000015258789
4432,145260544.0,0.0014331289567053318,2.34236478805542,0.8100000023841858,0.6299999952316284,0.13801053166389465,97.69999694824219
4433,145293312.0,0.0010297202970832586,2.9029123783111572,0.8100000023841858,0.8100000023841858,0.13758584856987,102.5999984741211
4434,145326080.0,0.002197052352130413,2.377930164337158,0.8100000023841858,0.8100000023841858,0.13638487458229065,86.69999694824219
4435,145358848.0,0.0018965024501085281,2.744614601135254,0.9199999570846558,0.8100000023841858,0.1618894338607788,79.9000015258789
4436,145391616.0,0.0013687815517187119,2.9760584831237793,0.47999998927116394,0.9199999570846558,0.15276186168193817,88.29999542236328
4437,145424384.0,0.001401269342750311,3.0078938007354736,0.5399999618530273,0.47999998927116394,0.14463505148887634,89.4000015258789
4438,145457152.0,0.0018597058951854706,3.3326432704925537,0.6699999570846558,0.5399999618530273,0.1457599699497223,89.4000015258789
4439,145489920.0,0.0015842084540054202,3.1782724857330322,0.8399999737739563,0.6699999570846558,0.1416875422000885,81.69999694824219
4440,145522688.0,0.0007592530455440283,2.9787797927856445,0.8899999856948853,0.8399999737739563,0.14214663207530975,87.19999694824219
4441,145555456.0,0.0014307505916804075,2.677309274673462,0.08999999612569809,0.8899999856948853,0.1408940851688385,84.69999694824219
4442,145588224.0,0.0010340565349906683,2.946258544921875,0.9099999666213989,0.08999999612569809,0.14613787829875946,78.4000015258789
4443,145620992.0,0.0010372193064540625,2.880962610244751,0.5799999833106995,0.9099999666213989,0.13709521293640137,78.9000015258789
4444,145653760.0,0.001595182460732758,2.685913562774658,0.38999998569488525,0.5799999833106995,0.1428317278623581,84.69999694824219
4445,145686528.0,0.001344883581623435,2.4667117595672607,0.6800000071525574,0.38999998569488525,0.16769498586654663,72.4000015258789
4446,145719296.0,0.003372007282450795,3.046210289001465,0.10999999940395355,0.6800000071525574,0.1527450978755951,77.4000015258789
4447,145752064.0,0.0019146354170516133,2.7743124961853027,0.5199999809265137,0.10999999940395355,0.13267070055007935,77.19999694824219
4448,145784832.0,0.0023962727282196283,2.5838205814361572,0.5199999809265137,0.5199999809265137,0.1554785668849945,70.19999694824219
4449,145817600.0,0.0018802997656166553,3.041417360305786,0.8399999737739563,0.5199999809265137,0.1416526734828949,65.9000015258789
4450,145850368.0,0.001616173074580729,3.2708349227905273,0.8100000023841858,0.8399999737739563,0.1385030448436737,75.5999984741211
4451,145883136.0,0.0014503184938803315,2.7270452976226807,0.5199999809265137,0.8100000023841858,0.1571125090122223,75.4000015258789
4452,145915904.0,0.0014013242907822132,3.2458102703094482,0.7799999713897705,0.5199999809265137,0.16331438720226288,70.0999984741211
4453,145948672.0,0.0010867613600566983,2.701596736907959,0.22999998927116394,0.7799999713897705,0.13221481442451477,61.89999771118164
4454,145981440.0,0.0011923296842724085,2.87963604927063,0.14999999105930328,0.22999998927116394,0.13908615708351135,70.79999542236328
4455,146014208.0,0.001137317274697125,2.891718864440918,0.6499999761581421,0.14999999105930328,0.14644914865493774,60.79999923706055
4456,146046976.0,0.0014307647943496704,2.939460515975952,0.6699999570846558,0.6499999761581421,0.1621505320072174,63.29999923706055
4457,146079744.0,0.0017392816953361034,2.7006571292877197,0.25999999046325684,0.6699999570846558,0.1425781399011612,60.79999923706055
4458,146112512.0,0.0009205919923260808,2.82625412940979,0.14000000059604645,0.25999999046325684,0.13342010974884033,60.29999923706055
4459,146145280.0,0.0023241285234689713,3.41007924079895,0.5600000023841858,0.14000000059604645,0.16299685835838318,73.0
4460,146178048.0,0.0013007721863687038,2.8574838638305664,0.8799999952316284,0.5600000023841858,0.16000518202781677,79.5
4461,146210816.0,0.002180905779823661,2.92815899848938,0.35999998450279236,0.8799999952316284,0.1467246115207672,66.79999542236328
4462,146243584.0,0.0013997864443808794,2.2998194694519043,0.6899999976158142,0.35999998450279236,0.15108896791934967,63.69999694824219
4463,146276352.0,0.0015063476748764515,2.984520196914673,0.699999988079071,0.6899999976158142,0.14567294716835022,77.19999694824219
4464,146309120.0,0.0016282664146274328,2.9046692848205566,0.6800000071525574,0.699999988079071,0.14143216609954834,71.9000015258789
4465,146341888.0,0.001564179314300418,2.5448665618896484,0.6499999761581421,0.6800000071525574,0.16620896756649017,73.19999694824219
4466,146374656.0,0.0016324331518262625,2.9340314865112305,0.1599999964237213,0.6499999761581421,0.1411379724740982,72.69999694824219
4467,146407424.0,0.0015738599468022585,2.9214746952056885,0.6599999666213989,0.1599999964237213,0.14560101926326752,72.19999694824219
4468,146440192.0,0.001159897306933999,2.869262456893921,0.5099999904632568,0.6599999666213989,0.14726150035858154,70.0
4469,146472960.0,0.0011564551386982203,2.7587478160858154,0.4899999797344208,0.5099999904632568,0.1670132726430893,71.4000015258789
4470,146505728.0,0.00135783851146698,2.921180486679077,0.26999998092651367,0.4899999797344208,0.14935921132564545,72.19999694824219
4471,146538496.0,0.0014689512318000197,2.743983745574951,0.3999999761581421,0.26999998092651367,0.17200598120689392,67.5
4472,146571264.0,0.0014663359615951777,2.447345495223999,0.6599999666213989,0.3999999761581421,0.15640920400619507,68.0
4473,146604032.0,0.001623618765734136,2.627789258956909,0.35999998450279236,0.6599999666213989,0.17103219032287598,75.0999984741211
4474,146636800.0,0.002476578811183572,2.1506478786468506,0.9599999785423279,0.35999998450279236,0.16298618912696838,73.29999542236328
4475,146669568.0,0.001547715743072331,2.845909595489502,0.9699999690055847,0.9599999785423279,0.1558675915002823,77.29999542236328
4476,146702336.0,0.0018937492277473211,2.8805339336395264,0.9099999666213989,0.9699999690055847,0.16257426142692566,76.5
4477,146735104.0,0.0013889686670154333,2.4240407943725586,0.9199999570846558,0.9099999666213989,0.14975067973136902,73.29999542236328
4478,146767872.0,0.0017409181455150247,2.5272367000579834,0.5899999737739563,0.9199999570846558,0.1640506088733673,77.29999542236328
4479,146800640.0,0.0016221778932958841,2.6135849952697754,0.949999988079071,0.5899999737739563,0.1450290083885193,72.79999542236328
4480,146833408.0,0.0020954874344170094,2.3906824588775635,1.059999942779541,0.949999988079071,0.1308252066373825,77.0
4481,146866176.0,0.0017665253253653646,3.1461050510406494,1.0699999332427979,1.059999942779541,0.12637881934642792,75.69999694824219
4482,146898944.0,0.0018096085404977202,2.6326334476470947,1.059999942779541,1.0699999332427979,0.16354013979434967,77.69999694824219
4483,146931712.0,0.0015364056453108788,2.68332576751709,1.149999976158142,1.059999942779541,0.15024197101593018,77.69999694824219
4484,146964480.0,0.0020524230785667896,2.601217269897461,0.8700000047683716,1.149999976158142,0.15060913562774658,69.69999694824219
4485,146997248.0,0.001389938173815608,2.713067054748535,0.8299999833106995,0.8700000047683716,0.1708337664604187,54.89999771118164
4486,147030016.0,0.001618902781046927,2.492961883544922,1.090000033378601,0.8299999833106995,0.15149655938148499,70.5
4487,147062784.0,0.0014375733444467187,3.024184226989746,0.8199999928474426,1.090000033378601,0.15929332375526428,61.599998474121094
4488,147095552.0,0.0025965352542698383,2.6316134929656982,1.1399999856948853,0.8199999928474426,0.15454864501953125,60.79999923706055
4489,147128320.0,0.0014997257385402918,2.5117759704589844,0.9300000071525574,1.1399999856948853,0.13541001081466675,74.79999542236328
4490,147161088.0,0.0013022118946537375,2.607043981552124,1.1699999570846558,0.9300000071525574,0.1675986796617508,77.19999694824219
4491,147193856.0,0.0013438633177429438,3.0147058963775635,0.7599999904632568,1.1699999570846558,0.15375427901744843,72.9000015258789
4492,147226624.0,0.0011955572990700603,2.450084924697876,0.7299999594688416,0.7599999904632568,0.15816937386989594,60.19999694824219
4493,147259392.0,0.00217389315366745,2.733480453491211,0.7599999904632568,0.7299999594688416,0.13733971118927002,56.5
4494,147292160.0,0.0018364618299528956,2.7396559715270996,0.5,0.7599999904632568,0.1583433747291565,65.0
4495,147324928.0,0.0014315946027636528,2.442410945892334,0.429999977350235,0.5,0.17425915598869324,69.69999694824219
4496,147357696.0,0.0015144642675295472,2.4272661209106445,0.5,0.429999977350235,0.15172946453094482,66.5
4497,147390464.0,0.0009642214281484485,2.5367753505706787,0.6200000047683716,0.5,0.14612263441085815,64.29999542236328
4498,147423232.0,0.0015690196305513382,2.412747383117676,0.7199999690055847,0.6200000047683716,0.1545780897140503,62.599998474121094
4499,147456000.0,0.001303195022046566,2.757340669631958,0.7599999904632568,0.7199999690055847,0.15704962611198425,61.599998474121094
4500,147488768.0,0.0012960266321897507,2.407529354095459,0.7599999904632568,0.7599999904632568,0.1542278230190277,56.599998474121094
4501,147521536.0,0.0014369525015354156,2.267165422439575,0.6800000071525574,0.7599999904632568,0.14400357007980347,58.29999923706055
4502,147554304.0,0.002158224117010832,2.6144161224365234,0.3199999928474426,0.6800000071525574,0.1569657325744629,67.79999542236328
4503,147587072.0,0.001242646249011159,2.671356439590454,0.6599999666213989,0.3199999928474426,0.16356545686721802,67.69999694824219
4504,147619840.0,0.0019990727305412292,2.767551898956299,0.7199999690055847,0.6599999666213989,0.15448960661888123,55.89999771118164
4505,147652608.0,0.0015271480660885572,2.663933038711548,0.7199999690055847,0.7199999690055847,0.16982606053352356,56.0
4506,147685376.0,0.0022788522765040398,2.611156463623047,0.6599999666213989,0.7199999690055847,0.170672208070755,57.5
4507,147718144.0,0.0013442750787362456,2.7475860118865967,1.2999999523162842,0.6599999666213989,0.14260998368263245,68.19999694824219
4508,147750912.0,0.00152649637311697,2.7053234577178955,0.2199999988079071,1.2999999523162842,0.15270015597343445,74.4000015258789
4509,147783680.0,0.0012468858622014523,2.5391621589660645,0.7899999618530273,0.2199999988079071,0.1398564577102661,63.89999771118164
4510,147816448.0,0.0013753173407167196,2.68023681640625,1.0399999618530273,0.7899999618530273,0.14986470341682434,65.9000015258789
4511,147849216.0,0.0024233718868345022,2.6832287311553955,0.9899999499320984,1.0399999618530273,0.16800127923488617,70.5999984741211
4512,147881984.0,0.001235939096659422,3.274010419845581,0.5999999642372131,0.9899999499320984,0.13830576837062836,67.0999984741211
4513,147914752.0,0.0015144050121307373,2.509378433227539,0.7699999809265137,0.5999999642372131,0.15636932849884033,57.79999923706055
4514,147947520.0,0.0012749859597533941,2.602024793624878,0.8100000023841858,0.7699999809265137,0.15679657459259033,67.0
4515,147980288.0,0.0015251836739480495,2.503293037414551,0.7999999523162842,0.8100000023841858,0.14753589034080505,63.599998474121094
4516,148013056.0,0.002092017326503992,2.5327930450439453,0.8499999642372131,0.7999999523162842,0.14377564191818237,72.79999542236328
4517,148045824.0,0.001646911958232522,2.874802827835083,1.0199999809265137,0.8499999642372131,0.16788583993911743,68.5
4518,148078592.0,0.001256534713320434,2.8789517879486084,1.0099999904632568,1.0199999809265137,0.14255665242671967,67.69999694824219
4519,148111360.0,0.0016996688209474087,3.281573534011841,1.0399999618530273,1.0099999904632568,0.13782143592834473,63.099998474121094
4520,148144128.0,0.0010184717830270529,2.3623604774475098,0.9399999976158142,1.0399999618530273,0.13945618271827698,66.5999984741211
4521,148176896.0,0.001471980009227991,2.7896785736083984,0.8499999642372131,0.9399999976158142,0.13603100180625916,60.0
4522,148209664.0,0.0009687908459454775,2.7676713466644287,0.8199999928474426,0.8499999642372131,0.13715717196464539,66.0999984741211
4523,148242432.0,0.0019379828590899706,2.642557382583618,0.7599999904632568,0.8199999928474426,0.17522652447223663,59.599998474121094
4524,148275200.0,0.001220213482156396,2.6431212425231934,0.8399999737739563,0.7599999904632568,0.14190109074115753,58.79999923706055
4525,148307968.0,0.0014787373365834355,2.529705286026001,0.85999995470047,0.8399999737739563,0.15351459383964539,64.79999542236328
4526,148340736.0,0.0030209068208932877,2.647507667541504,0.85999995470047,0.85999995470047,0.15119680762290955,64.79999542236328
4527,148373504.0,0.0011950660264119506,2.492798328399658,0.85999995470047,0.85999995470047,0.1419861614704132,68.5
4528,148406272.0,0.00324188731610775,2.379209518432617,0.8399999737739563,0.85999995470047,0.14812669157981873,69.5999984741211
4529,148439040.0,0.0011662431061267853,2.7865073680877686,0.8700000047683716,0.8399999737739563,0.14767006039619446,72.29999542236328
4530,148471808.0,0.0009945861529558897,2.6529734134674072,0.6599999666213989,0.8700000047683716,0.13654901087284088,77.29999542236328
4531,148504576.0,0.0022074440494179726,2.732487916946411,0.6800000071525574,0.6599999666213989,0.15083014965057373,77.29999542236328
4532,148537344.0,0.001119924709200859,2.5322141647338867,0.8100000023841858,0.6800000071525574,0.1593920886516571,77.0
4533,148570112.0,0.0010580181842669845,2.6158339977264404,0.6100000143051147,0.8100000023841858,0.15723885595798492,79.69999694824219
4534,148602880.0,0.0018831667257472873,2.4351305961608887,0.7400000095367432,0.6100000143051147,0.15422599017620087,77.0
4535,148635648.0,0.0011006705462932587,2.719961643218994,0.5600000023841858,0.7400000095367432,0.1368163824081421,79.19999694824219
4536,148668416.0,0.001673483056947589,2.6243042945861816,0.5699999928474426,0.5600000023841858,0.1361387073993683,76.19999694824219
4537,148701184.0,0.0012149299727752805,2.764355421066284,0.6100000143051147,0.5699999928474426,0.14620693027973175,66.5999984741211
4538,148733952.0,0.001956857042387128,2.483297109603882,0.699999988079071,0.6100000143051147,0.1671203076839447,64.5999984741211
4539,148766720.0,0.0006562559865415096,2.664358377456665,0.6599999666213989,0.699999988079071,0.12764474749565125,66.5999984741211
4540,148799488.0,0.0013159529771655798,2.2875895500183105,0.7099999785423279,0.6599999666213989,0.16400191187858582,64.5999984741211
4541,148832256.0,0.0013593025505542755,2.5128557682037354,0.4599999785423279,0.7099999785423279,0.14924922585487366,67.5999984741211
4542,148865024.0,0.0016144561814144254,2.9244492053985596,0.5399999618530273,0.4599999785423279,0.13357621431350708,65.5999984741211
4543,148897792.0,0.001330917002633214,2.8954012393951416,0.5,0.5399999618530273,0.14056262373924255,62.5
4544,148930560.0,0.0010196056682616472,2.6396286487579346,0.5199999809265137,0.5,0.15584245324134827,62.5
4545,148963328.0,0.0014985621673986316,3.0604052543640137,0.7299999594688416,0.5199999809265137,0.13799810409545898,67.29999542236328
4546,148996096.0,0.0015739462105557323,2.402069568634033,0.550000011920929,0.7299999594688416,0.14842945337295532,72.5999984741211
4547,149028864.0,0.0010416943114250898,2.442434072494507,0.7599999904632568,0.550000011920929,0.1398395299911499,67.69999694824219
4548,149061632.0,0.0016894692089408636,2.8158481121063232,0.550000011920929,0.7599999904632568,0.12756195664405823,65.4000015258789
4549,149094400.0,0.0017362718936055899,2.31876802444458,0.7899999618530273,0.550000011920929,0.14858698844909668,66.9000015258789
4550,149127168.0,0.0030623944476246834,2.775418519973755,0.6699999570846558,0.7899999618530273,0.1378139704465866,79.69999694824219
4551,149159936.0,0.0009696563356555998,2.653125524520874,0.5399999618530273,0.6699999570846558,0.14007501304149628,77.5
4552,149192704.0,0.0010101401712745428,2.729738712310791,0.4599999785423279,0.5399999618530273,0.14602136611938477,70.9000015258789
4553,149225472.0,0.0013783101458102465,2.472324848175049,0.5600000023841858,0.4599999785423279,0.13372507691383362,80.9000015258789
4554,149258240.0,0.0017205117037519813,2.592625617980957,0.4899999797344208,0.5600000023841858,0.1475929319858551,70.79999542236328
4555,149291008.0,0.0018626126693561673,2.487034797668457,0.5999999642372131,0.4899999797344208,0.14972078800201416,64.29999542236328
4556,149323776.0,0.000903370906598866,2.95587420463562,0.5999999642372131,0.5999999642372131,0.131448432803154,70.79999542236328
4557,149356544.0,0.0014832509914413095,2.4513962268829346,0.6100000143051147,0.5999999642372131,0.13644707202911377,73.4000015258789
4558,149389312.0,0.0014673350378870964,2.2906174659729004,0.5199999809265137,0.6100000143051147,0.1363634169101715,73.29999542236328
4559,149422080.0,0.0018723030807450414,2.4955637454986572,0.5299999713897705,0.5199999809265137,0.1391441971063614,79.9000015258789
4560,149454848.0,0.0014871987514197826,2.773911476135254,0.5199999809265137,0.5299999713897705,0.1633836328983307,79.9000015258789
4561,149487616.0,0.0012043580645695329,2.589946746826172,0.5600000023841858,0.5199999809265137,0.1495387852191925,78.9000015258789
4562,149520384.0,0.0020745019428431988,2.5363357067108154,0.8999999761581421,0.5600000023841858,0.1621139943599701,71.4000015258789
4563,149553152.0,0.0009709285222925246,2.647061586380005,0.6699999570846558,0.8999999761581421,0.13671723008155823,70.79999542236328
4564,149585920.0,0.0012149978429079056,2.6774191856384277,0.6299999952316284,0.6699999570846558,0.15391235053539276,68.79999542236328
4565,149618688.0,0.001166593050584197,3.0488481521606445,0.29999998211860657,0.6299999952316284,0.1574292629957199,67.69999694824219
4566,149651456.0,0.0015639702323824167,2.9589414596557617,0.32999998331069946,0.29999998211860657,0.1491154134273529,57.099998474121094
4567,149684224.0,0.0012834580847993493,2.660625457763672,0.5,0.32999998331069946,0.12196105718612671,69.4000015258789
4568,149716992.0,0.0013471083948388696,2.2370126247406006,0.26999998092651367,0.5,0.13279595971107483,63.79999923706055
4569,149749760.0,0.0016594830667600036,2.6397101879119873,0.4599999785423279,0.26999998092651367,0.1289796680212021,61.79999923706055
4570,149782528.0,0.0018379290122538805,2.205247402191162,0.47999998927116394,0.4599999785423279,0.15101878345012665,66.29999542236328
4571,149815296.0,0.0012196435127407312,2.6815855503082275,0.9399999976158142,0.47999998927116394,0.1294761300086975,58.79999923706055
4572,149848064.0,0.0011324654333293438,2.7445948123931885,1.149999976158142,0.9399999976158142,0.12210366129875183,66.79999542236328
4573,149880832.0,0.0014668306102976203,2.4293699264526367,1.1299999952316284,1.149999976158142,0.1213848888874054,70.79999542236328
4574,149913600.0,0.0016903819050639868,2.4538464546203613,1.149999976158142,1.1299999952316284,0.1304839551448822,67.5
4575,149946368.0,0.0015416397945955396,2.8241145610809326,0.6200000047683716,1.149999976158142,0.1428297907114029,68.5
4576,149979136.0,0.0014263077173382044,2.2022855281829834,0.8999999761581421,0.6200000047683716,0.15130242705345154,61.89999771118164
4577,150011904.0,0.0012494567781686783,2.6507935523986816,0.6800000071525574,0.8999999761581421,0.15004879236221313,60.0
4578,150044672.0,0.0011446166317909956,2.628993034362793,0.9099999666213989,0.6800000071525574,0.13484114408493042,62.099998474121094
4579,150077440.0,0.0016695850063115358,2.694990873336792,0.5699999928474426,0.9099999666213989,0.147728830575943,64.5999984741211
4580,150110208.0,0.000997159513644874,2.967020273208618,0.9199999570846558,0.5699999928474426,0.13151815533638,62.599998474121094
4581,150142976.0,0.002611277624964714,2.685884952545166,0.5,0.9199999570846558,0.14475512504577637,68.0999984741211
4582,150175744.0,0.0017057348741218448,2.4423282146453857,0.6399999856948853,0.5,0.140072301030159,60.0
4583,150208512.0,0.0012339333770796657,2.481945753097534,0.5,0.6399999856948853,0.12122888118028641,65.0
4584,150241280.0,0.0007527015986852348,2.371440887451172,0.5399999618530273,0.5,0.12830020487308502,60.0
4585,150274048.0,0.001740513602271676,2.3030920028686523,0.6200000047683716,0.5399999618530273,0.16199949383735657,67.5
4586,150306816.0,0.0011729600373655558,2.1499061584472656,0.9300000071525574,0.6200000047683716,0.12682735919952393,59.69999694824219
4587,150339584.0,0.0012429389171302319,2.924576997756958,0.7400000095367432,0.9300000071525574,0.1393938809633255,66.5999984741211
4588,150372352.0,0.001481256214901805,2.6228110790252686,1.1100000143051147,0.7400000095367432,0.13627776503562927,66.4000015258789
4589,150405120.0,0.0010962290689349174,2.4653468132019043,0.9300000071525574,1.1100000143051147,0.15109790861606598,66.79999542236328
4590,150437888.0,0.0020902936812490225,2.5711543560028076,0.8799999952316284,0.9300000071525574,0.16246038675308228,73.4000015258789
4591,150470656.0,0.0016537830233573914,2.3471262454986572,0.5600000023841858,0.8799999952316284,0.14700844883918762,68.29999542236328
4592,150503424.0,0.0016438520979136229,2.283059597015381,0.9599999785423279,0.5600000023841858,0.13852912187576294,62.29999923706055
4593,150536192.0,0.0015466520562767982,2.7402069568634033,1.0499999523162842,0.9599999785423279,0.15085813403129578,75.19999694824219
4594,150568960.0,0.0018625749507918954,2.350478172302246,0.949999988079071,1.0499999523162842,0.15128746628761292,73.19999694824219
4595,150601728.0,0.0013543295208364725,2.786890745162964,1.0799999237060547,0.949999988079071,0.15870565176010132,63.79999923706055
4596,150634496.0,0.001627216232009232,2.3601577281951904,1.0499999523162842,1.0799999237060547,0.14277181029319763,73.79999542236328
4597,150667264.0,0.0022665210999548435,2.723452091217041,0.8899999856948853,1.0499999523162842,0.16908609867095947,73.29999542236328
4598,150700032.0,0.0012125220382586122,2.985563278198242,0.8999999761581421,0.8899999856948853,0.13385610282421112,73.0999984741211
4599,150732800.0,0.0016162118408828974,2.9538092613220215,0.9599999785423279,0.8999999761581421,0.13563799858093262,73.0999984741211
4600,150765568.0,0.0013283032458275557,2.284374237060547,0.9599999785423279,0.9599999785423279,0.13248974084854126,73.0999984741211
4601,150798336.0,0.001715474296361208,2.62581729888916,0.6499999761581421,0.9599999785423279,0.17100515961647034,72.0999984741211
4602,150831104.0,0.001978820888325572,2.7634010314941406,0.6499999761581421,0.6499999761581421,0.14624404907226562,65.4000015258789
4603,150863872.0,0.000693288806360215,2.545558452606201,0.9699999690055847,0.6499999761581421,0.14471247792243958,72.0999984741211
4604,150896640.0,0.0015738045331090689,2.7173430919647217,0.9899999499320984,0.9699999690055847,0.13678215444087982,66.4000015258789
4605,150929408.0,0.001137581653892994,2.673245668411255,0.9899999499320984,0.9899999499320984,0.1251034438610077,64.5
4606,150962176.0,0.001114186830818653,2.5097784996032715,1.0099999904632568,0.9899999499320984,0.14135394990444183,66.4000015258789
4607,150994944.0,0.0016198762459680438,2.6106159687042236,1.1799999475479126,1.0099999904632568,0.14866608381271362,74.0
4608,151027712.0,0.0007156420033425093,2.4503960609436035,1.1299999952316284,1.1799999475479126,0.1381518542766571,76.5
4609,151060480.0,0.0019061865750700235,2.7441580295562744,1.1100000143051147,1.1299999952316284,0.14509335160255432,71.5999984741211
4610,151093248.0,0.0011917403899133205,2.2938389778137207,1.1100000143051147,1.1100000143051147,0.1429770588874817,64.0
4611,151126016.0,0.0010663698194548488,2.5381977558135986,1.090000033378601,1.1100000143051147,0.14138425886631012,64.5
4612,151158784.0,0.002610430121421814,3.0905404090881348,1.100000023841858,1.090000033378601,0.13868603110313416,64.0
4613,151191552.0,0.0015908165369182825,2.793196201324463,1.0799999237060547,1.100000023841858,0.15449973940849304,72.0999984741211
4614,151224320.0,0.0009561121114529669,2.393677234649658,0.699999988079071,1.0799999237060547,0.14059218764305115,60.5
4615,151257088.0,0.0007967920391820371,2.8614916801452637,0.7199999690055847,0.699999988079071,0.13495567440986633,64.5
4616,151289856.0,0.0015543194022029638,3.2093005180358887,0.7400000095367432,0.7199999690055847,0.1348525434732437,63.79999923706055
4617,151322624.0,0.0019080680795013905,2.6371536254882812,0.7699999809265137,0.7400000095367432,0.1547403633594513,60.5
4618,151355392.0,0.0014461199752986431,2.6708333492279053,0.7899999618530273,0.7699999809265137,0.12045741081237793,63.599998474121094
4619,151388160.0,0.0009535716380923986,2.6702871322631836,0.8100000023841858,0.7899999618530273,0.12716954946517944,64.5999984741211
4620,151420928.0,0.0021506687626242638,2.7525646686553955,0.41999998688697815,0.8100000023841858,0.13865652680397034,72.4000015258789
4621,151453696.0,0.00109778787009418,2.7585723400115967,0.5099999904632568,0.41999998688697815,0.13374342024326324,57.39999771118164
4622,151486464.0,0.0012992480769753456,2.2257771492004395,0.44999998807907104,0.5099999904632568,0.15508520603179932,55.39999771118164
4623,151519232.0,0.001955813728272915,2.5007193088531494,0.5399999618530273,0.44999998807907104,0.13996440172195435,63.39999771118164
4624,151552000.0,0.00129902851767838,3.1263773441314697,0.5399999618530273,0.5399999618530273,0.14654353260993958,68.9000015258789
4625,151584768.0,0.002021119464188814,2.623814105987549,0.6899999976158142,0.5399999618530273,0.13501548767089844,68.9000015258789
4626,151617536.0,0.001474812626838684,3.0744729042053223,0.6699999570846558,0.6899999976158142,0.14730802178382874,72.9000015258789
4627,151650304.0,0.0011553650256246328,2.7327206134796143,1.0199999809265137,0.6699999570846558,0.13770031929016113,72.79999542236328
4628,151683072.0,0.0012771671172231436,2.9504528045654297,1.0299999713897705,1.0199999809265137,0.14339348673820496,79.79999542236328
4629,151715840.0,0.001493077608756721,2.0783557891845703,1.350000023841858,1.0299999713897705,0.14944380521774292,71.29999542236328
4630,151748608.0,0.0021799893584102392,2.5817408561706543,0.8499999642372131,1.350000023841858,0.15125581622123718,69.5
4631,151781376.0,0.0018759130034595728,2.553617477416992,1.3799999952316284,0.8499999642372131,0.1438792645931244,54.89999771118164
4632,151814144.0,0.0012317573418840766,2.383451461791992,1.149999976158142,1.3799999952316284,0.14560800790786743,70.9000015258789
4633,151846912.0,0.0016735518584027886,2.7027766704559326,0.6800000071525574,1.149999976158142,0.14492826163768768,72.4000015258789
4634,151879680.0,0.0020948518067598343,2.7379913330078125,0.9199999570846558,0.6800000071525574,0.14014124870300293,64.0
4635,151912448.0,0.0016801218735054135,2.7079479694366455,0.6800000071525574,0.9199999570846558,0.13791918754577637,68.5
4636,151945216.0,0.0012236322509124875,2.8069589138031006,0.8499999642372131,0.6800000071525574,0.14596737921237946,65.5
4637,151977984.0,0.0008323309011757374,2.8414387702941895,0.8100000023841858,0.8499999642372131,0.1417730301618576,70.29999542236328
4638,152010752.0,0.001262799371033907,2.50058650970459,0.8199999928474426,0.8100000023841858,0.15926773846149445,73.29999542236328
4639,152043520.0,0.0020867104176431894,2.663745880126953,0.9399999976158142,0.8199999928474426,0.14224648475646973,64.0
4640,152076288.0,0.0015487736091017723,2.825361967086792,0.949999988079071,0.9399999976158142,0.1505955159664154,71.29999542236328
4641,152109056.0,0.0021007568575441837,2.663524866104126,0.8399999737739563,0.949999988079071,0.15227341651916504,71.69999694824219
4642,152141824.0,0.001847093808464706,2.5456724166870117,0.7899999618530273,0.8399999737739563,0.1528124064207077,71.5
4643,152174592.0,0.0010551433078944683,2.9237380027770996,1.1699999570846558,0.7899999618530273,0.10769802331924438,68.9000015258789
4644,152207360.0,0.0013763331808149815,2.868830680847168,0.7899999618530273,1.1699999570846558,0.15133178234100342,65.4000015258789
4645,152240128.0,0.002227512653917074,2.576948881149292,1.1899999380111694,0.7899999618530273,0.16311562061309814,68.79999542236328
4646,152272896.0,0.0007277698023244739,2.735727310180664,0.9399999976158142,1.1899999380111694,0.1347379833459854,74.79999542236328
4647,152305664.0,0.0009069141815416515,2.5929009914398193,1.159999966621399,0.9399999976158142,0.1444299817085266,72.79999542236328
4648,152338432.0,0.001258248696103692,2.839299201965332,1.1699999570846558,1.159999966621399,0.15466797351837158,62.39999771118164
4649,152371200.0,0.0011991278734058142,3.3613171577453613,1.0099999904632568,1.1699999570846558,0.14824187755584717,72.29999542236328
4650,152403968.0,0.0016138283535838127,2.38277268409729,1.090000033378601,1.0099999904632568,0.15081307291984558,70.79999542236328
4651,152436736.0,0.0009302624966949224,2.8647782802581787,0.9699999690055847,1.090000033378601,0.15407401323318481,69.79999542236328
4652,152469504.0,0.0017345771193504333,2.8124349117279053,1.0499999523162842,0.9699999690055847,0.12423096597194672,70.29999542236328
4653,152502272.0,0.0014635003171861172,2.50900936126709,1.059999942779541,1.0499999523162842,0.16529229283332825,62.29999923706055
4654,152535040.0,0.0009357469389215112,2.563594341278076,1.059999942779541,1.059999942779541,0.14025843143463135,62.79999923706055
4655,152567808.0,0.0013085014652460814,2.543170690536499,1.0699999332427979,1.059999942779541,0.14821018278598785,71.4000015258789
4656,152600576.0,0.0012934852857142687,2.57643985748291,0.9199999570846558,1.0699999332427979,0.13901081681251526,65.9000015258789
4657,152633344.0,0.0014520080294460058,2.9566798210144043,1.090000033378601,0.9199999570846558,0.13837024569511414,54.79999923706055
4658,152666112.0,0.0012941805180162191,2.7077817916870117,1.090000033378601,1.090000033378601,0.14629016816616058,77.19999694824219
4659,152698880.0,0.0015458682319149375,3.1250367164611816,1.1200000047683716,1.090000033378601,0.14055666327476501,69.5999984741211
4660,152731648.0,0.002077406970784068,2.859673261642456,1.1699999570846558,1.1200000047683716,0.14083664119243622,73.69999694824219
4661,152764416.0,0.002606008667498827,2.7857234477996826,1.1200000047683716,1.1699999570846558,0.1593494415283203,73.69999694824219
4662,152797184.0,0.0005970241618342698,2.5899434089660645,1.1699999570846558,1.1200000047683716,0.14372774958610535,71.5999984741211
4663,152829952.0,0.0020094686187803745,2.8912060260772705,1.5,1.1699999570846558,0.1378849744796753,69.0999984741211
4664,152862720.0,0.002712232293561101,2.6072168350219727,1.3899999856948853,1.5,0.14184758067131042,67.29999542236328
4665,152895488.0,0.0013137568021193147,2.989265203475952,0.85999995470047,1.3899999856948853,0.15758678317070007,77.29999542236328
4666,152928256.0,0.0013031751150265336,2.6564385890960693,1.159999966621399,0.85999995470047,0.1515040397644043,72.29999542236328
4667,152961024.0,0.002166353166103363,2.356313705444336,1.0499999523162842,1.159999966621399,0.16215430200099945,66.29999542236328
4668,152993792.0,0.0014084640424698591,2.550861120223999,1.309999942779541,1.0499999523162842,0.13031581044197083,62.599998474121094
4669,153026560.0,0.0011008636793121696,2.683638572692871,0.9599999785423279,1.309999942779541,0.11826828867197037,65.5999984741211
4670,153059328.0,0.001105388393625617,2.719388008117676,0.8700000047683716,0.9599999785423279,0.14819511771202087,70.29999542236328
4671,153092096.0,0.0012516819406300783,2.8192381858825684,1.1399999856948853,0.8700000047683716,0.14349734783172607,68.19999694824219
4672,153124864.0,0.0015165742952376604,2.844135284423828,1.2200000286102295,1.1399999856948853,0.1467013657093048,64.5999984741211
4673,153157632.0,0.001709568314254284,2.982717752456665,1.1899999380111694,1.2200000286102295,0.15333957970142365,69.19999694824219
4674,153190400.0,0.0014099515974521637,2.7004520893096924,0.9799999594688416,1.1899999380111694,0.14832673966884613,60.69999694824219
4675,153223168.0,0.0008424347033724189,2.406129837036133,1.0699999332427979,0.9799999594688416,0.1423972100019455,59.599998474121094
4676,153255936.0,0.0019033517455682158,2.706876039505005,0.8799999952316284,1.0699999332427979,0.1508558988571167,62.79999923706055
4677,153288704.0,0.0018768004374578595,2.580824375152588,0.7999999523162842,0.8799999952316284,0.14963087439537048,55.599998474121094
4678,153321472.0,0.0022571019362658262,2.637594699859619,0.7599999904632568,0.7999999523162842,0.15271130204200745,52.39999771118164
4679,153354240.0,0.001233987626619637,2.4334588050842285,0.8899999856948853,0.7599999904632568,0.14276990294456482,48.39999771118164
4680,153387008.0,0.001503655919805169,2.560844659805298,1.149999976158142,0.8899999856948853,0.17165017127990723,59.099998474121094
4681,153419776.0,0.0017801749054342508,2.528329372406006,0.7599999904632568,1.149999976158142,0.15226399898529053,64.5999984741211
4682,153452544.0,0.001960291061550379,2.750126361846924,0.8999999761581421,0.7599999904632568,0.13565224409103394,64.0999984741211
4683,153485312.0,0.0011368999257683754,2.9836792945861816,0.8799999952316284,0.8999999761581421,0.16166415810585022,64.0999984741211
4684,153518080.0,0.0011327913962304592,2.7684831619262695,0.8499999642372131,0.8799999952316284,0.1596423089504242,67.5999984741211
4685,153550848.0,0.001295730471611023,2.526343822479248,1.3199999332427979,0.8499999642372131,0.14655572175979614,54.5
4686,153583616.0,0.001384227885864675,3.053201675415039,1.1299999952316284,1.3199999332427979,0.13369432091712952,71.0
4687,153616384.0,0.0017752612475305796,2.4733190536499023,1.2799999713897705,1.1299999952316284,0.14513489603996277,65.9000015258789
4688,153649152.0,0.0014850124716758728,3.14422607421875,1.149999976158142,1.2799999713897705,0.13880866765975952,71.4000015258789
4689,153681920.0,0.0030209629330784082,2.9622278213500977,1.100000023841858,1.149999976158142,0.15201210975646973,63.89999771118164
4690,153714688.0,0.0016237294767051935,2.4836177825927734,1.0799999237060547,1.100000023841858,0.1755847930908203,61.79999923706055
4691,153747456.0,0.001581564312800765,2.371882915496826,1.2400000095367432,1.0799999237060547,0.15384654700756073,61.89999771118164
4692,153780224.0,0.0011216475395485759,2.2871367931365967,1.2400000095367432,1.2400000095367432,0.14781905710697174,65.69999694824219
4693,153812992.0,0.0009807231836020947,2.3307812213897705,1.2599999904632568,1.2400000095367432,0.15049737691879272,70.5
4694,153845760.0,0.0011160518042743206,2.9141225814819336,1.2699999809265137,1.2599999904632568,0.12739382684230804,72.5
4695,153878528.0,0.00099151988979429,2.8278541564941406,1.2300000190734863,1.2699999809265137,0.14415216445922852,69.5
4696,153911296.0,0.0029160985723137856,2.5577402114868164,1.25,1.2300000190734863,0.14785291254520416,69.5
4697,153944064.0,0.0018282197415828705,2.877983808517456,1.2999999523162842,1.25,0.15850460529327393,69.5
4698,153976832.0,0.001093058381229639,2.2701284885406494,1.149999976158142,1.2999999523162842,0.13296422362327576,70.29999542236328
4699,154009600.0,0.0022099351044744253,2.787919044494629,1.1799999475479126,1.149999976158142,0.1485205888748169,68.4000015258789
4700,154042368.0,0.0010417361045256257,2.524909257888794,1.1799999475479126,1.1799999475479126,0.11444234848022461,68.29999542236328
4701,154075136.0,0.0012763700215145946,2.6725401878356934,1.25,1.1799999475479126,0.13532382249832153,67.5
4702,154107904.0,0.0011551091447472572,2.6546285152435303,1.2699999809265137,1.25,0.1449166238307953,67.0
4703,154140672.0,0.002781122224405408,2.7491347789764404,1.2300000190734863,1.2699999809265137,0.15050078928470612,69.0999984741211
4704,154173440.0,0.0011870326707139611,2.5146095752716064,0.9199999570846558,1.2300000190734863,0.14568668603897095,67.5
4705,154206208.0,0.001697975560091436,2.678215742111206,1.2400000095367432,0.9199999570846558,0.12731985747814178,65.5999984741211
4706,154238976.0,0.0014719716273248196,1.8816109895706177,1.1699999570846558,1.2400000095367432,0.12757782638072968,71.5999984741211
4707,154271744.0,0.0006721438840031624,2.436279773712158,1.2200000286102295,1.1699999570846558,0.12161322683095932,79.19999694824219
4708,154304512.0,0.002206986304372549,2.4334306716918945,1.2400000095367432,1.2200000286102295,0.15583032369613647,75.69999694824219
4709,154337280.0,0.0017585064051672816,2.53517484664917,1.2300000190734863,1.2400000095367432,0.1526007354259491,75.5999984741211
4710,154370048.0,0.001301883952692151,2.396420478820801,1.2300000190734863,1.2300000190734863,0.136082261800766,65.4000015258789
4711,154402816.0,0.0014778508339077234,2.9054219722747803,1.2300000190734863,1.2300000190734863,0.1618330180644989,64.9000015258789
4712,154435584.0,0.001779867336153984,2.4403696060180664,1.2300000190734863,1.2300000190734863,0.14469991624355316,65.4000015258789
4713,154468352.0,0.0021810424514114857,2.8608903884887695,0.8700000047683716,1.2300000190734863,0.15234780311584473,65.4000015258789
4714,154501120.0,0.0012660520151257515,2.633538246154785,1.25,0.8700000047683716,0.12890417873859406,54.39999771118164
4715,154533888.0,0.0013057804899290204,2.8762331008911133,1.3600000143051147,1.25,0.13758528232574463,63.5
4716,154566656.0,0.0011657888535410166,2.76961088180542,1.2300000190734863,1.3600000143051147,0.14770293235778809,64.9000015258789
4717,154599424.0,0.0019249424804002047,2.3462352752685547,1.3600000143051147,1.2300000190734863,0.14152243733406067,64.9000015258789
4718,154632192.0,0.0012382888235151768,2.7124874591827393,1.1899999380111694,1.3600000143051147,0.12052427977323532,72.5999984741211
4719,154664960.0,0.001472881413064897,2.2942495346069336,1.159999966621399,1.1899999380111694,0.13988393545150757,72.29999542236328
4720,154697728.0,0.0020344245713204145,2.863877058029175,1.0199999809265137,1.159999966621399,0.15426233410835266,60.19999694824219
4721,154730496.0,0.0008369673159904778,2.3478569984436035,1.0499999523162842,1.0199999809265137,0.13983148336410522,59.5
4722,154763264.0,0.001321242656558752,2.578932762145996,1.0399999618530273,1.0499999523162842,0.13394829630851746,69.69999694824219
4723,154796032.0,0.0021022181026637554,2.740528106689453,1.4800000190734863,1.0399999618530273,0.12483453750610352,62.0
4724,154828800.0,0.0009708345169201493,2.4396376609802246,1.2300000190734863,1.4800000190734863,0.12369339913129807,76.79999542236328
4725,154861568.0,0.0015357600059360266,2.628803253173828,1.25,1.2300000190734863,0.12139325588941574,70.79999542236328
4726,154894336.0,0.001653765793889761,2.565873622894287,1.2300000190734863,1.25,0.15693694353103638,80.79999542236328
4727,154927104.0,0.0011024338891729712,2.0529026985168457,1.5,1.2300000190734863,0.15733247995376587,78.0999984741211
4728,154959872.0,0.0019289882620796561,2.5089221000671387,1.6299999952316284,1.5,0.142551988363266,75.4000015258789
4729,154992640.0,0.0012031756341457367,2.798630475997925,1.5899999141693115,1.6299999952316284,0.1346706748008728,70.5999984741211
4730,155025408.0,0.001307927188463509,2.478595733642578,1.6100000143051147,1.5899999141693115,0.1556197702884674,67.29999542236328
4731,155058176.0,0.0013994479086250067,2.6077821254730225,1.6299999952316284,1.6100000143051147,0.13281692564487457,85.0
4732,155090944.0,0.00135921617038548,2.8018040657043457,1.309999942779541,1.6299999952316284,0.13891874253749847,85.79999542236328
4733,155123712.0,0.0018558348529040813,2.490145683288574,1.2899999618530273,1.309999942779541,0.1470644623041153,84.19999694824219
4734,155156480.0,0.0019761715084314346,2.686922550201416,0.949999988079071,1.2899999618530273,0.15081414580345154,81.0
4735,155189248.0,0.001359210116788745,2.662602663040161,0.9599999785423279,0.949999988079071,0.13122345507144928,81.9000015258789
4736,155222016.0,0.0009415926178917289,2.690948963165283,0.9699999690055847,0.9599999785423279,0.13666221499443054,71.0999984741211
4737,155254784.0,0.0009572509443387389,2.872049570083618,0.9699999690055847,0.9699999690055847,0.12881919741630554,78.69999694824219
4738,155287552.0,0.0013355015544220805,2.714491367340088,1.0,0.9699999690055847,0.1475016325712204,78.69999694824219
4739,155320320.0,0.0010871047852560878,2.7295093536376953,1.0299999713897705,1.0,0.1480455845594406,75.9000015258789
4740,155353088.0,0.0016745968023315072,2.412411689758301,1.100000023841858,1.0299999713897705,0.14861458539962769,75.9000015258789
4741,155385856.0,0.002927047200500965,2.3715803623199463,1.100000023841858,1.100000023841858,0.1583845466375351,71.4000015258789
4742,155418624.0,0.0015027450863271952,2.7312369346618652,1.100000023841858,1.100000023841858,0.13716572523117065,71.4000015258789
4743,155451392.0,0.0016969549469649792,2.703899621963501,1.0699999332427979,1.100000023841858,0.13974380493164062,63.599998474121094
4744,155484160.0,0.001171300420537591,2.5850822925567627,1.090000033378601,1.0699999332427979,0.14123259484767914,60.79999923706055
4745,155516928.0,0.0010185213759541512,2.434645414352417,1.3299999237060547,1.090000033378601,0.12413039803504944,73.4000015258789
4746,155549696.0,0.0012920497683808208,2.010477304458618,1.159999966621399,1.3299999237060547,0.13175056874752045,73.4000015258789
4747,155582464.0,0.0007876792806200683,2.6759016513824463,1.2200000286102295,1.159999966621399,0.13303974270820618,67.4000015258789
4748,155615232.0,0.0018330098828300834,2.729153871536255,0.8999999761581421,1.2200000286102295,0.13305765390396118,55.69999694824219
4749,155648000.0,0.0017765264492481947,3.057971715927124,0.8499999642372131,0.8999999761581421,0.14689624309539795,63.19999694824219
4750,155680768.0,0.001170159550383687,2.6253743171691895,0.8799999952316284,0.8499999642372131,0.16024033725261688,66.4000015258789
4751,155713536.0,0.0010950136929750443,2.4673871994018555,1.0499999523162842,0.8799999952316284,0.13425424695014954,69.4000015258789
4752,155746304.0,0.0015427947510033846,2.6190578937530518,0.8100000023841858,1.0499999523162842,0.13726718723773956,66.79999542236328
4753,155779072.0,0.0027197846211493015,2.7461628913879395,1.0299999713897705,0.8100000023841858,0.14852729439735413,61.0
4754,155811840.0,0.0020635975524783134,2.659343957901001,0.9799999594688416,1.0299999713897705,0.1538069099187851,70.19999694824219
4755,155844608.0,0.0017363044898957014,3.044959545135498,0.8199999928474426,0.9799999594688416,0.15211430191993713,74.29999542236328
4756,155877376.0,0.000828292453661561,2.3004188537597656,0.7599999904632568,0.8199999928474426,0.14295530319213867,77.29999542236328
4757,155910144.0,0.000875643570907414,2.542839288711548,0.75,0.7599999904632568,0.15643742680549622,93.9000015258789
4758,155942912.0,0.0008975134696811438,2.573270559310913,0.7899999618530273,0.75,0.13336071372032166,86.4000015258789
4759,155975680.0,0.0011865904089063406,2.7570621967315674,0.7400000095367432,0.7899999618530273,0.14496487379074097,78.79999542236328
4760,156008448.0,0.0014483666745945811,2.902533769607544,0.7400000095367432,0.7400000095367432,0.14043980836868286,66.79999542236328
4761,156041216.0,0.0009107114165090024,2.878979206085205,0.6899999976158142,0.7400000095367432,0.13373182713985443,68.29999542236328
4762,156073984.0,0.001991902943700552,2.692290782928467,0.7099999785423279,0.6899999976158142,0.14881953597068787,60.79999923706055
4763,156106752.0,0.0016839877935126424,1.8814191818237305,0.7400000095367432,0.7099999785423279,0.14865681529045105,67.5
4764,156139520.0,0.0010806368663907051,2.110858678817749,0.8399999737739563,0.7400000095367432,0.14863646030426025,71.5
4765,156172288.0,0.0021662446670234203,2.576012134552002,0.8399999737739563,0.8399999737739563,0.16020993888378143,71.5
4766,156205056.0,0.00137431884650141,2.77565336227417,0.7599999904632568,0.8399999737739563,0.1433367133140564,64.0
4767,156237824.0,0.0010956637561321259,2.4358880519866943,0.8100000023841858,0.7599999904632568,0.1199258342385292,75.5
4768,156270592.0,0.002110238652676344,2.3218271732330322,0.8100000023841858,0.8100000023841858,0.1516936719417572,86.29999542236328
4769,156303360.0,0.0009974028216674924,2.4297351837158203,0.7199999690055847,0.8100000023841858,0.13461220264434814,85.29999542236328
4770,156336128.0,0.0009099468006752431,2.403712034225464,0.4899999797344208,0.7199999690055847,0.14173707365989685,79.29999542236328
4771,156368896.0,0.0013481320347636938,2.6458969116210938,0.7400000095367432,0.4899999797344208,0.13679027557373047,75.29999542236328
4772,156401664.0,0.0009941242169588804,2.5994110107421875,1.0,0.7400000095367432,0.14024654030799866,83.29999542236328
4773,156434432.0,0.001941802678629756,2.56528902053833,0.6399999856948853,1.0,0.1470143347978592,69.0999984741211
4774,156467200.0,0.0013704481534659863,2.808130979537964,0.6299999952316284,0.6399999856948853,0.14368093013763428,64.0999984741211
4775,156499968.0,0.0015744329430162907,2.4312431812286377,0.9799999594688416,0.6299999952316284,0.14769163727760315,59.099998474121094
4776,156532736.0,0.0018962085014209151,2.6077122688293457,0.6399999856948853,0.9799999594688416,0.15340955555438995,65.69999694824219
4777,156565504.0,0.001476490986533463,2.446824073791504,0.7199999690055847,0.6399999856948853,0.13430851697921753,74.4000015258789
4778,156598272.0,0.0020633945241570473,2.742861270904541,0.7400000095367432,0.7199999690055847,0.13665808737277985,85.5
4779,156631040.0,0.0013101183576509356,2.8127994537353516,0.6499999761581421,0.7400000095367432,0.15032929182052612,84.5
4780,156663808.0,0.001992803532630205,2.6706037521362305,0.7099999785423279,0.6499999761581421,0.1497448980808258,75.19999694824219
4781,156696576.0,0.0011864220723509789,2.6736035346984863,0.38999998569488525,0.7099999785423279,0.1409684419631958,82.0999984741211
4782,156729344.0,0.0012421656865626574,2.5886342525482178,0.38999998569488525,0.38999998569488525,0.13889452815055847,72.79999542236328
4783,156762112.0,0.001520506339147687,2.3666276931762695,0.4699999988079071,0.38999998569488525,0.13809293508529663,73.79999542236328
4784,156794880.0,0.0018211709102615714,2.4122865200042725,0.3199999928474426,0.4699999988079071,0.16425971686840057,78.69999694824219
4785,156827648.0,0.00140920199919492,2.713440179824829,0.12999999523162842,0.3199999928474426,0.13213276863098145,80.0999984741211
4786,156860416.0,0.00180590501986444,2.9129559993743896,0.20999999344348907,0.12999999523162842,0.14635244011878967,72.29999542236328
4787,156893184.0,0.0017284370260313153,2.2567806243896484,0.14000000059604645,0.20999999344348907,0.13047978281974792,78.0999984741211
4788,156925952.0,0.0016357975546270609,2.412187099456787,0.32999998331069946,0.14000000059604645,0.16562800109386444,78.0999984741211
4789,156958720.0,0.0022643033880740404,2.403017044067383,0.32999998331069946,0.32999998331069946,0.1587418019771576,80.0999984741211
4790,156991488.0,0.0013764753239229321,2.598510265350342,0.25999999046325684,0.32999998331069946,0.1417301595211029,80.5
4791,157024256.0,0.002002755180001259,2.5966155529022217,0.3499999940395355,0.25999999046325684,0.15780633687973022,80.5
4792,157057024.0,0.0011416225461289287,2.63822078704834,0.3499999940395355,0.3499999940395355,0.15069392323493958,77.5
4793,157089792.0,0.0018942727474495769,2.7814157009124756,0.3999999761581421,0.3499999940395355,0.1646907925605774,80.5
4794,157122560.0,0.0009956120047718287,2.4416074752807617,0.4099999964237213,0.3999999761581421,0.13889357447624207,72.0
4795,157155328.0,0.001834825030528009,2.602886199951172,0.3799999952316284,0.4099999964237213,0.13422715663909912,75.0
4796,157188096.0,0.0017121406272053719,2.8793978691101074,0.429999977350235,0.3799999952316284,0.1614755392074585,72.5
4797,157220864.0,0.0014367561088874936,2.2192013263702393,0.5,0.429999977350235,0.1377532035112381,75.5
4798,157253632.0,0.001713362755253911,2.8062987327575684,0.32999998331069946,0.5,0.17327618598937988,75.5
4799,157286400.0,0.0021068870555609465,2.651339530944824,0.3799999952316284,0.32999998331069946,0.13202841579914093,71.0
4800,157319168.0,0.0009227656410075724,3.0259907245635986,0.28999999165534973,0.3799999952316284,0.1487571895122528,71.0
4801,157351936.0,0.0016670399345457554,2.600874423980713,0.1599999964237213,0.28999999165534973,0.15729103982448578,77.19999694824219
4802,157384704.0,0.0020023302640765905,2.4120047092437744,0.1599999964237213,0.1599999964237213,0.15136930346488953,71.69999694824219
4803,157417472.0,0.0012474677059799433,2.756716251373291,0.17000000178813934,0.1599999964237213,0.14790472388267517,71.69999694824219
4804,157450240.0,0.0014138252008706331,2.228135585784912,0.17999999225139618,0.17000000178813934,0.1617038995027542,76.69999694824219
4805,157483008.0,0.0010884904768317938,2.954667091369629,0.1899999976158142,0.17999999225139618,0.13460670411586761,75.0999984741211
4806,157515776.0,0.0017790788551792502,2.93385648727417,0.17000000178813934,0.1899999976158142,0.15865199267864227,65.79999542236328
4807,157548544.0,0.001065949210897088,2.778812885284424,0.17000000178813934,0.17000000178813934,0.14398398995399475,71.5999984741211
4808,157581312.0,0.001498481840826571,2.4350790977478027,0.20999999344348907,0.17000000178813934,0.1587388664484024,70.69999694824219
4809,157614080.0,0.00191296951379627,3.032731294631958,0.22999998927116394,0.20999999344348907,0.14035901427268982,68.69999694824219
4810,157646848.0,0.0006865731556899846,2.342811346054077,0.17999999225139618,0.22999998927116394,0.13351966440677643,72.5
4811,157679616.0,0.0012432222720235586,2.83852481842041,0.08999999612569809,0.17999999225139618,0.14113599061965942,73.0
4812,157712384.0,0.0013710379134863615,2.920560359954834,0.1599999964237213,0.08999999612569809,0.1449407935142517,63.29999923706055
4813,157745152.0,0.0018772283801808953,2.663341522216797,0.009999999776482582,0.1599999964237213,0.14706434309482574,60.099998474121094
4814,157777920.0,0.002034312579780817,2.6631758213043213,-0.009999999776482582,0.009999999776482582,0.1606050431728363,68.5
4815,157810688.0,0.0017789914272725582,2.668632745742798,0.0,-0.009999999776482582,0.1335345208644867,53.79999923706055
4816,157843456.0,0.0016614545602351427,2.681204080581665,0.03999999910593033,0.0,0.16495957970619202,57.69999694824219
4817,157876224.0,0.0008971183560788631,2.314896583557129,0.08999999612569809,0.03999999910593033,0.14072097837924957,63.29999923706055
4818,157908992.0,0.0013065226376056671,2.9482240676879883,0.38999998569488525,0.08999999612569809,0.14253944158554077,67.69999694824219
4819,157941760.0,0.0011832983000203967,2.4111974239349365,0.3999999761581421,0.38999998569488525,0.13144591450691223,60.599998474121094
4820,157974528.0,0.0011459857923910022,2.3251194953918457,-0.1599999964237213,0.3999999761581421,0.12376489490270615,62.69999694824219
4821,158007296.0,0.001568193081766367,2.9955389499664307,0.14999999105930328,-0.1599999964237213,0.13857559859752655,71.0
4822,158040064.0,0.0016662884736433625,2.5295586585998535,0.17000000178813934,0.14999999105930328,0.13461332023143768,71.19999694824219
4823,158072832.0,0.0014304411597549915,2.3707661628723145,0.1899999976158142,0.17000000178813934,0.15793150663375854,71.19999694824219
4824,158105600.0,0.0015730716986581683,2.6205642223358154,0.7699999809265137,0.1899999976158142,0.13249725103378296,63.599998474121094
4825,158138368.0,0.001561360782943666,2.601059913635254,0.9099999666213989,0.7699999809265137,0.1619100123643875,68.4000015258789
4826,158171136.0,0.001664402661845088,2.129363775253296,0.5399999618530273,0.9099999666213989,0.14127685129642487,68.4000015258789
4827,158203904.0,0.0008322210051119328,2.683894157409668,0.7699999809265137,0.5399999618530273,0.13150978088378906,74.19999694824219
4828,158236672.0,0.0007893297006376088,2.1258108615875244,0.8799999952316284,0.7699999809265137,0.1543131023645401,53.39999771118164
4829,158269440.0,0.0017028439324349165,2.3559844493865967,0.9399999976158142,0.8799999952316284,0.16044406592845917,72.79999542236328
4830,158302208.0,0.0014995711389929056,2.3590967655181885,0.949999988079071,0.9399999976158142,0.15997551381587982,63.19999694824219
4831,158334976.0,0.0029114799108356237,2.6803317070007324,0.5999999642372131,0.949999988079071,0.13812094926834106,53.599998474121094
4832,158367744.0,0.0013079051859676838,2.544959545135498,0.6100000143051147,0.5999999642372131,0.15513937175273895,60.0
4833,158400512.0,0.00109210261143744,2.9520862102508545,0.5999999642372131,0.6100000143051147,0.1298752725124359,58.29999923706055
4834,158433280.0,0.00122787372674793,2.8792953491210938,0.9199999570846558,0.5999999642372131,0.15316754579544067,60.19999694824219
4835,158466048.0,0.0014645622577518225,3.0264945030212402,0.6100000143051147,0.9199999570846558,0.13734613358974457,63.19999694824219
4836,158498816.0,0.0011434127809479833,2.7295541763305664,0.8999999761581421,0.6100000143051147,0.14043156802654266,51.79999923706055
4837,158531584.0,0.0014582800213247538,2.427600383758545,0.9699999690055847,0.8999999761581421,0.15590068697929382,55.29999923706055
4838,158564352.0,0.001421659835614264,2.8546676635742188,0.9799999594688416,0.9699999690055847,0.1389387845993042,56.099998474121094
4839,158597120.0,0.0011597416596487164,3.029304265975952,0.699999988079071,0.9799999594688416,0.13126765191555023,55.29999923706055
4840,158629888.0,0.0017140640411525965,2.577346086502075,0.5999999642372131,0.699999988079071,0.15354999899864197,64.79999542236328
4841,158662656.0,0.001405373914167285,2.7812020778656006,1.0,0.5999999642372131,0.16887879371643066,64.4000015258789
4842,158695424.0,0.001473352313041687,2.538126230239868,0.5899999737739563,1.0,0.15002499520778656,63.29999923706055
4843,158728192.0,0.0008248508675023913,2.6422951221466064,0.6399999856948853,0.5899999737739563,0.1432577669620514,64.4000015258789
4844,158760960.0,0.0011391148436814547,2.99084210395813,0.9599999785423279,0.6399999856948853,0.12226512283086777,76.5999984741211
4845,158793728.0,0.0018738670041784644,2.4355270862579346,0.3400000035762787,0.9599999785423279,0.17643554508686066,71.79999542236328
4846,158826496.0,0.0017817935440689325,2.5143003463745117,0.3400000035762787,0.3400000035762787,0.13642621040344238,68.29999542236328
4847,158859264.0,0.001460819854401052,1.962742567062378,0.6100000143051147,0.3400000035762787,0.15772515535354614,63.69999694824219
4848,158892032.0,0.0019634149502962828,2.489182949066162,1.0199999809265137,0.6100000143051147,0.1596592366695404,59.599998474121094
4849,158924800.0,0.0010922285728156567,2.7567429542541504,1.0299999713897705,1.0199999809265137,0.13014376163482666,63.19999694824219
4850,158957568.0,0.0012932110112160444,2.3745675086975098,1.0299999713897705,1.0299999713897705,0.16520680487155914,69.0
4851,158990336.0,0.00117984670214355,2.9353489875793457,1.0199999809265137,1.0299999713897705,0.13085228204727173,69.0
4852,159023104.0,0.0019889494869858027,2.0210018157958984,0.5600000023841858,1.0199999809265137,0.13819989562034607,69.0
4853,159055872.0,0.001225652638822794,2.475799322128296,0.5699999928474426,0.5600000023841858,0.1462591290473938,65.5999984741211
4854,159088640.0,0.001745429472066462,2.636604070663452,0.5899999737739563,0.5699999928474426,0.1421850174665451,57.599998474121094
4855,159121408.0,0.001239534467458725,2.3115651607513428,0.550000011920929,0.5899999737739563,0.15145908296108246,59.599998474121094
4856,159154176.0,0.000722905620932579,2.166196823120117,0.5899999737739563,0.550000011920929,0.14129619300365448,46.39999771118164
4857,159186944.0,0.0013991609448567033,2.836358070373535,0.5999999642372131,0.5899999737739563,0.1556692123413086,70.29999542236328
4858,159219712.0,0.0012034468818455935,2.4139487743377686,0.3100000023841858,0.5999999642372131,0.16180047392845154,70.29999542236328
4859,159252480.0,0.0022004093043506145,2.245290756225586,0.29999998211860657,0.3100000023841858,0.15198570489883423,75.0
4860,159285248.0,0.0013498406624421477,2.527451992034912,0.1899999976158142,0.29999998211860657,0.1428162306547165,73.19999694824219
4861,159318016.0,0.0013088553678244352,2.5519697666168213,0.1899999976158142,0.1899999976158142,0.16045702993869781,67.69999694824219
4862,159350784.0,0.000948423461522907,2.5374817848205566,0.5999999642372131,0.1899999976158142,0.13240861892700195,67.69999694824219
4863,159383552.0,0.0015608543762937188,2.25834584236145,0.4699999988079071,0.5999999642372131,0.1611766517162323,65.5
4864,159416320.0,0.000997502589598298,2.6327011585235596,1.0199999809265137,0.4699999988079071,0.1403421014547348,49.70000076293945
4865,159449088.0,0.0008780308999121189,2.7284669876098633,1.0299999713897705,1.0199999809265137,0.15826861560344696,52.69999694824219
4866,159481856.0,0.001765842898748815,2.790119171142578,1.0199999809265137,1.0299999713897705,0.14897271990776062,54.19999694824219
4867,159514624.0,0.0007271720096468925,2.647645950317383,1.0199999809265137,1.0199999809265137,0.13884924352169037,70.5
4868,159547392.0,0.0017324218060821295,2.297281503677368,1.0299999713897705,1.0199999809265137,0.1495903879404068,73.29999542236328
4869,159580160.0,0.0012168677058070898,2.6773111820220947,1.0,1.0299999713897705,0.1458977311849594,77.5999984741211
4870,159612928.0,0.0015429412014782429,2.0484278202056885,1.0099999904632568,1.0,0.13746723532676697,59.5
4871,159645696.0,0.0012340365210548043,2.68357253074646,1.0199999809265137,1.0099999904632568,0.12763123214244843,78.0999984741211
4872,159678464.0,0.0013552721356973052,2.612760543823242,1.0199999809265137,1.0199999809265137,0.14112785458564758,87.0999984741211
4873,159711232.0,0.0013563053216785192,2.6324985027313232,0.9799999594688416,1.0199999809265137,0.15111422538757324,73.0
4874,159744000.0,0.0011795731261372566,2.5274546146392822,0.6299999952316284,0.9799999594688416,0.14113640785217285,82.29999542236328
4875,159776768.0,0.0013421491021290421,2.370079278945923,0.14000000059604645,0.6299999952316284,0.12802627682685852,69.5999984741211
4876,159809536.0,0.0014673685654997826,2.9163029193878174,0.5,0.14000000059604645,0.1526399552822113,74.79999542236328
4877,159842304.0,0.001628145226277411,2.4796082973480225,0.6100000143051147,0.5,0.1517866551876068,73.4000015258789
4878,159875072.0,0.002471418585628271,2.811066150665283,0.6200000047683716,0.6100000143051147,0.14957688748836517,81.29999542236328
4879,159907840.0,0.0017585724126547575,2.359616756439209,0.6699999570846558,0.6200000047683716,0.15363937616348267,66.29999542236328
4880,159940608.0,0.0012758965604007244,2.7776741981506348,0.6899999976158142,0.6699999570846558,0.14638806879520416,74.5
4881,159973376.0,0.001890787621960044,2.681558132171631,0.699999988079071,0.6899999976158142,0.15528833866119385,77.29999542236328
4882,160006144.0,0.0012668540002778172,2.58868408203125,0.699999988079071,0.699999988079071,0.12389548867940903,77.29999542236328
4883,160038912.0,0.0012192213907837868,2.53733229637146,0.8999999761581421,0.699999988079071,0.13716775178909302,80.29999542236328
4884,160071680.0,0.0014525882434099913,2.769562244415283,0.949999988079071,0.8999999761581421,0.1558450609445572,70.5999984741211
4885,160104448.0,0.0011632477398961782,2.548410177230835,0.9599999785423279,0.949999988079071,0.15252962708473206,81.5999984741211
4886,160137216.0,0.0017723583150655031,2.939954996109009,0.8100000023841858,0.9599999785423279,0.152226984500885,82.5999984741211
4887,160169984.0,0.002084717620164156,2.3195173740386963,0.9199999570846558,0.8100000023841858,0.14506316184997559,50.39999771118164
4888,160202752.0,0.0013240162516012788,2.3045670986175537,0.5399999618530273,0.9199999570846558,0.14343741536140442,52.89999771118164
4889,160235520.0,0.0011348261032253504,3.034311056137085,0.949999988079071,0.5399999618530273,0.13178381323814392,52.89999771118164
4890,160268288.0,0.002216674853116274,3.098414421081543,0.85999995470047,0.949999988079071,0.1515980362892151,62.5
4891,160301056.0,0.0015639595221728086,2.8872783184051514,1.1799999475479126,0.85999995470047,0.1297464668750763,69.5
4892,160333824.0,0.0008885088609531522,2.8367760181427,0.949999988079071,1.1799999475479126,0.13282081484794617,56.099998474121094
4893,160366592.0,0.0017871414311230183,2.6527440547943115,0.8899999856948853,0.949999988079071,0.1413314789533615,63.099998474121094
4894,160399360.0,0.0016399214509874582,2.7110581398010254,0.8700000047683716,0.8899999856948853,0.145744189620018,58.5
4895,160432128.0,0.0010283127194270492,2.85994291305542,0.85999995470047,0.8700000047683716,0.12537911534309387,58.5
4896,160464896.0,0.001599897164851427,2.1918222904205322,0.8999999761581421,0.85999995470047,0.14700913429260254,44.89999771118164
4897,160497664.0,0.0013082497753202915,2.8011398315429688,0.85999995470047,0.8999999761581421,0.14009130001068115,69.5999984741211
4898,160530432.0,0.001387068536132574,3.083747386932373,1.090000033378601,0.85999995470047,0.13133664429187775,59.79999923706055
4899,160563200.0,0.0016560361254960299,3.0428268909454346,0.8399999737739563,1.090000033378601,0.146032452583313,65.5
4900,160595968.0,0.0027517478447407484,2.8680624961853027,0.85999995470047,0.8399999737739563,0.1482863575220108,64.19999694824219
4901,160628736.0,0.0027862882707268,2.860788106918335,0.8399999737739563,0.85999995470047,0.14233741164207458,65.79999542236328
4902,160661504.0,0.00201042671687901,2.9023594856262207,0.5999999642372131,0.8399999737739563,0.14656215906143188,69.4000015258789
4903,160694272.0,0.0018397035310044885,2.786372661590576,0.9099999666213989,0.5999999642372131,0.1570991426706314,68.29999542236328
4904,160727040.0,0.0018584117060527205,2.6845273971557617,0.6100000143051147,0.9099999666213989,0.13358379900455475,68.29999542236328
4905,160759808.0,0.0015851776115596294,2.4944567680358887,0.6200000047683716,0.6100000143051147,0.16231557726860046,66.69999694824219
4906,160792576.0,0.0015263821696862578,2.787334680557251,0.8899999856948853,0.6200000047683716,0.15716040134429932,65.9000015258789
4907,160825344.0,0.0037823054008185863,2.61199951171875,0.9899999499320984,0.8899999856948853,0.1375194638967514,58.89999771118164
4908,160858112.0,0.0010171785252168775,2.709423542022705,1.100000023841858,0.9899999499320984,0.12145116925239563,60.89999771118164
4909,160890880.0,0.0018230995628982782,2.5758516788482666,1.209999918937683,1.100000023841858,0.14766807854175568,57.599998474121094
4910,160923648.0,0.0016513417940586805,2.316354513168335,1.1899999380111694,1.209999918937683,0.14938634634017944,57.69999694824219
4911,160956416.0,0.001116231782361865,2.9578545093536377,1.149999976158142,1.1899999380111694,0.142979696393013,57.5
4912,160989184.0,0.0012981650652363896,2.483936309814453,1.1999999284744263,1.149999976158142,0.153682142496109,58.5
4913,161021952.0,0.002427279017865658,2.8847756385803223,1.1299999952316284,1.1999999284744263,0.14014019072055817,58.5
4914,161054720.0,0.0014546324964612722,2.849682092666626,0.9300000071525574,1.1299999952316284,0.16613337397575378,56.69999694824219
4915,161087488.0,0.0018848804756999016,2.498302698135376,1.209999918937683,0.9300000071525574,0.15652108192443848,59.29999923706055
4916,161120256.0,0.001564894919283688,2.9071061611175537,1.2300000190734863,1.209999918937683,0.153135284781456,55.89999771118164
4917,161153024.0,0.001148655079305172,2.36761474609375,0.8999999761581421,1.2300000190734863,0.14462125301361084,55.89999771118164
4918,161185792.0,0.0007533326279371977,3.2385849952697754,0.9399999976158142,0.8999999761581421,0.1228858232498169,59.5
4919,161218560.0,0.0014383778907358646,2.8474209308624268,1.2300000190734863,0.9399999976158142,0.14480948448181152,61.39999771118164
4920,161251328.0,0.0012011445360258222,2.713364362716675,0.9300000071525574,1.2300000190734863,0.1439662128686905,60.39999771118164
4921,161284096.0,0.001090531935915351,2.465345859527588,0.9399999976158142,0.9300000071525574,0.1342027187347412,62.5
4922,161316864.0,0.0012571817496791482,2.6425483226776123,0.6299999952316284,0.9399999976158142,0.15628519654273987,64.9000015258789
4923,161349632.0,0.0014170196373015642,2.8121094703674316,0.7699999809265137,0.6299999952316284,0.14116863906383514,66.5
4924,161382400.0,0.0010119201615452766,2.631272077560425,1.0,0.7699999809265137,0.13647016882896423,71.0999984741211
4925,161415168.0,0.002144749043509364,2.236706256866455,1.0099999904632568,1.0,0.1731593757867813,68.0999984741211
4926,161447936.0,0.0012317252112552524,2.715230941772461,1.2400000095367432,1.0099999904632568,0.14568352699279785,68.5999984741211
4927,161480704.0,0.0015145405195653439,2.6163058280944824,0.9399999976158142,1.2400000095367432,0.14437329769134521,58.29999923706055
4928,161513472.0,0.0010508237173780799,2.7741055488586426,0.7799999713897705,0.9399999976158142,0.15842938423156738,75.19999694824219
4929,161546240.0,0.0011420964729040861,2.502044677734375,1.2799999713897705,0.7799999713897705,0.15555140376091003,79.79999542236328
4930,161579008.0,0.0018481379374861717,2.4319145679473877,1.159999966621399,1.2799999713897705,0.17049945890903473,77.4000015258789
4931,161611776.0,0.0015236992621794343,2.833385467529297,1.149999976158142,1.159999966621399,0.16696685552597046,69.9000015258789
4932,161644544.0,0.0011065215803682804,2.691260814666748,0.699999988079071,1.149999976158142,0.1435440480709076,72.29999542236328
4933,161677312.0,0.0015761458780616522,2.9038655757904053,0.5699999928474426,0.699999988079071,0.1469305157661438,74.0
4934,161710080.0,0.0019735610112547874,3.0333259105682373,0.5999999642372131,0.5699999928474426,0.13445104658603668,81.5999984741211
4935,161742848.0,0.0012417457764968276,2.5833332538604736,0.7799999713897705,0.5999999642372131,0.1368510127067566,84.9000015258789
4936,161775616.0,0.0013164365664124489,2.682033061981201,0.8299999833106995,0.7799999713897705,0.1508532613515854,84.5999984741211
4937,161808384.0,0.0013377026189118624,2.6707546710968018,0.5999999642372131,0.8299999833106995,0.12827225029468536,70.0999984741211
4938,161841152.0,0.0017302690539509058,2.417560338973999,0.3100000023841858,0.5999999642372131,0.15700463950634003,81.0
4939,161873920.0,0.0015343967825174332,2.796130657196045,0.25,0.3100000023841858,0.141058087348938,80.0999984741211
4940,161906688.0,0.0014315719017758965,2.8281116485595703,0.8899999856948853,0.25,0.14710506796836853,90.69999694824219
4941,161939456.0,0.001556019182316959,2.610154390335083,0.5299999713897705,0.8899999856948853,0.13239669799804688,93.0
4942,161972224.0,0.0020585826132446527,2.9089975357055664,0.5199999809265137,0.5299999713897705,0.1389487236738205,87.4000015258789
4943,162004992.0,0.0010818697046488523,2.519209384918213,0.5199999809265137,0.5199999809265137,0.1309199333190918,82.9000015258789
4944,162037760.0,0.0019915509037673473,2.7994420528411865,0.5999999642372131,0.5199999809265137,0.14802144467830658,93.29999542236328
4945,162070528.0,0.0011179274879395962,2.924440383911133,0.550000011920929,0.5999999642372131,0.1670086681842804,86.5
4946,162103296.0,0.0014878243673592806,2.8606677055358887,0.6200000047683716,0.550000011920929,0.13901495933532715,96.0999984741211
4947,162136064.0,0.0014138605911284685,3.02227520942688,0.4399999976158142,0.6200000047683716,0.1317255049943924,97.19999694824219
4948,162168832.0,0.0010227446909993887,2.655684471130371,0.6399999856948853,0.4399999976158142,0.14561189711093903,92.19999694824219
4949,162201600.0,0.0016157029895111918,2.6692354679107666,0.4599999785423279,0.6399999856948853,0.16810263693332672,86.79999542236328
4950,162234368.0,0.0017804787494242191,2.954414129257202,0.699999988079071,0.4599999785423279,0.12950310111045837,102.19999694824219
4951,162267136.0,0.0012725889682769775,2.4458436965942383,0.35999998450279236,0.699999988079071,0.12228583544492722,97.79999542236328
4952,162299904.0,0.001334330067038536,2.49346661567688,0.9099999666213989,0.35999998450279236,0.1612703800201416,96.19999694824219
4953,162332672.0,0.00091009889729321,2.919340133666992,0.4699999988079071,0.9099999666213989,0.1253584623336792,100.9000015258789
4954,162365440.0,0.001349440193735063,2.848583936691284,0.6599999666213989,0.4699999988079071,0.13135308027267456,94.19999694824219
4955,162398208.0,0.0014452235773205757,2.594578504562378,0.5899999737739563,0.6599999666213989,0.15638872981071472,86.79999542236328
4956,162430976.0,0.0017284757923334837,2.6244208812713623,0.6599999666213989,0.5899999737739563,0.14266328513622284,84.5
4957,162463744.0,0.0007894893060438335,2.312387704849243,0.6299999952316284,0.6599999666213989,0.15123124420642853,96.5
4958,162496512.0,0.000976852374151349,2.957411050796509,0.6399999856948853,0.6299999952316284,0.13766424357891083,93.5
4959,162529280.0,0.0012106597423553467,2.817126512527466,0.9399999976158142,0.6399999856948853,0.13878300786018372,104.0
4960,162562048.0,0.0014998272527009249,2.9591565132141113,0.9199999570846558,0.9399999976158142,0.13487932085990906,94.69999694824219
4961,162594816.0,0.0032295852433890104,2.5712084770202637,1.1299999952316284,0.9199999570846558,0.14185713231563568,91.4000015258789
4962,162627584.0,0.0014942095149308443,2.974132776260376,0.7599999904632568,1.1299999952316284,0.16210922598838806,92.19999694824219
4963,162660352.0,0.0011061562690883875,2.554089069366455,0.41999998688697815,0.7599999904632568,0.14491456747055054,82.19999694824219
4964,162693120.0,0.0014910937752574682,2.7016713619232178,1.090000033378601,0.41999998688697815,0.14035871624946594,80.0999984741211
4965,162725888.0,0.0018110445234924555,2.9202165603637695,0.699999988079071,1.090000033378601,0.14426548779010773,85.5
4966,162758656.0,0.0012155711883679032,2.56227970123291,0.8499999642372131,0.699999988079071,0.14479534327983856,78.9000015258789
4967,162791424.0,0.0011846913257613778,2.498868465423584,0.7099999785423279,0.8499999642372131,0.15426547825336456,78.9000015258789
4968,162824192.0,0.0015501434681937099,2.1525933742523193,0.85999995470047,0.7099999785423279,0.16337671875953674,79.0
4969,162856960.0,0.00140252651181072,2.498244285583496,0.9199999570846558,0.85999995470047,0.13385558128356934,82.19999694824219
4970,162889728.0,0.001112849568016827,2.3802201747894287,0.8399999737739563,0.9199999570846558,0.13762803375720978,81.9000015258789
4971,162922496.0,0.0013133635511621833,2.363229513168335,0.9099999666213989,0.8399999737739563,0.16547685861587524,82.0999984741211
4972,162955264.0,0.0021296388003975153,2.516115427017212,0.9899999499320984,0.9099999666213989,0.1565135419368744,86.9000015258789
4973,162988032.0,0.0015411021886393428,2.258592367172241,1.559999942779541,0.9899999499320984,0.13249662518501282,89.79999542236328
4974,163020800.0,0.0016252740751951933,2.580639600753784,0.9899999499320984,1.559999942779541,0.14320291578769684,92.69999694824219
4975,163053568.0,0.0023262184113264084,2.6547720432281494,1.309999942779541,0.9899999499320984,0.13681040704250336,78.9000015258789
4976,163086336.0,0.0015895557589828968,2.434089422225952,1.1799999475479126,1.309999942779541,0.14572542905807495,82.9000015258789
4977,163119104.0,0.0018248753622174263,2.808542490005493,1.0699999332427979,1.1799999475479126,0.1475467085838318,90.0
4978,163151872.0,0.0011500297114253044,2.3514530658721924,1.090000033378601,1.0699999332427979,0.14269517362117767,79.9000015258789
4979,163184640.0,0.0009468855569139123,2.69706654548645,1.159999966621399,1.090000033378601,0.14651010930538177,82.19999694824219
4980,163217408.0,0.0009648046689108014,2.8195507526397705,1.159999966621399,1.159999966621399,0.12587705254554749,81.19999694824219
4981,163250176.0,0.0013644115533679724,2.3337109088897705,0.7999999523162842,1.159999966621399,0.14892002940177917,86.19999694824219
4982,163282944.0,0.0016477887984365225,2.717597007751465,0.5799999833106995,0.7999999523162842,0.16806606948375702,77.0999984741211
4983,163315712.0,0.0014763025101274252,2.890050172805786,0.8399999737739563,0.5799999833106995,0.14491166174411774,82.0999984741211
4984,163348480.0,0.0016482459614053369,2.616818904876709,1.5399999618530273,0.8399999737739563,0.13065838813781738,79.9000015258789
4985,163381248.0,0.0019401914905756712,2.6337172985076904,1.459999918937683,1.5399999618530273,0.17281153798103333,86.5999984741211
4986,163414016.0,0.0011281108018010855,2.7227015495300293,1.1100000143051147,1.459999918937683,0.13257095217704773,76.5
4987,163446784.0,0.0015723961405456066,2.618154764175415,1.5199999809265137,1.1100000143051147,0.14207246899604797,73.0999984741211
4988,163479552.0,0.0016062716022133827,2.648665189743042,1.0199999809265137,1.5199999809265137,0.13971328735351562,76.5
4989,163512320.0,0.0015945227351039648,2.4121718406677246,0.7899999618530273,1.0199999809265137,0.15729044377803802,70.4000015258789
4990,163545088.0,0.0014071619370952249,2.663006067276001,0.4099999964237213,0.7899999618530273,0.1312226504087448,74.0
4991,163577856.0,0.0012690774165093899,2.5276849269866943,0.4599999785423279,0.4099999964237213,0.15928536653518677,73.5
4992,163610624.0,0.0015494107501581311,2.6869893074035645,0.8700000047683716,0.4599999785423279,0.16688522696495056,77.9000015258789
4993,163643392.0,0.0018910430371761322,2.551201820373535,1.1699999570846558,0.8700000047683716,0.1423359215259552,90.5
4994,163676160.0,0.0023207440972328186,2.3476195335388184,1.2999999523162842,1.1699999570846558,0.14586491882801056,93.69999694824219
4995,163708928.0,0.0015007592737674713,2.596372365951538,1.1699999570846558,1.2999999523162842,0.1393488049507141,94.0999984741211
4996,163741696.0,0.0018647866090759635,2.4725301265716553,0.75,1.1699999570846558,0.1446574330329895,91.0
4997,163774464.0,0.0015850469935685396,2.2390871047973633,0.699999988079071,0.75,0.16442888975143433,91.0
4998,163807232.0,0.0018348789308220148,2.6129870414733887,0.4099999964237213,0.699999988079071,0.13652583956718445,91.0
4999,163840000.0,0.0010915057500824332,2.5398917198181152,0.5600000023841858,0.4099999964237213,0.12987035512924194,90.5
5000,163872768.0,0.0012471126392483711,2.303572177886963,1.1299999952316284,0.5600000023841858,0.14550110697746277,95.5
5001,163905536.0,0.0012043373426422477,2.7188031673431396,0.8499999642372131,1.1299999952316284,0.13238152861595154,97.0999984741211
5002,163938304.0,0.001370494719594717,3.04946231842041,0.8700000047683716,0.8499999642372131,0.14447638392448425,92.0
5003,163971072.0,0.0009131476981565356,2.4914886951446533,0.8100000023841858,0.8700000047683716,0.14372456073760986,91.0
5004,164003840.0,0.001125959912315011,2.4865176677703857,0.1899999976158142,0.8100000023841858,0.14804619550704956,93.5999984741211
5005,164036608.0,0.0016081297071650624,2.3801865577697754,0.5199999809265137,0.1899999976158142,0.16681241989135742,81.5999984741211
5006,164069376.0,0.0017683401238173246,2.7736337184906006,0.4699999988079071,0.5199999809265137,0.13037140667438507,85.79999542236328
5007,164102144.0,0.00150756211951375,1.9433941841125488,0.550000011920929,0.4699999988079071,0.16290783882141113,86.29999542236328
5008,164134912.0,0.0020266680512577295,2.4651668071746826,0.75,0.550000011920929,0.1705738604068756,82.69999694824219
5009,164167680.0,0.0019567138515412807,2.237426280975342,0.7799999713897705,0.75,0.15572644770145416,85.69999694824219
5010,164200448.0,0.0009494847618043423,2.5523900985717773,0.6399999856948853,0.7799999713897705,0.13885895907878876,85.69999694824219
5011,164233216.0,0.0019621134269982576,2.9235758781433105,0.5,0.6399999856948853,0.1409834772348404,86.19999694824219
5012,164265984.0,0.0015174731379374862,2.529572010040283,0.5899999737739563,0.5,0.1631348729133606,88.0
5013,164298752.0,0.0026388855185359716,2.9488375186920166,0.23999999463558197,0.5899999737739563,0.1682230532169342,89.0
5014,164331520.0,0.00147438223939389,2.0427780151367188,0.4099999964237213,0.23999999463558197,0.14725236594676971,87.9000015258789
5015,164364288.0,0.0014783265069127083,2.53792667388916,0.47999998927116394,0.4099999964237213,0.15038305521011353,89.0999984741211
5016,164397056.0,0.0018289953004568815,2.4237587451934814,0.41999998688697815,0.47999998927116394,0.17931605875492096,75.0
5017,164429824.0,0.0022959504276514053,2.5228965282440186,0.47999998927116394,0.41999998688697815,0.16093385219573975,74.5999984741211
5018,164462592.0,0.001105644041672349,2.4549179077148438,0.4099999964237213,0.47999998927116394,0.13288509845733643,87.0999984741211
5019,164495360.0,0.002200298709794879,2.392946243286133,0.4099999964237213,0.4099999964237213,0.1557689905166626,86.5
5020,164528128.0,0.001364072086289525,2.5425734519958496,0.6299999952316284,0.4099999964237213,0.14571711421012878,88.79999542236328
5021,164560896.0,0.0014104616129770875,2.811438798904419,0.6800000071525574,0.6299999952316284,0.1601252257823944,94.4000015258789
5022,164593664.0,0.001030388637445867,2.3745975494384766,0.5999999642372131,0.6800000071525574,0.15779146552085876,86.19999694824219
5023,164626432.0,0.001868048682808876,2.3403942584991455,0.699999988079071,0.5999999642372131,0.14588165283203125,98.19999694824219
5024,164659200.0,0.001587916282005608,2.5549135208129883,0.8299999833106995,0.699999988079071,0.14500653743743896,86.19999694824219
5025,164691968.0,0.0009153205901384354,2.247718095779419,0.8700000047683716,0.8299999833106995,0.14960435032844543,92.9000015258789
5026,164724736.0,0.0008321740315295756,2.6145482063293457,1.5399999618530273,0.8700000047683716,0.16021385788917542,93.5
5027,164757504.0,0.0010272744111716747,2.6064226627349854,1.5999999046325684,1.5399999618530273,0.15424177050590515,99.5999984741211
5028,164790272.0,0.0010886779054999352,2.744208812713623,1.2599999904632568,1.5999999046325684,0.14553245902061462,109.29999542236328
5029,164823040.0,0.0013165849959477782,2.5294065475463867,2.0799999237060547,1.2599999904632568,0.13576360046863556,105.69999694824219
5030,164855808.0,0.0016831951215863228,2.415520429611206,1.5999999046325684,2.0799999237060547,0.136196106672287,114.89999389648438
5031,164888576.0,0.0015789621975272894,2.6691763401031494,1.3799999952316284,1.5999999046325684,0.15105508267879486,108.79999542236328
5032,164921344.0,0.0012684465618804097,2.0124683380126953,1.3700000047683716,1.3799999952316284,0.15589448809623718,95.5
5033,164954112.0,0.0016723002772778273,2.8100945949554443,1.1299999952316284,1.3700000047683716,0.14416638016700745,111.29999542236328
5034,164986880.0,0.0016811508685350418,2.7463159561157227,0.9599999785423279,1.1299999952316284,0.1516588032245636,113.5999984741211
5035,165019648.0,0.001394027378410101,2.00276780128479,1.159999966621399,0.9599999785423279,0.1469966173171997,106.5
5036,165052416.0,0.0013001440092921257,2.7137789726257324,1.1799999475479126,1.159999966621399,0.1287403553724289,99.19999694824219
5037,165085184.0,0.0015172738349065185,2.841188907623291,1.2300000190734863,1.1799999475479126,0.15737485885620117,105.29999542236328
5038,165117952.0,0.001315463101491332,2.5445356369018555,1.2799999713897705,1.2300000190734863,0.1582854986190796,104.79999542236328
5039,165150720.0,0.0019017159938812256,2.2507452964782715,0.6699999570846558,1.2799999713897705,0.15475815534591675,102.19999694824219
5040,165183488.0,0.001476208446547389,2.2094736099243164,0.7299999594688416,0.6699999570846558,0.1409171223640442,97.19999694824219
5041,165216256.0,0.0018834921065717936,2.405745029449463,0.75,0.7299999594688416,0.1747472882270813,101.69999694824219
5042,165249024.0,0.0017561179120093584,2.1878674030303955,0.699999988079071,0.75,0.15491534769535065,101.19999694824219
5043,165281792.0,0.000961107318289578,3.092625617980957,0.5,0.699999988079071,0.12734279036521912,102.19999694824219
5044,165314560.0,0.0013687096070498228,2.329880952835083,1.2300000190734863,0.5,0.16424179077148438,101.69999694824219
5045,165347328.0,0.002102708676829934,2.8092455863952637,1.0099999904632568,1.2300000190734863,0.16333340108394623,103.0999984741211
5046,165380096.0,0.0017522890120744705,2.5867481231689453,0.699999988079071,1.0099999904632568,0.15255996584892273,101.4000015258789
5047,165412864.0,0.0012321973918005824,2.4081552028656006,0.699999988079071,0.699999988079071,0.14616578817367554,93.9000015258789
5048,165445632.0,0.0014443080872297287,2.232797861099243,0.8299999833106995,0.699999988079071,0.14788681268692017,97.69999694824219
5049,165478400.0,0.0021533493418246508,2.7043070793151855,0.85999995470047,0.8299999833106995,0.15556353330612183,99.5
5050,165511168.0,0.0015938618453219533,2.4789693355560303,1.0199999809265137,0.85999995470047,0.15665236115455627,99.5
5051,165543936.0,0.003421708708629012,2.243730068206787,1.309999942779541,1.0199999809265137,0.14038611948490143,100.4000015258789
5052,165576704.0,0.0009095510467886925,2.559612512588501,1.1100000143051147,1.309999942779541,0.15669891238212585,94.9000015258789
5053,165609472.0,0.0011821644147858024,2.6575934886932373,0.6800000071525574,1.1100000143051147,0.14018818736076355,103.5
5054,165642240.0,0.00118660693988204,2.263806104660034,1.2300000190734863,0.6800000071525574,0.1581254005432129,96.5999984741211
5055,165675008.0,0.001216332195326686,2.596940040588379,1.059999942779541,1.2300000190734863,0.15511390566825867,91.5999984741211
5056,165707776.0,0.0012337816879153252,2.4109652042388916,1.350000023841858,1.059999942779541,0.14183266460895538,93.5999984741211
5057,165740544.0,0.0006004567840136588,2.1436140537261963,1.25,1.350000023841858,0.1306815892457962,94.5999984741211
5058,165773312.0,0.001365841832011938,2.6011881828308105,1.0199999809265137,1.25,0.1477481573820114,95.19999694824219
5059,165806080.0,0.0016522122314199805,2.8563642501831055,0.9300000071525574,1.0199999809265137,0.14039254188537598,97.0
5060,165838848.0,0.0010359010193496943,2.5765435695648193,1.3799999952316284,0.9300000071525574,0.1384856402873993,96.19999694824219
5061,165871616.0,0.0012015290558338165,3.0924415588378906,1.4800000190734863,1.3799999952316284,0.14889749884605408,103.19999694824219
5062,165904384.0,0.0010160012170672417,2.1253294944763184,0.6899999976158142,1.4800000190734863,0.1567688286304474,102.69999694824219
5063,165937152.0,0.0010710839414969087,2.6383681297302246,1.309999942779541,0.6899999976158142,0.14915284514427185,97.69999694824219
5064,165969920.0,0.0010285747703164816,2.3783934116363525,0.6699999570846558,1.309999942779541,0.14579743146896362,100.69999694824219
5065,166002688.0,0.002088282024487853,2.407705068588257,0.7099999785423279,0.6699999570846558,0.14719192683696747,100.69999694824219
5066,166035456.0,0.0010375865967944264,2.4859180450439453,0.7400000095367432,0.7099999785423279,0.14886562526226044,104.69999694824219
5067,166068224.0,0.0009886587504297495,2.635979413986206,0.8499999642372131,0.7400000095367432,0.14679843187332153,107.79999542236328
5068,166100992.0,0.0009407231700606644,2.563643217086792,0.6100000143051147,0.8499999642372131,0.15917766094207764,104.69999694824219
5069,166133760.0,0.0016415216960012913,2.746142864227295,0.9699999690055847,0.6100000143051147,0.15140888094902039,104.69999694824219
5070,166166528.0,0.0017612921074032784,2.8382840156555176,0.8899999856948853,0.9699999690055847,0.16477204859256744,100.19999694824219
5071,166199296.0,0.0014364814851433039,2.2816498279571533,0.7999999523162842,0.8899999856948853,0.17403388023376465,102.69999694824219
5072,166232064.0,0.0009517986327409744,2.407799005508423,1.2400000095367432,0.7999999523162842,0.14530664682388306,102.69999694824219
5073,166264832.0,0.0019266227027401328,2.8871726989746094,1.0399999618530273,1.2400000095367432,0.14865010976791382,100.19999694824219
5074,166297600.0,0.0012491020606830716,2.5435643196105957,0.6800000071525574,1.0399999618530273,0.15000173449516296,100.19999694824219
5075,166330368.0,0.0009273486793972552,2.4584858417510986,0.9399999976158142,0.6800000071525574,0.14750854671001434,92.0
5076,166363136.0,0.0010683626169338822,2.5401132106781006,1.090000033378601,0.9399999976158142,0.152134507894516,93.0999984741211
5077,166395904.0,0.0015480343718081713,2.4379096031188965,0.85999995470047,1.090000033378601,0.13613204658031464,93.0999984741211
5078,166428672.0,0.0024444079026579857,2.5686025619506836,1.1200000047683716,0.85999995470047,0.13539749383926392,93.4000015258789
5079,166461440.0,0.00237087719142437,2.782236337661743,1.1399999856948853,1.1200000047683716,0.16592812538146973,88.5
5080,166494208.0,0.002261537592858076,2.5953006744384766,0.6399999856948853,1.1399999856948853,0.16649305820465088,93.9000015258789
5081,166526976.0,0.001983553869649768,2.408189535140991,0.35999998450279236,0.6399999856948853,0.15016187727451324,93.9000015258789
5082,166559744.0,0.001790408743545413,2.693681001663208,0.2800000011920929,0.35999998450279236,0.16349758207798004,83.19999694824219
5083,166592512.0,0.0010472927242517471,3.241574287414551,0.25,0.2800000011920929,0.1380801647901535,83.19999694824219
5084,166625280.0,0.0015216792235150933,2.4504334926605225,0.3799999952316284,0.25,0.15233466029167175,83.19999694824219
5085,166658048.0,0.0015754930209368467,2.76800274848938,0.25,0.3799999952316284,0.14886850118637085,85.79999542236328
5086,166690816.0,0.0017071656184270978,2.3911755084991455,0.4699999988079071,0.25,0.12563830614089966,86.69999694824219
5087,166723584.0,0.001638471381738782,2.9119133949279785,0.7699999809265137,0.4699999988079071,0.14764395356178284,80.79999542236328
5088,166756352.0,0.001819615950807929,2.5880143642425537,0.75,0.7699999809265137,0.12814068794250488,81.5999984741211
5089,166789120.0,0.001487179659307003,2.6607604026794434,0.75,0.75,0.14947615563869476,86.5999984741211
5090,166821888.0,0.001140824519097805,2.4894211292266846,0.5299999713897705,0.75,0.16285955905914307,81.0999984741211
5091,166854656.0,0.001316538662649691,2.5616865158081055,0.2800000011920929,0.5299999713897705,0.1425798088312149,75.5
5092,166887424.0,0.0017625759355723858,2.588191509246826,0.44999998807907104,0.2800000011920929,0.18217390775680542,76.5
5093,166920192.0,0.0010300353169441223,2.8976049423217773,0.4399999976158142,0.44999998807907104,0.15505149960517883,80.79999542236328
5094,166952960.0,0.0013484549708664417,2.815772771835327,0.5,0.4399999976158142,0.15117192268371582,79.79999542236328
5095,166985728.0,0.0024461629800498486,3.056184768676758,0.44999998807907104,0.5,0.152157261967659,78.0
5096,167018496.0,0.0017918231897056103,3.0744199752807617,0.3999999761581421,0.44999998807907104,0.15073129534721375,73.19999694824219
5097,167051264.0,0.0019641234539449215,2.64335298538208,0.6399999856948853,0.3999999761581421,0.15715236961841583,78.0
5098,167084032.0,0.0014355597086250782,2.865469455718994,0.7199999690055847,0.6399999856948853,0.1545555591583252,76.0999984741211
5099,167116800.0,0.0023251050151884556,2.518244743347168,0.7400000095367432,0.7199999690055847,0.15678229928016663,62.599998474121094
5100,167149568.0,0.0020521252881735563,3.1864192485809326,0.7599999904632568,0.7400000095367432,0.16207866370677948,75.5999984741211
5101,167182336.0,0.0012633436126634479,2.7729334831237793,0.5799999833106995,0.7599999904632568,0.15905211865901947,80.19999694824219
5102,167215104.0,0.001440179068595171,3.158299207687378,0.44999998807907104,0.5799999833106995,0.16983437538146973,89.5
5103,167247872.0,0.0018057436682283878,2.9956583976745605,1.090000033378601,0.44999998807907104,0.16396421194076538,84.0
5104,167280640.0,0.0017896719509735703,2.327126979827881,1.100000023841858,1.090000033378601,0.17679890990257263,83.19999694824219
5105,167313408.0,0.0014325196389108896,2.8174333572387695,1.0099999904632568,1.100000023841858,0.14863188564777374,83.19999694824219
5106,167346176.0,0.0010813045082613826,2.795593738555908,0.6800000071525574,1.0099999904632568,0.1449049711227417,76.19999694824219
5107,167378944.0,0.0015734436456114054,2.9965107440948486,0.8100000023841858,0.6800000071525574,0.1499015837907791,81.69999694824219
5108,167411712.0,0.0016848314553499222,2.6147031784057617,0.7099999785423279,0.8100000023841858,0.17265979945659637,84.9000015258789
5109,167444480.0,0.0017598358681425452,2.8153300285339355,0.6800000071525574,0.7099999785423279,0.15079057216644287,90.5999984741211
5110,167477248.0,0.0014669506344944239,2.460838556289673,0.699999988079071,0.6800000071525574,0.1555347591638565,91.29999542236328
5111,167510016.0,0.0014880112139508128,2.607513427734375,1.0099999904632568,0.699999988079071,0.13784146308898926,87.69999694824219
5112,167542784.0,0.0017312834970653057,2.569927930831909,0.8199999928474426,1.0099999904632568,0.1500306874513626,88.29999542236328
5113,167575552.0,0.0013758353888988495,2.718684434890747,0.85999995470047,0.8199999928474426,0.164625883102417,86.79999542236328
5114,167608320.0,0.0008297081221826375,2.786574125289917,1.1100000143051147,0.85999995470047,0.13276657462120056,87.9000015258789
5115,167641088.0,0.0018266740953549743,2.8088598251342773,1.309999942779541,1.1100000143051147,0.1752420961856842,91.5
5116,167673856.0,0.001494538621045649,2.5500407218933105,1.2799999713897705,1.309999942779541,0.16301734745502472,93.5999984741211
5117,167706624.0,0.0014384144451469183,2.7700178623199463,0.8799999952316284,1.2799999713897705,0.13005629181861877,91.4000015258789
5118,167739392.0,0.0021573950070887804,2.669741630554199,1.1100000143051147,0.8799999952316284,0.14470933377742767,83.19999694824219
5119,167772160.0,0.0012120192404836416,2.564368724822998,1.059999942779541,1.1100000143051147,0.14104565978050232,99.19999694824219
5120,167804928.0,0.0014980845153331757,2.949742317199707,1.2300000190734863,1.059999942779541,0.14211976528167725,98.5
5121,167837696.0,0.001495744800195098,2.85898494720459,1.209999918937683,1.2300000190734863,0.14317670464515686,95.4000015258789
5122,167870464.0,0.00159210036508739,2.6833841800689697,1.1299999952316284,1.209999918937683,0.14257091283798218,89.9000015258789
5123,167903232.0,0.0009579521720297635,2.7164199352264404,1.2400000095367432,1.1299999952316284,0.15978914499282837,89.9000015258789
5124,167936000.0,0.0014500459656119347,2.8523473739624023,1.0699999332427979,1.2400000095367432,0.17546720802783966,89.9000015258789
5125,167968768.0,0.001305802958086133,2.5267655849456787,0.9099999666213989,1.0699999332427979,0.1479104459285736,87.9000015258789
5126,168001536.0,0.0012345390859991312,2.6496129035949707,1.0099999904632568,0.9099999666213989,0.15453681349754333,89.5999984741211
5127,168034304.0,0.00157888641115278,2.4072234630584717,0.9799999594688416,1.0099999904632568,0.17278821766376495,92.5999984741211
5128,168067072.0,0.0014747169334441423,3.112473964691162,1.6299999952316284,0.9799999594688416,0.17218667268753052,98.69999694824219
5129,168099840.0,0.0013961801305413246,2.896787643432617,0.9799999594688416,1.6299999952316284,0.14270666241645813,96.9000015258789
5130,168132608.0,0.0018170330440625548,3.0134193897247314,1.1299999952316284,0.9799999594688416,0.14550572633743286,99.0
5131,168165376.0,0.0018678985070437193,2.9922547340393066,1.0099999904632568,1.1299999952316284,0.1432296335697174,95.79999542236328
5132,168198144.0,0.0013766111806035042,2.494473457336426,0.9899999499320984,1.0099999904632568,0.1583176553249359,96.29999542236328
5133,168230912.0,0.001280362717807293,2.630554676055908,1.2200000286102295,0.9899999499320984,0.13786424696445465,91.29999542236328
5134,168263680.0,0.001312078209593892,2.584322452545166,0.7899999618530273,1.2200000286102295,0.16704639792442322,88.29999542236328
5135,168296448.0,0.0013385395286604762,2.9654626846313477,0.9799999594688416,0.7899999618530273,0.16044631600379944,86.69999694824219
5136,168329216.0,0.0021593833807855844,2.8615245819091797,1.0699999332427979,0.9799999594688416,0.158970445394516,100.5999984741211
5137,168361984.0,0.0009056354174390435,2.4500885009765625,0.5999999642372131,1.0699999332427979,0.14685261249542236,99.29999542236328
5138,168394752.0,0.0013195010833442211,2.8460962772369385,0.7199999690055847,0.5999999642372131,0.14205990731716156,94.5999984741211
5139,168427520.0,0.0008093342767097056,2.417815923690796,1.0099999904632568,0.7199999690055847,0.14733439683914185,89.4000015258789
5140,168460288.0,0.0017251432873308659,2.4853110313415527,0.8899999856948853,1.0099999904632568,0.16258880496025085,93.69999694824219
5141,168493056.0,0.0014971040654927492,2.840376853942871,1.0299999713897705,0.8899999856948853,0.13864484429359436,89.9000015258789
5142,168525824.0,0.0015321115497499704,2.240931272506714,0.7999999523162842,1.0299999713897705,0.15448331832885742,96.0999984741211
5143,168558592.0,0.0014961780980229378,2.365034341812134,0.75,0.7999999523162842,0.14191031455993652,91.79999542236328
5144,168591360.0,0.001987402094528079,2.697237491607666,0.9699999690055847,0.75,0.1716361939907074,86.0
5145,168624128.0,0.0015510437078773975,2.6095170974731445,1.1899999380111694,0.9699999690055847,0.15153928101062775,83.0999984741211
5146,168656896.0,0.0025332868099212646,2.5693020820617676,1.1100000143051147,1.1899999380111694,0.14663004875183105,88.9000015258789
5147,168689664.0,0.0017432691529393196,2.5755138397216797,1.149999976158142,1.1100000143051147,0.16373905539512634,101.0999984741211
5148,168722432.0,0.0018404661677777767,3.0831334590911865,1.1999999284744263,1.149999976158142,0.16905273497104645,94.29999542236328
5149,168755200.0,0.0010405238717794418,2.887282371520996,1.209999918937683,1.1999999284744263,0.1676110327243805,91.0999984741211
5150,168787968.0,0.0013668716419488192,2.7621541023254395,1.2300000190734863,1.209999918937683,0.13499796390533447,88.4000015258789
5151,168820736.0,0.0015683965757489204,2.7140655517578125,1.3199999332427979,1.2300000190734863,0.1377440094947815,90.0
5152,168853504.0,0.002043247688561678,2.760883331298828,1.2699999809265137,1.3199999332427979,0.1452086865901947,82.29999542236328
5153,168886272.0,0.0011153691448271275,2.9529006481170654,1.2300000190734863,1.2699999809265137,0.1442166566848755,90.9000015258789
5154,168919040.0,0.0016199606470763683,2.464266538619995,1.25,1.2300000190734863,0.16556605696678162,83.29999542236328
5155,168951808.0,0.001558469608426094,2.9976747035980225,1.2799999713897705,1.25,0.1288568079471588,94.0
5156,168984576.0,0.0028020539321005344,2.963473320007324,1.1999999284744263,1.2799999713897705,0.151899054646492,96.5999984741211
5157,169017344.0,0.0016986214322969317,3.017669916152954,1.0,1.1999999284744263,0.15886929631233215,86.0
5158,169050112.0,0.0019380094017833471,2.5963776111602783,1.1399999856948853,1.0,0.15124815702438354,88.5
5159,169082880.0,0.0011902854312211275,2.615107774734497,1.2200000286102295,1.1399999856948853,0.16722136735916138,84.0
5160,169115648.0,0.0010143034160137177,2.311420440673828,1.3299999237060547,1.2200000286102295,0.16110005974769592,90.5
5161,169148416.0,0.0015211040154099464,2.5011045932769775,0.9599999785423279,1.3299999237060547,0.15697124600410461,75.4000015258789
5162,169181184.0,0.0014533433131873608,2.3835248947143555,1.0499999523162842,0.9599999785423279,0.14976942539215088,90.5999984741211
5163,169213952.0,0.0018734059995040298,2.382131814956665,0.9399999976158142,1.0499999523162842,0.152401864528656,97.79999542236328
5164,169246720.0,0.002301416825503111,2.6893444061279297,0.9300000071525574,0.9399999976158142,0.12731066346168518,103.39999389648438
5165,169279488.0,0.001388942706398666,2.9373538494110107,0.699999988079071,0.9300000071525574,0.14165383577346802,96.0999984741211
5166,169312256.0,0.0017488510347902775,2.9398415088653564,0.9599999785423279,0.699999988079071,0.15676361322402954,91.29999542236328
5167,169345024.0,0.0015382079873234034,2.507448196411133,0.6899999976158142,0.9599999785423279,0.14723989367485046,87.5999984741211
5168,169377792.0,0.002307720948010683,2.919461965560913,0.8499999642372131,0.6899999976158142,0.1728939265012741,80.79999542236328
5169,169410560.0,0.002005757763981819,2.846257448196411,0.550000011920929,0.8499999642372131,0.14457660913467407,89.5
5170,169443328.0,0.001273357542231679,2.933394432067871,0.5600000023841858,0.550000011920929,0.13522130250930786,88.0
5171,169476096.0,0.001685206312686205,2.6496217250823975,0.3400000035762787,0.5600000023841858,0.15192197263240814,84.5
5172,169508864.0,0.002039835089817643,2.6534175872802734,0.4099999964237213,0.3400000035762787,0.1477474421262741,91.5999984741211
5173,169541632.0,0.0010967482812702656,2.7024612426757812,0.3799999952316284,0.4099999964237213,0.1429387331008911,91.69999694824219
5174,169574400.0,0.0014669947559013963,3.0443944931030273,-0.3100000023841858,0.3799999952316284,0.1391700804233551,89.29999542236328
5175,169607168.0,0.005280429497361183,2.5948665142059326,-0.11999999731779099,-0.3100000023841858,0.12868395447731018,80.79999542236328
5176,169639936.0,0.0014648574870079756,2.544550657272339,0.09999999403953552,-0.11999999731779099,0.15374493598937988,97.9000015258789
5177,169672704.0,0.001598976319655776,2.937469005584717,0.5199999809265137,0.09999999403953552,0.15080289542675018,97.5999984741211
5178,169705472.0,0.0018400812987238169,2.915330171585083,0.4899999797344208,0.5199999809265137,0.15376925468444824,98.0999984741211
5179,169738240.0,0.0008591064251959324,3.0066778659820557,0.6599999666213989,0.4899999797344208,0.16474029421806335,100.69999694824219
5180,169771008.0,0.001224200939759612,2.5669097900390625,0.7400000095367432,0.6599999666213989,0.1639048308134079,95.69999694824219
5181,169803776.0,0.0019278028048574924,2.79404354095459,0.8299999833106995,0.7400000095367432,0.1556379497051239,97.9000015258789
5182,169836544.0,0.002362131141126156,2.238877058029175,0.41999998688697815,0.8299999833106995,0.13867947459220886,103.69999694824219
5183,169869312.0,0.0010059680789709091,2.561706304550171,0.5399999618530273,0.41999998688697815,0.137306809425354,86.29999542236328
5184,169902080.0,0.0012601811904460192,2.34432053565979,0.6299999952316284,0.5399999618530273,0.135923832654953,105.5999984741211
5185,169934848.0,0.0017999784322455525,2.977736473083496,0.2800000011920929,0.6299999952316284,0.15842683613300323,93.5999984741211
5186,169967616.0,0.0027206772938370705,2.8200504779815674,-0.35999998450279236,0.2800000011920929,0.13861998915672302,98.19999694824219
5187,170000384.0,0.00132946262601763,2.819760322570801,-0.28999999165534973,-0.35999998450279236,0.14030471444129944,88.19999694824219
5188,170033152.0,0.001588492072187364,2.7326953411102295,0.07000000029802322,-0.28999999165534973,0.1411203145980835,101.4000015258789
5189,170065920.0,0.0011747532989829779,2.6421749591827393,-0.35999998450279236,0.07000000029802322,0.15998980402946472,90.79999542236328
5190,170098688.0,0.0011283899657428265,2.8014578819274902,0.44999998807907104,-0.35999998450279236,0.14235566556453705,88.69999694824219
5191,170131456.0,0.0011437407229095697,2.632523536682129,0.38999998569488525,0.44999998807907104,0.13752436637878418,94.69999694824219
5192,170164224.0,0.0013418479356914759,2.5128228664398193,0.429999977350235,0.38999998569488525,0.1521863043308258,92.69999694824219
5193,170196992.0,0.0019810940138995647,2.742292642593384,0.38999998569488525,0.429999977350235,0.14819607138633728,93.19999694824219
5194,170229760.0,0.0012503708712756634,2.5286660194396973,0.03999999910593033,0.38999998569488525,0.1512804627418518,82.5999984741211
5195,170262528.0,0.0016972116427496076,2.826630115509033,0.3700000047683716,0.03999999910593033,0.15829062461853027,83.9000015258789
5196,170295296.0,0.0013900748454034328,2.9280593395233154,0.6699999570846558,0.3700000047683716,0.14886213839054108,95.0
5197,170328064.0,0.0009350660839118063,2.675079584121704,0.23999999463558197,0.6699999570846558,0.13084295392036438,98.5
5198,170360832.0,0.0016716893296688795,2.99082612991333,0.4699999988079071,0.23999999463558197,0.1483350694179535,91.69999694824219
5199,170393600.0,0.0018549049273133278,2.8281197547912598,0.4399999976158142,0.4699999988079071,0.16346848011016846,89.5999984741211
5200,170426368.0,0.0014317936729639769,2.586885929107666,0.14999999105930328,0.4399999976158142,0.15393885970115662,94.5999984741211
5201,170459136.0,0.002295242389664054,2.363818407058716,-0.029999999329447746,0.14999999105930328,0.16202804446220398,88.0999984741211
5202,170491904.0,0.001280175638385117,2.699260711669922,0.07999999821186066,-0.029999999329447746,0.1720735728740692,86.0
5203,170524672.0,0.0012935815611854196,2.6810622215270996,-0.2800000011920929,0.07999999821186066,0.17557461559772491,80.9000015258789
5204,170557440.0,0.0013394360430538654,2.760617733001709,0.19999998807907104,-0.2800000011920929,0.13865862786769867,76.4000015258789
5205,170590208.0,0.0010353258112445474,2.7930612564086914,0.23999999463558197,0.19999998807907104,0.1380060911178589,84.0
5206,170622976.0,0.0016776497941464186,2.727858543395996,-0.17999999225139618,0.23999999463558197,0.15472136437892914,86.9000015258789
5207,170655744.0,0.0013358921278268099,2.55027174949646,-0.44999998807907104,-0.17999999225139618,0.13617055118083954,80.29999542236328
5208,170688512.0,0.0016073092119768262,2.6708834171295166,-0.44999998807907104,-0.44999998807907104,0.143508642911911,83.29999542236328
5209,170721280.0,0.0012530077947303653,2.8542823791503906,-0.23999999463558197,-0.44999998807907104,0.1485852301120758,78.29999542236328
5210,170754048.0,0.0012202366488054395,2.5913171768188477,-0.1599999964237213,-0.23999999463558197,0.15414011478424072,85.9000015258789
5211,170786816.0,0.0012137131998315454,2.3456575870513916,-0.22999998927116394,-0.1599999964237213,0.16615675389766693,82.9000015258789
5212,170819584.0,0.001289949519559741,2.36731219291687,-0.23999999463558197,-0.22999998927116394,0.1427016258239746,86.5999984741211
5213,170852352.0,0.001412106677889824,2.8104355335235596,-0.25999999046325684,-0.23999999463558197,0.13959991931915283,74.5999984741211
5214,170885120.0,0.001016351394355297,2.572040319442749,-0.1599999964237213,-0.25999999046325684,0.1540592461824417,75.0
5215,170917888.0,0.001030497602187097,2.68365216255188,-0.5699999928474426,-0.1599999964237213,0.13510355353355408,75.4000015258789
5216,170950656.0,0.002379440702497959,2.7115187644958496,-0.8199999928474426,-0.5699999928474426,0.14768396317958832,74.9000015258789
5217,170983424.0,0.0026696142740547657,2.871904134750366,-0.6599999666213989,-0.8199999928474426,0.14621183276176453,89.19999694824219
5218,171016192.0,0.0020140688866376877,2.87815523147583,-0.6800000071525574,-0.6599999666213989,0.1385040283203125,89.19999694824219
5219,171048960.0,0.0016295709647238255,2.433159112930298,-1.0299999713897705,-0.6800000071525574,0.15900918841362,91.19999694824219
5220,171081728.0,0.0024079137947410345,2.7069332599639893,-0.6200000047683716,-1.0299999713897705,0.14595386385917664,89.19999694824219
5221,171114496.0,0.0017546573653817177,2.283085584640503,-0.5999999642372131,-0.6200000047683716,0.15700358152389526,91.29999542236328
5222,171147264.0,0.0012651060242205858,2.385542392730713,-0.22999998927116394,-0.5999999642372131,0.15354587137699127,89.0999984741211
5223,171180032.0,0.001606271485798061,2.3781650066375732,-0.1899999976158142,-0.22999998927116394,0.1517978310585022,89.19999694824219
5224,171212800.0,0.001528619322925806,2.2128286361694336,-0.19999998807907104,-0.1899999976158142,0.1452234983444214,84.5
5225,171245568.0,0.0019649360328912735,2.7821249961853027,-0.6200000047683716,-0.19999998807907104,0.15247248113155365,89.5
5226,171278336.0,0.0020443792454898357,2.5148355960845947,-0.28999999165534973,-0.6200000047683716,0.13181479275226593,94.19999694824219
5227,171311104.0,0.0019337445264682174,2.5059030055999756,0.05999999865889549,-0.28999999165534973,0.1722661852836609,90.5
5228,171343872.0,0.0010424084030091763,2.3153634071350098,0.1899999976158142,0.05999999865889549,0.14640244841575623,94.5
5229,171376640.0,0.001830784953199327,2.7572431564331055,0.08999999612569809,0.1899999976158142,0.1868683099746704,87.0999984741211
5230,171409408.0,0.0015873218653723598,3.3397109508514404,-0.12999999523162842,0.08999999612569809,0.14455604553222656,92.0999984741211
5231,171442176.0,0.001265116035938263,2.734525442123413,-0.09999999403953552,-0.12999999523162842,0.15801271796226501,81.19999694824219
5232,171474944.0,0.002188956132158637,2.0701968669891357,0.5899999737739563,-0.09999999403953552,0.16026468575000763,94.4000015258789
5233,171507712.0,0.0007922686636447906,2.530535936355591,0.07000000029802322,0.5899999737739563,0.15074670314788818,102.5
5234,171540480.0,0.0011847896967083216,2.421814441680908,-0.32999998331069946,0.07000000029802322,0.12439621984958649,96.69999694824219
5235,171573248.0,0.001976019935682416,2.383945941925049,-0.07999999821186066,-0.32999998331069946,0.13707450032234192,93.9000015258789
5236,171606016.0,0.0013444393407553434,2.5826761722564697,-0.05999999865889549,-0.07999999821186066,0.12624283134937286,100.29999542236328
5237,171638784.0,0.0021035256795585155,2.7940869331359863,-0.05999999865889549,-0.05999999865889549,0.14609286189079285,97.29999542236328
5238,171671552.0,0.0008512828499078751,2.4819493293762207,0.5799999833106995,-0.05999999865889549,0.15730875730514526,93.5
5239,171704320.0,0.0015016705729067326,2.484910249710083,0.5799999833106995,0.5799999833106995,0.1432199478149414,91.4000015258789
5240,171737088.0,0.0012958068400621414,2.046388626098633,-0.019999999552965164,0.5799999833106995,0.1520007848739624,96.19999694824219
5241,171769856.0,0.002764855045825243,2.268164873123169,0.29999998211860657,-0.019999999552965164,0.14483287930488586,96.69999694824219
5242,171802624.0,0.001380337867885828,2.4952430725097656,0.3100000023841858,0.29999998211860657,0.14451786875724792,97.5
5243,171835392.0,0.0016601290553808212,2.8372135162353516,0.32999998331069946,0.3100000023841858,0.1432756632566452,94.5999984741211
5244,171868160.0,0.0013927777763456106,2.7940258979797363,0.07999999821186066,0.32999998331069946,0.1510947048664093,104.5
5245,171900928.0,0.0017833178862929344,2.582987070083618,0.3199999928474426,0.07999999821186066,0.14902783930301666,93.5
5246,171933696.0,0.0017168823396787047,2.5510756969451904,0.11999999731779099,0.3199999928474426,0.17637784779071808,86.19999694824219
5247,171966464.0,0.0012462197337299585,2.495889902114868,0.17000000178813934,0.11999999731779099,0.13486701250076294,85.29999542236328
5248,171999232.0,0.0016651272308081388,2.365257978439331,0.4399999976158142,0.17000000178813934,0.16662347316741943,90.29999542236328
5249,172032000.0,0.00156871578656137,2.396022081375122,0.3700000047683716,0.4399999976158142,0.1461118459701538,82.69999694824219
5250,172064768.0,0.0014992400538176298,2.613354206085205,0.5600000023841858,0.3700000047683716,0.14816641807556152,79.4000015258789
5251,172097536.0,0.0008595488034188747,2.3343427181243896,0.08999999612569809,0.5600000023841858,0.15263858437538147,87.0
5252,172130304.0,0.0018951226957142353,2.3662779331207275,0.09999999403953552,0.08999999612569809,0.1459953933954239,81.79999542236328
5253,172163072.0,0.0019600994419306517,2.608950614929199,0.1899999976158142,0.09999999403953552,0.14550480246543884,72.19999694824219
5254,172195840.0,0.0011560397688299417,2.8746674060821533,0.1599999964237213,0.1899999976158142,0.13520251214504242,78.5999984741211
5255,172228608.0,0.004095605108886957,2.366426706314087,0.4699999988079071,0.1599999964237213,0.1448308527469635,81.9000015258789
5256,172261376.0,0.0012150787515565753,2.6188251972198486,0.47999998927116394,0.4699999988079071,0.1651538610458374,81.0
5257,172294144.0,0.0016148090362548828,2.3100781440734863,0.3799999952316284,0.47999998927116394,0.15037652850151062,78.4000015258789
5258,172326912.0,0.0026355525478720665,2.0938830375671387,0.2800000011920929,0.3799999952316284,0.17419707775115967,76.0
5259,172359680.0,0.0013602999970316887,2.4130427837371826,0.09999999403953552,0.2800000011920929,0.14709553122520447,77.0
5260,172392448.0,0.0010785578051581979,2.584376096725464,0.019999999552965164,0.09999999403953552,0.14152072370052338,71.5
5261,172425216.0,0.0013360078446567059,2.5723772048950195,0.3199999928474426,0.019999999552965164,0.17101988196372986,78.0999984741211
5262,172457984.0,0.001533494214527309,2.5115604400634766,0.5,0.3199999928474426,0.16217675805091858,71.0
5263,172490752.0,0.0011854777112603188,2.7086899280548096,0.17999999225139618,0.5,0.15075767040252686,88.0
5264,172523520.0,0.0014563577715307474,2.3123693466186523,0.5399999618530273,0.17999999225139618,0.14903216063976288,76.0
5265,172556288.0,0.0014305261429399252,2.752054452896118,0.2800000011920929,0.5399999618530273,0.17520177364349365,84.69999694824219
5266,172589056.0,0.0018681871006265283,3.004267454147339,0.5699999928474426,0.2800000011920929,0.1590833067893982,73.5
5267,172621824.0,0.0015109763480722904,2.1947102546691895,0.29999998211860657,0.5699999928474426,0.15156662464141846,85.79999542236328
5268,172654592.0,0.0012803671415895224,2.652637481689453,0.25999999046325684,0.29999998211860657,0.14441576600074768,83.0
5269,172687360.0,0.0022705751471221447,2.73746395111084,0.25999999046325684,0.25999999046325684,0.13860490918159485,81.0
5270,172720128.0,0.0011864887783303857,2.5733659267425537,0.3499999940395355,0.25999999046325684,0.1528249979019165,83.0999984741211
5271,172752896.0,0.0016736295074224472,2.4871444702148438,0.3199999928474426,0.3499999940395355,0.16199806332588196,78.0999984741211
5272,172785664.0,0.0010582077084109187,2.956840753555298,0.009999999776482582,0.3199999928474426,0.13940373063087463,76.0999984741211
5273,172818432.0,0.00151302688755095,2.7638869285583496,0.3700000047683716,0.009999999776482582,0.12965208292007446,59.29999923706055
5274,172851200.0,0.010523444972932339,2.282161235809326,0.019999999552965164,0.3700000047683716,0.16379830241203308,66.29999542236328
5275,172883968.0,0.0022871089167892933,2.546236753463745,-0.26999998092651367,0.019999999552965164,0.1410031020641327,69.4000015258789
5276,172916736.0,0.0017062019323930144,2.3151750564575195,-0.38999998569488525,-0.26999998092651367,0.1568281650543213,65.79999542236328
5277,172949504.0,0.001004195073619485,2.4064695835113525,-0.32999998331069946,-0.38999998569488525,0.142007514834404,65.79999542236328
5278,172982272.0,0.0017853823956102133,2.886719226837158,-0.029999999329447746,-0.32999998331069946,0.15461565554141998,60.79999923706055
5279,173015040.0,0.0014610642101615667,2.6317102909088135,-0.07999999821186066,-0.029999999329447746,0.1616065502166748,64.5999984741211
5280,173047808.0,0.0017295506549999118,2.739292860031128,0.05999999865889549,-0.07999999821186066,0.16070131957530975,68.79999542236328
5281,173080576.0,0.0016191217582672834,2.533388614654541,-0.04999999701976776,0.05999999865889549,0.1616227775812149,88.19999694824219
5282,173113344.0,0.0013133510947227478,2.0337886810302734,-0.08999999612569809,-0.04999999701976776,0.14876382052898407,91.0
5283,173146112.0,0.0017247652867808938,2.135122060775757,0.26999998092651367,-0.08999999612569809,0.14707119762897491,85.69999694824219
5284,173178880.0,0.001591225853189826,2.511262893676758,0.41999998688697815,0.26999998092651367,0.13038738071918488,90.69999694824219
5285,173211648.0,0.0008694299613125622,2.8968358039855957,-0.08999999612569809,0.41999998688697815,0.13225075602531433,83.0
5286,173244416.0,0.0017048598965629935,2.2389333248138428,0.11999999731779099,-0.08999999612569809,0.16192346811294556,69.5
5287,173277184.0,0.001797613687813282,2.7554121017456055,0.09999999403953552,0.11999999731779099,0.15139901638031006,75.5
5288,173309952.0,0.002251134254038334,2.5740573406219482,0.3499999940395355,0.09999999403953552,0.14592570066452026,76.5
5289,173342720.0,0.0014974597143009305,2.4601516723632812,0.29999998211860657,0.3499999940395355,0.14662514626979828,75.5999984741211
5290,173375488.0,0.001563555677421391,2.636777877807617,0.3100000023841858,0.29999998211860657,0.15226155519485474,74.5999984741211
5291,173408256.0,0.0013793789548799396,2.602684736251831,-0.04999999701976776,0.3100000023841858,0.15199747681617737,77.0
5292,173441024.0,0.0015136991860345006,2.4897029399871826,-0.07000000029802322,-0.04999999701976776,0.14526711404323578,92.0999984741211
5293,173473792.0,0.0016366541385650635,2.5190322399139404,0.11999999731779099,-0.07000000029802322,0.1561059057712555,87.0999984741211
5294,173506560.0,0.0015014488017186522,2.427410125732422,-0.019999999552965164,0.11999999731779099,0.14860960841178894,83.0
5295,173539328.0,0.001237212447449565,2.6092491149902344,0.41999998688697815,-0.019999999552965164,0.16774168610572815,76.19999694824219
5296,173572096.0,0.002048327587544918,2.60886549949646,0.19999998807907104,0.41999998688697815,0.1459784060716629,73.5
5297,173604864.0,0.0020484644919633865,2.3247416019439697,0.35999998450279236,0.19999998807907104,0.1542951762676239,71.69999694824219
5298,173637632.0,0.0010907521937042475,2.4119017124176025,0.35999998450279236,0.35999998450279236,0.1441020518541336,59.79999923706055
5299,173670400.0,0.0020066567230969667,2.1776349544525146,0.3199999928474426,0.35999998450279236,0.13499969244003296,59.0
5300,173703168.0,0.000856988481245935,2.5946264266967773,0.32999998331069946,0.3199999928474426,0.13026826083660126,52.39999771118164
5301,173735936.0,0.003197908867150545,2.8632009029388428,-0.11999999731779099,0.32999998331069946,0.12032138556241989,59.39999771118164
5302,173768704.0,0.0019222202245146036,2.6189370155334473,0.10999999940395355,-0.11999999731779099,0.1645498126745224,58.5
5303,173801472.0,0.0008187433122657239,2.5954394340515137,0.09999999403953552,0.10999999940395355,0.1364751160144806,68.79999542236328
5304,173834240.0,0.001011231099255383,2.7613697052001953,0.07000000029802322,0.09999999403953552,0.14119146764278412,75.4000015258789
5305,173867008.0,0.0013703228905797005,2.482884645462036,-0.03999999910593033,0.07000000029802322,0.14296740293502808,75.4000015258789
5306,173899776.0,0.0024158800952136517,2.7639198303222656,-0.04999999701976776,-0.03999999910593033,0.13639602065086365,66.29999542236328
5307,173932544.0,0.0014111644122749567,2.908315896987915,0.029999999329447746,-0.04999999701976776,0.16220977902412415,67.79999542236328
5308,173965312.0,0.0021868525072932243,2.402404308319092,0.07000000029802322,0.029999999329447746,0.14870384335517883,64.69999694824219
5309,173998080.0,0.0018173139542341232,2.7376492023468018,0.41999998688697815,0.07000000029802322,0.13955745100975037,64.79999542236328
5310,174030848.0,0.0013600363163277507,2.759782552719116,0.11999999731779099,0.41999998688697815,0.14158906042575836,73.29999542236328
5311,174063616.0,0.0011655212147161365,2.615734815597534,-0.4899999797344208,0.11999999731779099,0.13613763451576233,69.0999984741211
5312,174096384.0,0.0012888370547443628,2.597135305404663,-0.14000000059604645,-0.4899999797344208,0.1455017775297165,66.0999984741211
5313,174129152.0,0.0008988081244751811,2.9277021884918213,-0.4599999785423279,-0.14000000059604645,0.13184502720832825,61.5
5314,174161920.0,0.0013343009632080793,2.6927802562713623,-0.11999999731779099,-0.4599999785423279,0.13709087669849396,77.9000015258789
5315,174194688.0,0.0009299457306042314,2.6206212043762207,-0.4599999785423279,-0.11999999731779099,0.1329556405544281,77.29999542236328
5316,174227456.0,0.0013912607682868838,2.885174036026001,-0.7899999618530273,-0.4599999785423279,0.13050100207328796,76.69999694824219
5317,174260224.0,0.00118791195563972,2.539900064468384,-0.05999999865889549,-0.7899999618530273,0.1509471982717514,76.9000015258789
5318,174292992.0,0.0018385464791208506,2.907337188720703,-0.04999999701976776,-0.05999999865889549,0.13198819756507874,65.0999984741211
5319,174325760.0,0.0015931613743305206,2.8237483501434326,-0.2800000011920929,-0.04999999701976776,0.1441882997751236,68.0999984741211
5320,174358528.0,0.0013362955069169402,2.46329402923584,-0.3100000023841858,-0.2800000011920929,0.1377059519290924,67.0999984741211
5321,174391296.0,0.0010970565490424633,2.739197254180908,-0.3799999952316284,-0.3100000023841858,0.16433849930763245,65.0999984741211
5322,174424064.0,0.0011100429110229015,3.310540199279785,-0.3999999761581421,-0.3799999952316284,0.14913922548294067,73.69999694824219
5323,174456832.0,0.0013627605512738228,3.0716264247894287,-0.75,-0.3999999761581421,0.1346745491027832,75.69999694824219
5324,174489600.0,0.0015370232285931706,3.103743076324463,-0.7099999785423279,-0.75,0.13793933391571045,74.69999694824219
5325,174522368.0,0.0013279151171445847,2.90848708152771,-0.6899999976158142,-0.7099999785423279,0.15435034036636353,76.5999984741211
5326,174555136.0,0.001897695823572576,2.7420201301574707,-0.38999998569488525,-0.6899999976158142,0.1388218104839325,72.69999694824219
5327,174587904.0,0.002007241826504469,2.8495378494262695,-0.009999999776482582,-0.38999998569488525,0.1297493875026703,80.0
5328,174620672.0,0.0008116319077089429,2.5825533866882324,-0.2800000011920929,-0.009999999776482582,0.1294509470462799,78.0999984741211
5329,174653440.0,0.0010852564591914415,2.2938058376312256,-0.019999999552965164,-0.2800000011920929,0.1527235209941864,69.5
5330,174686208.0,0.002215007087215781,2.635917901992798,-0.07000000029802322,-0.019999999552965164,0.12660180032253265,74.5
5331,174718976.0,0.0010291470680385828,3.1298112869262695,-0.2800000011920929,-0.07000000029802322,0.13749490678310394,74.9000015258789
5332,174751744.0,0.001683653681538999,3.0682289600372314,0.17999999225139618,-0.2800000011920929,0.14672181010246277,66.0999984741211
5333,174784512.0,0.0016260277479887009,2.3347654342651367,-0.12999999523162842,0.17999999225139618,0.15884201228618622,75.5999984741211
5334,174817280.0,0.0009122638730332255,2.568107843399048,-0.429999977350235,-0.12999999523162842,0.12549430131912231,84.0999984741211
5335,174850048.0,0.001210907008498907,3.196009874343872,-0.2199999988079071,-0.429999977350235,0.13827042281627655,86.5
5336,174882816.0,0.0019011058611795306,2.7370457649230957,0.32999998331069946,-0.2199999988079071,0.11298338323831558,78.5
5337,174915584.0,0.000960775651037693,3.2942380905151367,0.17999999225139618,0.32999998331069946,0.1456119418144226,88.4000015258789
5338,174948352.0,0.000905446067918092,2.886756658554077,0.1599999964237213,0.17999999225139618,0.1290706992149353,92.29999542236328
5339,174981120.0,0.0014577076071873307,3.1245927810668945,0.12999999523162842,0.1599999964237213,0.1422049105167389,92.29999542236328
5340,175013888.0,0.0012648692354559898,2.6173489093780518,0.029999999329447746,0.12999999523162842,0.13790710270404816,93.69999694824219
5341,175046656.0,0.0014980059349909425,3.027207374572754,0.4699999988079071,0.029999999329447746,0.14085549116134644,93.69999694824219
5342,175079424.0,0.001569170388393104,2.357302665710449,0.08999999612569809,0.4699999988079071,0.14972087740898132,92.79999542236328
5343,175112192.0,0.0015851091593503952,2.8399362564086914,0.4099999964237213,0.08999999612569809,0.1295771300792694,71.29999542236328
5344,175144960.0,0.0012806797167286277,2.706200361251831,0.4599999785423279,0.4099999964237213,0.12158869206905365,90.5999984741211
5345,175177728.0,0.0015448754420503974,2.603386402130127,0.6399999856948853,0.4599999785423279,0.14835363626480103,80.29999542236328
5346,175210496.0,0.0013779231812804937,2.7845520973205566,0.3100000023841858,0.6399999856948853,0.14311644434928894,86.9000015258789
5347,175243264.0,0.0014484021812677383,2.3521270751953125,0.6399999856948853,0.3100000023841858,0.15952393412590027,73.19999694824219
5348,175276032.0,0.0009044534526765347,2.8225226402282715,0.14000000059604645,0.6399999856948853,0.13945408165454865,86.9000015258789
5349,175308800.0,0.0011584225576370955,2.6927411556243896,0.4699999988079071,0.14000000059604645,0.13419665396213531,68.19999694824219
5350,175341568.0,0.0014434903860092163,2.608616828918457,0.28999999165534973,0.4699999988079071,0.1428663730621338,73.4000015258789
5351,175374336.0,0.0019261655397713184,3.0436277389526367,0.09999999403953552,0.28999999165534973,0.14312531054019928,71.69999694824219
5352,175407104.0,0.0015726926503702998,2.652700424194336,0.44999998807907104,0.09999999403953552,0.15266984701156616,68.19999694824219
5353,175439872.0,0.0013968092389404774,2.778189182281494,0.8399999737739563,0.44999998807907104,0.14322009682655334,77.19999694824219
5354,175472640.0,0.0012812078930437565,2.7071871757507324,0.47999998927116394,0.8399999737739563,0.14214107394218445,84.0
5355,175505408.0,0.002115070354193449,2.8853933811187744,0.3799999952316284,0.47999998927116394,0.16125695407390594,80.4000015258789
5356,175538176.0,0.0013241581618785858,2.4348113536834717,0.5099999904632568,0.3799999952316284,0.12755760550498962,79.4000015258789
5357,175570944.0,0.0014715524157509208,2.3514604568481445,0.4699999988079071,0.5099999904632568,0.1256154328584671,90.0999984741211
5358,175603712.0,0.0011047176085412502,2.5856432914733887,0.32999998331069946,0.4699999988079071,0.13996708393096924,79.4000015258789
5359,175636480.0,0.000836455961689353,2.5224127769470215,0.44999998807907104,0.32999998331069946,0.14657346904277802,82.9000015258789
5360,175669248.0,0.00118612393271178,2.7197787761688232,0.3100000023841858,0.44999998807907104,0.1289040446281433,81.0
5361,175702016.0,0.00093524728436023,2.643038272857666,0.3199999928474426,0.3100000023841858,0.14078252017498016,83.19999694824219
5362,175734784.0,0.0007904944941401482,2.4028849601745605,0.3199999928474426,0.3199999928474426,0.16859929263591766,78.4000015258789
5363,175767552.0,0.0012497126590460539,2.581272602081299,0.3400000035762787,0.3199999928474426,0.1434977948665619,78.4000015258789
5364,175800320.0,0.0015175442676991224,3.163353204727173,0.3499999940395355,0.3400000035762787,0.13409098982810974,80.79999542236328
5365,175833088.0,0.0013244295259937644,2.466405153274536,0.3400000035762787,0.3499999940395355,0.13709305226802826,78.4000015258789
5366,175865856.0,0.001605405006557703,3.020625591278076,0.3999999761581421,0.3400000035762787,0.15812638401985168,74.5999984741211
5367,175898624.0,0.0019462628988549113,2.788721799850464,0.3700000047683716,0.3999999761581421,0.1357208490371704,85.29999542236328
5368,175931392.0,0.0016989520518109202,2.920475482940674,0.3400000035762787,0.3700000047683716,0.14986011385917664,85.29999542236328
5369,175964160.0,0.0013544968096539378,2.721233367919922,0.3499999940395355,0.3400000035762787,0.12889322638511658,85.5999984741211
5370,175996928.0,0.003161756554618478,2.2761621475219727,0.2800000011920929,0.3499999940395355,0.14845356345176697,80.69999694824219
5371,176029696.0,0.0015383922727778554,3.107455015182495,0.3799999952316284,0.2800000011920929,0.136051744222641,76.19999694824219
5372,176062464.0,0.0012783556012436748,2.6322619915008545,0.2800000011920929,0.3799999952316284,0.12434516847133636,80.69999694824219
5373,176095232.0,0.0016791103407740593,2.7149620056152344,0.29999998211860657,0.2800000011920929,0.15008914470672607,76.9000015258789
5374,176128000.0,0.002725357888266444,2.7463648319244385,0.3100000023841858,0.29999998211860657,0.12299861013889313,88.69999694824219
5375,176160768.0,0.0012677425984293222,2.727275848388672,0.25999999046325684,0.3100000023841858,0.14350533485412598,88.69999694824219
5376,176193536.0,0.0012621483765542507,2.655545711517334,0.26999998092651367,0.25999999046325684,0.1409415453672409,79.4000015258789
5377,176226304.0,0.0007948506390675902,2.6397416591644287,0.25,0.26999998092651367,0.11986543983221054,83.69999694824219
5378,176259072.0,0.006094964686781168,2.248561382293701,0.38999998569488525,0.25,0.15425628423690796,78.69999694824219
5379,176291840.0,0.0012322103139013052,2.7894749641418457,0.4899999797344208,0.38999998569488525,0.15177224576473236,78.69999694824219
5380,176324608.0,0.001755553763359785,3.0860671997070312,0.23999999463558197,0.4899999797344208,0.13292764127254486,77.9000015258789
5381,176357376.0,0.001988023053854704,2.5106618404388428,0.3100000023841858,0.23999999463558197,0.15537038445472717,82.5
5382,176390144.0,0.0012663054512813687,2.9206531047821045,0.29999998211860657,0.3100000023841858,0.13987582921981812,80.29999542236328
5383,176422912.0,0.001402980531565845,2.77939772605896,0.32999998331069946,0.29999998211860657,0.12930932641029358,86.0999984741211
5384,176455680.0,0.0013322883751243353,3.0527055263519287,0.32999998331069946,0.32999998331069946,0.14451411366462708,86.0999984741211
5385,176488448.0,0.0007681912975385785,2.730717182159424,0.3400000035762787,0.32999998331069946,0.12775161862373352,86.0999984741211
5386,176521216.0,0.0007377871079370379,2.653648853302002,-0.009999999776482582,0.3400000035762787,0.1174342930316925,80.29999542236328
5387,176553984.0,0.0011165839387103915,3.1118011474609375,0.029999999329447746,-0.009999999776482582,0.13999062776565552,80.29999542236328
5388,176586752.0,0.001334811793640256,2.54914927482605,0.25999999046325684,0.029999999329447746,0.11813347786664963,80.4000015258789
5389,176619520.0,0.0017440537922084332,2.8329784870147705,0.3199999928474426,0.25999999046325684,0.14684101939201355,77.79999542236328
5390,176652288.0,0.001829247223213315,3.0948219299316406,0.5799999833106995,0.3199999928474426,0.135793998837471,67.19999694824219
5391,176685056.0,0.0014391683507710695,2.8402037620544434,0.17000000178813934,0.5799999833106995,0.15481001138687134,93.5999984741211
5392,176717824.0,0.0012635588645935059,2.6267974376678467,0.4599999785423279,0.17000000178813934,0.13647013902664185,83.69999694824219
5393,176750592.0,0.0021292860619723797,2.5159759521484375,0.3199999928474426,0.4599999785423279,0.14348086714744568,93.69999694824219
5394,176783360.0,0.0015433517983183265,2.8250069618225098,0.03999999910593033,0.3199999928474426,0.15241143107414246,85.69999694824219
5395,176816128.0,0.002116431714966893,2.8395495414733887,0.05999999865889549,0.03999999910593033,0.1397470384836197,83.0999984741211
5396,176848896.0,0.0013455240987241268,2.926706075668335,-0.11999999731779099,0.05999999865889549,0.13268133997917175,71.79999542236328
5397,176881664.0,0.0018516109557822347,2.545306921005249,-0.4099999964237213,-0.11999999731779099,0.1453414261341095,66.19999694824219
5398,176914432.0,0.0013387904036790133,2.9066152572631836,-0.07000000029802322,-0.4099999964237213,0.14073896408081055,61.19999694824219
5399,176947200.0,0.0016880619805306196,2.527975082397461,-0.019999999552965164,-0.07000000029802322,0.15396609902381897,62.69999694824219
5400,176979968.0,0.0015179978217929602,2.8680782318115234,-0.26999998092651367,-0.019999999552965164,0.14096146821975708,69.29999542236328
5401,177012736.0,0.0014824561076238751,2.7887752056121826,-0.12999999523162842,-0.26999998092651367,0.12701532244682312,60.19999694824219
5402,177045504.0,0.0018642285140231252,2.6329915523529053,-0.17000000178813934,-0.12999999523162842,0.12488781660795212,67.69999694824219
5403,177078272.0,0.001346427365206182,2.351471185684204,-0.12999999523162842,-0.17000000178813934,0.15617585182189941,69.0
5404,177111040.0,0.0009131304686889052,2.556488275527954,-0.7400000095367432,-0.12999999523162842,0.13134531676769257,76.5999984741211
5405,177143808.0,0.0016498429467901587,2.785402774810791,0.11999999731779099,-0.7400000095367432,0.1357821822166443,59.19999694824219
5406,177176576.0,0.0013875088188797235,2.890212059020996,0.05999999865889549,0.11999999731779099,0.13930372893810272,74.0
5407,177209344.0,0.001356112421490252,2.6524229049682617,-0.11999999731779099,0.05999999865889549,0.13434012234210968,75.29999542236328
5408,177242112.0,0.0019521946087479591,2.1328511238098145,0.10999999940395355,-0.11999999731779099,0.14098088443279266,81.79999542236328
5409,177274880.0,0.0022347494959831238,2.3704075813293457,-0.5,0.10999999940395355,0.14896640181541443,74.19999694824219
5410,177307648.0,0.0013612676411867142,2.458024024963379,-0.17000000178813934,-0.5,0.13066568970680237,71.69999694824219
5411,177340416.0,0.0014838444767519832,2.910245180130005,-0.3700000047683716,-0.17000000178813934,0.14132270216941833,63.79999923706055
5412,177373184.0,0.0021962427999824286,2.0818135738372803,-0.4599999785423279,-0.3700000047683716,0.14479374885559082,74.0999984741211
5413,177405952.0,0.001386042102240026,2.6547396183013916,-0.7699999809265137,-0.4599999785423279,0.11982236057519913,75.69999694824219
5414,177438720.0,0.001496913842856884,2.396181583404541,-0.949999988079071,-0.7699999809265137,0.13393498957157135,64.0999984741211
5415,177471488.0,0.0012583971256390214,2.9509525299072266,-0.9699999690055847,-0.949999988079071,0.12240280210971832,59.099998474121094
5416,177504256.0,0.0017568274633958936,2.2056097984313965,-0.9599999785423279,-0.9699999690055847,0.12567995488643646,59.099998474121094
5417,177537024.0,0.0018606738885864615,2.6087982654571533,-0.5,-0.9599999785423279,0.14648321270942688,61.599998474121094
5418,177569792.0,0.0007698630215600133,2.572540760040283,-0.7199999690055847,-0.5,0.12495491653680801,74.0999984741211
5419,177602560.0,0.0007710293866693974,2.66656231880188,-0.6200000047683716,-0.7199999690055847,0.11556338518857956,60.099998474121094
5420,177635328.0,0.003844599239528179,2.680755376815796,-1.1799999475479126,-0.6200000047683716,0.13935762643814087,65.0999984741211
5421,177668096.0,0.001262902980670333,2.893066644668579,-0.75,-1.1799999475479126,0.14593544602394104,67.0999984741211
5422,177700864.0,0.0009112246334552765,2.920646905899048,-0.8700000047683716,-0.75,0.1191892996430397,78.0999984741211
5423,177733632.0,0.001576012116856873,3.2445778846740723,-0.4099999964237213,-0.8700000047683716,0.13640275597572327,67.69999694824219
5424,177766400.0,0.0011709508253261447,2.649362325668335,-0.550000011920929,-0.4099999964237213,0.13691651821136475,86.5999984741211
5425,177799168.0,0.0011740403715521097,2.5565431118011475,-0.6299999952316284,-0.550000011920929,0.12231137603521347,75.69999694824219
5426,177831936.0,0.0019936454482376575,2.6077520847320557,-0.9899999499320984,-0.6299999952316284,0.12310916185379028,76.19999694824219
5427,177864704.0,0.0030000461265444756,3.1484947204589844,-1.149999976158142,-0.9899999499320984,0.15138128399848938,68.69999694824219
5428,177897472.0,0.0016320454888045788,2.790120840072632,-0.8299999833106995,-1.149999976158142,0.14031989872455597,68.19999694824219
5429,177930240.0,0.005252765491604805,2.8184547424316406,-0.3999999761581421,-0.8299999833106995,0.12863971292972565,74.5
5430,177963008.0,0.001772918738424778,2.6242287158966064,-0.8100000023841858,-0.3999999761581421,0.1405322104692459,74.5
5431,177995776.0,0.0023718965239822865,2.8419580459594727,-0.47999998927116394,-0.8100000023841858,0.1540604531764984,82.69999694824219
5432,178028544.0,0.0011815533507615328,2.827366828918457,-0.6200000047683716,-0.47999998927116394,0.11670152842998505,76.5999984741211
5433,178061312.0,0.0010670628398656845,2.7464346885681152,-0.5299999713897705,-0.6200000047683716,0.1290769726037979,86.69999694824219
5434,178094080.0,0.002269724616780877,2.673189878463745,-0.3199999928474426,-0.5299999713897705,0.15267351269721985,72.0999984741211
5435,178126848.0,0.0014176289550960064,2.3639543056488037,-0.26999998092651367,-0.3199999928474426,0.12311519682407379,85.0
5436,178159616.0,0.0011260589817538857,2.9076738357543945,-0.20999999344348907,-0.26999998092651367,0.12381304055452347,87.0999984741211
5437,178192384.0,0.0012337424559518695,2.2621371746063232,0.14000000059604645,-0.20999999344348907,0.12997722625732422,86.19999694824219
5438,178225152.0,0.0012804657453671098,2.603416919708252,0.5199999809265137,0.14000000059604645,0.13473720848560333,77.5
5439,178257920.0,0.0018086442723870277,2.66412353515625,0.35999998450279236,0.5199999809265137,0.11941516399383545,78.5
5440,178290688.0,0.0013210615143179893,2.589778184890747,0.07999999821186066,0.35999998450279236,0.15165656805038452,79.5
5441,178323456.0,0.0011409472208470106,2.779554843902588,0.20999999344348907,0.07999999821186066,0.12328679859638214,79.5999984741211
5442,178356224.0,0.0014400338986888528,2.6310172080993652,0.22999998927116394,0.20999999344348907,0.1231876015663147,78.9000015258789
5443,178388992.0,0.0012594352010637522,2.558940887451172,0.5099999904632568,0.22999998927116394,0.15723776817321777,76.0999984741211
5444,178421760.0,0.0009370280313305557,2.737858533859253,0.05999999865889549,0.5099999904632568,0.11496029049158096,77.5
5445,178454528.0,0.0008347236434929073,2.714357852935791,0.05999999865889549,0.05999999865889549,0.12731978297233582,72.9000015258789
5446,178487296.0,0.0015231459401547909,2.686636209487915,-0.1599999964237213,0.05999999865889549,0.13601219654083252,72.9000015258789
5447,178520064.0,0.001652837498113513,2.4120843410491943,-0.04999999701976776,-0.1599999964237213,0.13589128851890564,78.5999984741211
5448,178552832.0,0.0014359774067997932,2.5870296955108643,-0.04999999701976776,-0.04999999701976776,0.1361020803451538,78.5999984741211
5449,178585600.0,0.0011542014544829726,2.7053959369659424,-0.12999999523162842,-0.04999999701976776,0.10719947516918182,78.5999984741211
5450,178618368.0,0.0015258050989359617,2.4360780715942383,-0.09999999403953552,-0.12999999523162842,0.1276269257068634,77.5999984741211
5451,178651136.0,0.0015546283684670925,3.0847933292388916,-0.14000000059604645,-0.09999999403953552,0.12773539125919342,77.5999984741211
5452,178683904.0,0.0011272674892097712,2.217679262161255,-0.17999999225139618,-0.14000000059604645,0.13208205997943878,81.0
5453,178716672.0,0.0015279478393495083,3.059572458267212,-0.14999999105930328,-0.17999999225139618,0.13855132460594177,78.0999984741211
5454,178749440.0,0.0012283860705792904,2.782583236694336,-0.04999999701976776,-0.14999999105930328,0.10329652577638626,79.0999984741211
5455,178782208.0,0.0027181741315871477,2.7660350799560547,-0.3700000047683716,-0.04999999701976776,0.13398060202598572,79.5999984741211
5456,178814976.0,0.0015766456490382552,2.6733028888702393,-0.09999999403953552,-0.3700000047683716,0.1412968635559082,73.0999984741211
5457,178847744.0,0.0017696768045425415,3.022693395614624,-0.019999999552965164,-0.09999999403953552,0.13046663999557495,70.69999694824219
5458,178880512.0,0.002092252019792795,2.4967041015625,-0.029999999329447746,-0.019999999552965164,0.1339508295059204,70.0999984741211
5459,178913280.0,0.001139884116128087,2.5692272186279297,-0.23999999463558197,-0.029999999329447746,0.12982365489006042,79.0
5460,178946048.0,0.0019845992792397738,2.575777769088745,-0.6899999976158142,-0.23999999463558197,0.13552212715148926,65.5
5461,178978816.0,0.00145055097527802,2.8325111865997314,-0.029999999329447746,-0.6899999976158142,0.1288246214389801,65.4000015258789
5462,179011584.0,0.0008995398529805243,2.837686061859131,-0.04999999701976776,-0.029999999329447746,0.12349613755941391,69.0
5463,179044352.0,0.0012366818264126778,2.7368483543395996,-0.4099999964237213,-0.04999999701976776,0.11773437261581421,73.5
5464,179077120.0,0.001219758647494018,2.723923921585083,-0.25,-0.4099999964237213,0.11303340643644333,66.19999694824219
5465,179109888.0,0.0023038145154714584,2.828016757965088,-0.12999999523162842,-0.25,0.1374640017747879,67.19999694824219
5466,179142656.0,0.0007976638153195381,2.5835556983947754,-0.07999999821186066,-0.12999999523162842,0.1289367973804474,70.9000015258789
5467,179175424.0,0.0013197374064475298,3.147094249725342,0.0,-0.07999999821186066,0.13154572248458862,82.0
5468,179208192.0,0.0011183918686583638,2.5782277584075928,-0.23999999463558197,0.0,0.147649884223938,80.0999984741211
5469,179240960.0,0.001360529800876975,2.53603196144104,-0.09999999403953552,-0.23999999463558197,0.14571428298950195,71.29999542236328
5470,179273728.0,0.001550027634948492,2.1265063285827637,-0.17999999225139618,-0.09999999403953552,0.1360294073820114,74.79999542236328
5471,179306496.0,0.0010787062346935272,2.625680685043335,0.029999999329447746,-0.17999999225139618,0.14984792470932007,69.5999984741211
5472,179339264.0,0.001851598615758121,2.6909446716308594,-0.05999999865889549,0.029999999329447746,0.14862030744552612,71.5999984741211
5473,179372032.0,0.001298938994295895,2.8006443977355957,-0.8299999833106995,-0.05999999865889549,0.141172856092453,67.5999984741211
5474,179404800.0,0.0010288604535162449,2.998689889907837,-0.7599999904632568,-0.8299999833106995,0.13845297694206238,59.599998474121094
5475,179437568.0,0.001576426438987255,2.9825563430786133,0.05999999865889549,-0.7599999904632568,0.13676774501800537,56.69999694824219
5476,179470336.0,0.001446917885914445,2.755669116973877,-0.11999999731779099,0.05999999865889549,0.13314633071422577,82.0999984741211
5477,179503104.0,0.0011752175632864237,2.6887927055358887,-0.14000000059604645,-0.11999999731779099,0.137692391872406,69.19999694824219
5478,179535872.0,0.0020694215781986713,2.533863067626953,0.2199999988079071,-0.14000000059604645,0.12016770243644714,64.19999694824219
5479,179568640.0,0.0010676933452486992,2.640265941619873,0.2199999988079071,0.2199999988079071,0.1401161104440689,79.29999542236328
5480,179601408.0,0.0014413224998861551,3.2579126358032227,0.6499999761581421,0.2199999988079071,0.14250805974006653,79.0999984741211
5481,179634176.0,0.0015625079395249486,2.843001365661621,0.6100000143051147,0.6499999761581421,0.1608142852783203,87.69999694824219
5482,179666944.0,0.0019016475416719913,3.0184173583984375,0.32999998331069946,0.6100000143051147,0.14684078097343445,95.9000015258789
5483,179699712.0,0.0010715052485466003,2.6759464740753174,0.6800000071525574,0.32999998331069946,0.1259876936674118,95.9000015258789
5484,179732480.0,0.002190772444009781,3.042328357696533,0.32999998331069946,0.6800000071525574,0.15143223106861115,90.5999984741211
5485,179765248.0,0.002026177244260907,2.8317947387695312,1.2400000095367432,0.32999998331069946,0.1570708453655243,90.29999542236328
5486,179798016.0,0.0011483242269605398,2.672295570373535,0.6899999976158142,1.2400000095367432,0.13182669878005981,98.79999542236328
5487,179830784.0,0.0009065440390259027,2.751823902130127,0.4099999964237213,0.6899999976158142,0.12500520050525665,95.0999984741211
5488,179863552.0,0.0018481513252481818,2.898430824279785,0.32999998331069946,0.4099999964237213,0.1442556381225586,94.79999542236328
5489,179896320.0,0.0010553458705544472,2.727077007293701,0.6499999761581421,0.32999998331069946,0.13835228979587555,89.69999694824219
5490,179929088.0,0.0010083694942295551,2.625495672225952,0.25999999046325684,0.6499999761581421,0.14561432600021362,80.5
5491,179961856.0,0.0009553812560625374,2.4536972045898438,0.19999998807907104,0.25999999046325684,0.1318061351776123,79.19999694824219
5492,179994624.0,0.0010876994347199798,3.1590445041656494,0.6100000143051147,0.19999998807907104,0.12984389066696167,74.5999984741211
5493,180027392.0,0.001328315818682313,3.08147931098938,0.6299999952316284,0.6100000143051147,0.13048714399337769,76.0
5494,180060160.0,0.001474538934417069,2.9055354595184326,0.7099999785423279,0.6299999952316284,0.11297976970672607,84.0
5495,180092928.0,0.0021262401714920998,3.0678834915161133,0.6800000071525574,0.7099999785423279,0.14771892130374908,87.19999694824219
5496,180125696.0,0.0019163142424076796,2.978832721710205,0.8700000047683716,0.6800000071525574,0.1269221007823944,84.0999984741211
5497,180158464.0,0.0021051871590316296,2.8748888969421387,0.5299999713897705,0.8700000047683716,0.1545020043849945,84.4000015258789
5498,180191232.0,0.0010301026050001383,2.456178665161133,0.03999999910593033,0.5299999713897705,0.1250125765800476,84.4000015258789
5499,180224000.0,0.001892154454253614,3.112520456314087,0.3700000047683716,0.03999999910593033,0.1580631285905838,81.19999694824219
5500,180256768.0,0.0017038615187630057,2.6900291442871094,1.0099999904632568,0.3700000047683716,0.1588899791240692,82.19999694824219
5501,180289536.0,0.001853409456089139,3.0116753578186035,0.6699999570846558,1.0099999904632568,0.12083487212657928,80.0999984741211
5502,180322304.0,0.0018596812151372433,2.569044351577759,0.3499999940395355,0.6699999570846558,0.15068942308425903,81.29999542236328
5503,180355072.0,0.0015417624963447452,2.8914809226989746,0.6699999570846558,0.3499999940395355,0.12730850279331207,92.29999542236328
5504,180387840.0,0.0012119379825890064,3.01898455619812,0.6699999570846558,0.6699999570846558,0.14416253566741943,80.29999542236328
5505,180420608.0,0.0015914858086034656,2.645841598510742,0.699999988079071,0.6699999570846558,0.14472836256027222,81.29999542236328
5506,180453376.0,0.0028809052892029285,2.8983120918273926,0.9699999690055847,0.699999988079071,0.13566075265407562,80.29999542236328
5507,180486144.0,0.0018542216857895255,2.457995653152466,0.9899999499320984,0.9699999690055847,0.11753774434328079,80.29999542236328
5508,180518912.0,0.0011054070200771093,2.623469829559326,0.949999988079071,0.9899999499320984,0.13037872314453125,93.5999984741211
5509,180551680.0,0.0013119882205501199,2.193613290786743,0.9899999499320984,0.949999988079071,0.14072945713996887,74.79999542236328
5510,180584448.0,0.0017987270839512348,2.708709716796875,1.3199999332427979,0.9899999499320984,0.13691729307174683,76.19999694824219
5511,180617216.0,0.001473353710025549,2.7618885040283203,1.3199999332427979,1.3199999332427979,0.1490175426006317,79.69999694824219
5512,180649984.0,0.0015093765687197447,2.671893358230591,1.0799999237060547,1.3199999332427979,0.14305156469345093,79.79999542236328
5513,180682752.0,0.0020425207912921906,2.4305782318115234,1.4499999284744263,1.0799999237060547,0.15138036012649536,81.19999694824219
5514,180715520.0,0.0013210122706368566,3.058026075363159,1.1299999952316284,1.4499999284744263,0.14270305633544922,87.79999542236328
5515,180748288.0,0.000741674448363483,2.704868793487549,1.1399999856948853,1.1299999952316284,0.13152356445789337,84.4000015258789
5516,180781056.0,0.00130081782117486,2.7566471099853516,1.0099999904632568,1.1399999856948853,0.12589776515960693,87.5999984741211
5517,180813824.0,0.0016741666477173567,2.8374745845794678,1.4299999475479126,1.0099999904632568,0.13795258104801178,88.5999984741211
5518,180846592.0,0.0010112428572028875,3.0175037384033203,1.459999918937683,1.4299999475479126,0.12234453856945038,89.19999694824219
5519,180879360.0,0.0015810368349775672,2.91058087348938,0.75,1.459999918937683,0.14823001623153687,93.19999694824219
5520,180912128.0,0.0020762942731380463,2.660515785217285,1.100000023841858,0.75,0.1346372663974762,82.4000015258789
5521,180944896.0,0.0013935554306954145,2.964371919631958,1.1799999475479126,1.100000023841858,0.13867539167404175,84.9000015258789
5522,180977664.0,0.0019696946255862713,2.5794224739074707,1.100000023841858,1.1799999475479126,0.1423465609550476,78.29999542236328
5523,181010432.0,0.004787232261151075,2.886960506439209,1.3600000143051147,1.100000023841858,0.1342361569404602,85.79999542236328
5524,181043200.0,0.0012585148215293884,2.8793675899505615,1.0299999713897705,1.3600000143051147,0.12519237399101257,83.29999542236328
5525,181075968.0,0.0016315716784447432,2.8431620597839355,1.25,1.0299999713897705,0.14190375804901123,87.69999694824219
5526,181108736.0,0.0020108455792069435,2.4917657375335693,0.8899999856948853,1.25,0.13727928698062897,95.79999542236328
5527,181141504.0,0.0017484325217083097,3.053088903427124,1.2899999618530273,0.8899999856948853,0.13515324890613556,103.19999694824219
5528,181174272.0,0.0018610430415719748,2.3810360431671143,0.7099999785423279,1.2899999618530273,0.1485472321510315,98.9000015258789
5529,181207040.0,0.0016683359863236547,2.8180081844329834,1.6200000047683716,0.7099999785423279,0.13391706347465515,97.4000015258789
5530,181239808.0,0.0010533842723816633,3.058725595474243,1.3700000047683716,1.6200000047683716,0.13314034044742584,98.5
5531,181272576.0,0.0007804897613823414,2.783958673477173,1.209999918937683,1.3700000047683716,0.11970745772123337,88.4000015258789
5532,181305344.0,0.0013607987202703953,3.0101020336151123,0.5999999642372131,1.209999918937683,0.15312409400939941,91.19999694824219
5533,181338112.0,0.0009343258570879698,2.7350268363952637,0.949999988079071,0.5999999642372131,0.13833695650100708,86.4000015258789
5534,181370880.0,0.0016667402815073729,2.8923327922821045,1.3299999237060547,0.949999988079071,0.1331641972064972,87.9000015258789
5535,181403648.0,0.001714835874736309,3.029160261154175,0.6100000143051147,1.3299999237060547,0.1279737800359726,87.69999694824219
5536,181436416.0,0.0020148865878582,2.1527976989746094,0.6599999666213989,0.6100000143051147,0.11870653927326202,80.4000015258789
5537,181469184.0,0.0013527523260563612,3.2410268783569336,0.4399999976158142,0.6599999666213989,0.1169673502445221,82.4000015258789
5538,181501952.0,0.0014591190265491605,2.4339592456817627,0.7999999523162842,0.4399999976158142,0.12623904645442963,91.5999984741211
5539,181534720.0,0.0010370693635195494,2.9641430377960205,0.8700000047683716,0.7999999523162842,0.13802973926067352,94.0999984741211
5540,181567488.0,0.0018693706952035427,2.9695839881896973,0.8299999833106995,0.8700000047683716,0.1502572000026703,94.5999984741211
5541,181600256.0,0.0017193341627717018,2.6565630435943604,0.07999999821186066,0.8299999833106995,0.12836326658725739,94.5999984741211
5542,181633024.0,0.0015482793096452951,2.6347298622131348,0.5099999904632568,0.07999999821186066,0.13411936163902283,92.0999984741211
5543,181665792.0,0.002195121720433235,2.9419400691986084,0.5,0.5099999904632568,0.13784749805927277,94.5999984741211
5544,181698560.0,0.0016725650057196617,2.85681414604187,0.5099999904632568,0.5,0.12020599842071533,92.5999984741211
5545,181731328.0,0.0007452499121427536,2.6982526779174805,0.9099999666213989,0.5099999904632568,0.1254434585571289,92.5999984741211
5546,181764096.0,0.0010998278157785535,3.0062248706817627,1.149999976158142,0.9099999666213989,0.13374024629592896,88.9000015258789
5547,181796864.0,0.001148739131167531,2.6362855434417725,1.2200000286102295,1.149999976158142,0.12548160552978516,85.9000015258789
5548,181829632.0,0.0019067259272560477,2.8437986373901367,1.159999966621399,1.2200000286102295,0.12505775690078735,88.0999984741211
5549,181862400.0,0.0020746574737131596,3.1047768592834473,1.1899999380111694,1.159999966621399,0.1448911726474762,87.9000015258789
5550,181895168.0,0.0011520842090249062,2.3558273315429688,1.25,1.1899999380111694,0.13724078238010406,95.5999984741211
5551,181927936.0,0.0010994027834385633,3.2787721157073975,1.1200000047683716,1.25,0.1127418801188469,92.5999984741211
5552,181960704.0,0.0007703012088313699,2.573086977005005,1.1200000047683716,1.1200000047683716,0.11460842192173004,91.0999984741211
5553,181993472.0,0.001982425106689334,2.6396758556365967,1.1200000047683716,1.1200000047683716,0.11681506037712097,95.0999984741211
5554,182026240.0,0.0014437385834753513,2.42284893989563,1.4800000190734863,1.1200000047683716,0.13541939854621887,94.9000015258789
5555,182059008.0,0.0014082924462854862,2.757817506790161,1.4800000190734863,1.4800000190734863,0.14603354036808014,96.69999694824219
5556,182091776.0,0.0012533366680145264,2.676516532897949,1.7699999809265137,1.4800000190734863,0.1366274058818817,96.79999542236328
5557,182124544.0,0.0017822443041950464,2.4498796463012695,2.1499998569488525,1.7699999809265137,0.13657455146312714,98.69999694824219
5558,182157312.0,0.001541320700198412,2.6937360763549805,1.5,2.1499998569488525,0.11670725047588348,101.19999694824219
5559,182190080.0,0.0019511879654601216,2.8656866550445557,1.1299999952316284,1.5,0.13371533155441284,94.19999694824219
5560,182222848.0,0.0016546843107789755,2.433027744293213,1.209999918937683,1.1299999952316284,0.13143382966518402,89.0
5561,182255616.0,0.0017582913860678673,2.710338592529297,1.1299999952316284,1.209999918937683,0.1404600739479065,89.0
5562,182288384.0,0.0015190995763987303,2.684242010116577,0.85999995470047,1.1299999952316284,0.12104450911283493,91.5
5563,182321152.0,0.0010468666441738605,3.045912981033325,0.85999995470047,0.85999995470047,0.11180289089679718,92.5
5564,182353920.0,0.0014125322923064232,2.7818806171417236,0.8399999737739563,0.85999995470047,0.13028712570667267,91.5
5565,182386688.0,0.0011067104060202837,3.1913039684295654,0.7899999618530273,0.8399999737739563,0.11859247833490372,93.19999694824219
5566,182419456.0,0.0013556655030697584,3.247877359390259,0.7899999618530273,0.7899999618530273,0.13730990886688232,90.69999694824219
5567,182452224.0,0.0011849513975903392,2.7606825828552246,0.75,0.7899999618530273,0.12674129009246826,90.79999542236328
5568,182484992.0,0.0020413915626704693,2.707759141921997,0.8499999642372131,0.75,0.11506660282611847,90.79999542236328
5569,182517760.0,0.0008305166848003864,2.6658010482788086,0.8299999833106995,0.8499999642372131,0.1296299695968628,90.79999542236328
5570,182550528.0,0.0009190269047394395,2.728825092315674,0.5699999928474426,0.8299999833106995,0.1272900402545929,90.79999542236328
5571,182583296.0,0.0012322200927883387,2.657650947570801,0.9300000071525574,0.5699999928474426,0.13033658266067505,96.0999984741211
5572,182616064.0,0.002485498785972595,2.837271213531494,0.699999988079071,0.9300000071525574,0.13594815135002136,91.0999984741211
5573,182648832.0,0.0016037975437939167,3.1232213973999023,1.3299999237060547,0.699999988079071,0.13034121692180634,96.0
5574,182681600.0,0.0024905214086174965,2.87888765335083,1.059999942779541,1.3299999237060547,0.1487194001674652,91.0999984741211
5575,182714368.0,0.00197743927128613,2.65921688079834,1.399999976158142,1.059999942779541,0.15146946907043457,91.79999542236328
5576,182747136.0,0.00176628353074193,2.9671623706817627,1.3799999952316284,1.399999976158142,0.13964179158210754,96.19999694824219
5577,182779904.0,0.0034762725699692965,2.7586519718170166,1.399999976158142,1.3799999952316284,0.1382659375667572,91.79999542236328
5578,182812672.0,0.0030302025843411684,3.2716052532196045,1.309999942779541,1.399999976158142,0.11308211833238602,93.69999694824219
5579,182845440.0,0.0016220076940953732,3.004093647003174,1.2799999713897705,1.309999942779541,0.12384019792079926,93.69999694824219
5580,182878208.0,0.0010347442002967,2.868000030517578,1.4299999475479126,1.2799999713897705,0.14878082275390625,91.79999542236328
5581,182910976.0,0.001727167284116149,2.728431224822998,1.659999966621399,1.4299999475479126,0.13610625267028809,88.79999542236328
5582,182943744.0,0.0012368627358227968,2.8476953506469727,1.7400000095367432,1.659999966621399,0.1352655291557312,90.69999694824219
5583,182976512.0,0.0014939438551664352,2.966463327407837,1.3700000047683716,1.7400000095367432,0.12825411558151245,90.69999694824219
5584,183009280.0,0.0023432772140949965,3.14699125289917,1.7599999904632568,1.3700000047683716,0.13475188612937927,93.69999694824219
5585,183042048.0,0.0009360451949760318,2.9943079948425293,1.71999990940094,1.7599999904632568,0.13796649873256683,90.69999694824219
5586,183074816.0,0.0017624092288315296,2.6305625438690186,1.75,1.71999990940094,0.13563542068004608,90.69999694824219
5587,183107584.0,0.0019548407290130854,2.2610907554626465,1.3600000143051147,1.75,0.14599668979644775,90.69999694824219
5588,183140352.0,0.001630478072911501,2.8283064365386963,1.3399999141693115,1.3600000143051147,0.14958001673221588,90.69999694824219
5589,183173120.0,0.002668405184522271,3.0007050037384033,1.100000023841858,1.3399999141693115,0.12677747011184692,85.69999694824219
5590,183205888.0,0.0011858578072860837,2.4669289588928223,1.059999942779541,1.100000023841858,0.14268581569194794,90.0999984741211
5591,183238656.0,0.0012719191145151854,2.9604508876800537,0.949999988079071,1.059999942779541,0.1448977291584015,84.0
5592,183271424.0,0.002133553847670555,3.0510294437408447,1.1999999284744263,0.949999988079071,0.14380428194999695,92.0999984741211
5593,183304192.0,0.0017166355391964316,2.840338706970215,1.0499999523162842,1.1999999284744263,0.1419200301170349,91.29999542236328
5594,183336960.0,0.0023386592511087656,2.7340993881225586,1.5899999141693115,1.0499999523162842,0.15339359641075134,84.79999542236328
5595,183369728.0,0.002204310614615679,3.0813794136047363,1.2599999904632568,1.5899999141693115,0.13596834242343903,89.69999694824219
5596,183402496.0,0.0014088439056649804,2.876807689666748,1.25,1.2599999904632568,0.13141542673110962,93.4000015258789
5597,183435264.0,0.0011202938621863723,3.038384437561035,1.1200000047683716,1.25,0.11510320007801056,93.4000015258789
5598,183468032.0,0.0017953590722754598,2.220052719116211,1.25,1.1200000047683716,0.13644886016845703,95.5
5599,183500800.0,0.0014448980800807476,3.018644094467163,1.2200000286102295,1.25,0.1148865818977356,95.9000015258789
5600,183533568.0,0.0014716957230120897,2.58721661567688,0.9099999666213989,1.2200000286102295,0.11686725169420242,95.9000015258789
5601,183566336.0,0.0009537292644381523,2.7387850284576416,1.1299999952316284,0.9099999666213989,0.1312463879585266,99.5
5602,183599104.0,0.0012043339665979147,2.7484710216522217,1.2300000190734863,1.1299999952316284,0.13200095295906067,98.0999984741211
5603,183631872.0,0.002984404331073165,3.1728312969207764,1.4499999284744263,1.2300000190734863,0.1484985500574112,100.0
5604,183664640.0,0.0014952461933717132,3.0567779541015625,1.100000023841858,1.4499999284744263,0.1390461027622223,100.0
5605,183697408.0,0.002129659987986088,2.868630886077881,1.2999999523162842,1.100000023841858,0.131850928068161,91.9000015258789
5606,183730176.0,0.0009943492477759719,2.6909167766571045,1.1299999952316284,1.2999999523162842,0.13711987435817719,100.4000015258789
5607,183762944.0,0.0009960527531802654,2.5794034004211426,1.1399999856948853,1.1299999952316284,0.14117442071437836,91.9000015258789
5608,183795712.0,0.001183852320536971,2.536586046218872,0.7299999594688416,1.1399999856948853,0.15269647538661957,96.9000015258789
5609,183828480.0,0.001497349701821804,2.5516390800476074,0.7400000095367432,0.7299999594688416,0.13317033648490906,92.4000015258789
5610,183861248.0,0.0014504697173833847,2.3158082962036133,0.7599999904632568,0.7400000095367432,0.11697384715080261,99.0
5611,183894016.0,0.0016735615208745003,2.410898208618164,0.7999999523162842,0.7599999904632568,0.146330326795578,94.9000015258789
5612,183926784.0,0.0020166458562016487,2.4906089305877686,1.4199999570846558,0.7999999523162842,0.12344566732645035,96.9000015258789
5613,183959552.0,0.0035740165039896965,2.5478873252868652,1.399999976158142,1.4199999570846558,0.1462734341621399,105.5
5614,183992320.0,0.0010991741437464952,2.5461673736572266,1.399999976158142,1.399999976158142,0.1288418024778366,99.19999694824219
5615,184025088.0,0.0012494050897657871,2.8103549480438232,1.4900000095367432,1.399999976158142,0.13646818697452545,98.0999984741211
5616,184057856.0,0.001220088917762041,2.99646258354187,1.5199999809265137,1.4900000095367432,0.13379710912704468,98.5999984741211
5617,184090624.0,0.001728486968204379,2.715411901473999,1.4399999380111694,1.5199999809265137,0.12682151794433594,98.0
5618,184123392.0,0.002026184229180217,2.772836208343506,1.6100000143051147,1.4399999380111694,0.1457684338092804,99.5
5619,184156160.0,0.0015332666225731373,2.6898863315582275,1.3299999237060547,1.6100000143051147,0.11766378581523895,99.0
5620,184188928.0,0.0012562654446810484,2.715667486190796,1.2999999523162842,1.3299999237060547,0.12420663982629776,98.0
5621,184221696.0,0.0011666954960674047,2.5312864780426025,1.1799999475479126,1.2999999523162842,0.12747785449028015,99.0
5622,184254464.0,0.0018400812987238169,2.3529446125030518,0.7799999713897705,1.1799999475479126,0.14367665350437164,96.5
5623,184287232.0,0.0010587250581011176,2.7056615352630615,0.4899999797344208,0.7799999713897705,0.13194377720355988,91.0
5624,184320000.0,0.0021230392158031464,2.995842933654785,0.08999999612569809,0.4899999797344208,0.1335398256778717,87.4000015258789
5625,184352768.0,0.0009023601887747645,2.8950417041778564,0.09999999403953552,0.08999999612569809,0.12754285335540771,84.0
5626,184385536.0,0.0011641941964626312,2.4150242805480957,0.03999999910593033,0.09999999403953552,0.1413465440273285,90.0
5627,184418304.0,0.0012647914700210094,2.729053258895874,0.8299999833106995,0.03999999910593033,0.12627097964286804,88.5
5628,184451072.0,0.0014931270852684975,2.554989814758301,0.5099999904632568,0.8299999833106995,0.1426982581615448,95.0
5629,184483840.0,0.0009700054652057588,3.5283877849578857,0.17999999225139618,0.5099999904632568,0.12351731956005096,93.29999542236328
5630,184516608.0,0.001038393471390009,2.6882388591766357,0.2199999988079071,0.17999999225139618,0.14228978753089905,83.9000015258789
5631,184549376.0,0.0011814626632258296,2.3734207153320312,0.5299999713897705,0.2199999988079071,0.1430535763502121,94.19999694824219
5632,184582144.0,0.0010723129380494356,3.1316134929656982,0.17999999225139618,0.5299999713897705,0.12774959206581116,93.0
5633,184614912.0,0.0015302756801247597,2.923394203186035,0.14000000059604645,0.17999999225139618,0.12993358075618744,90.19999694824219
5634,184647680.0,0.002078377641737461,3.2029802799224854,0.14000000059604645,0.14000000059604645,0.1438136100769043,86.9000015258789
5635,184680448.0,0.0014418670907616615,2.6584300994873047,0.14000000059604645,0.14000000059604645,0.1479298174381256,86.9000015258789
5636,184713216.0,0.0014756295131519437,2.726180076599121,0.12999999523162842,0.14000000059604645,0.1424950659275055,86.9000015258789
5637,184745984.0,0.0011441274546086788,2.744762420654297,0.10999999940395355,0.12999999523162842,0.1230294406414032,83.0
5638,184778752.0,0.0012672953307628632,2.4939799308776855,0.44999998807907104,0.10999999940395355,0.13666146993637085,84.19999694824219
5639,184811520.0,0.0009539596503600478,3.047196388244629,0.05999999865889549,0.44999998807907104,0.11462533473968506,90.0
5640,184844288.0,0.0014580917777493596,2.951645612716675,0.11999999731779099,0.05999999865889549,0.13447466492652893,82.9000015258789
5641,184877056.0,0.0017298470484092832,2.511770725250244,0.14000000059604645,0.11999999731779099,0.14212249219417572,81.5
5642,184909824.0,0.0013176121283322573,2.583967685699463,0.4399999976158142,0.14000000059604645,0.13628122210502625,86.79999542236328
5643,184942592.0,0.0017770490376278758,2.6944468021392822,0.44999998807907104,0.4399999976158142,0.13750141859054565,91.29999542236328
5644,184975360.0,0.001339812995865941,2.5567166805267334,0.7299999594688416,0.44999998807907104,0.16332828998565674,85.19999694824219
5645,185008128.0,0.0008251032559201121,2.8776416778564453,0.38999998569488525,0.7299999594688416,0.12581588327884674,95.4000015258789
5646,185040896.0,0.001124979229643941,2.9362077713012695,0.6800000071525574,0.38999998569488525,0.1385219693183899,93.19999694824219
5647,185073664.0,0.00216779881156981,3.045687198638916,0.6299999952316284,0.6800000071525574,0.13599419593811035,96.9000015258789
5648,185106432.0,0.0013912306167185307,2.7144322395324707,0.949999988079071,0.6299999952316284,0.1341927945613861,95.5999984741211
5649,185139200.0,0.0011283226776868105,2.6524252891540527,0.9599999785423279,0.949999988079071,0.13367173075675964,88.0
5650,185171968.0,0.002173330169171095,2.3127546310424805,1.2999999523162842,0.9599999785423279,0.1367691159248352,96.9000015258789
5651,185204736.0,0.0016323969466611743,2.7554686069488525,1.3899999856948853,1.2999999523162842,0.1317560225725174,94.4000015258789
5652,185237504.0,0.002441682619974017,2.550173759460449,1.0099999904632568,1.3899999856948853,0.13714222609996796,99.69999694824219
5653,185270272.0,0.0013022890780121088,2.695927381515503,1.459999918937683,1.0099999904632568,0.12517213821411133,87.19999694824219
5654,185303040.0,0.001491686562076211,2.91489315032959,0.8499999642372131,1.459999918937683,0.11705531179904938,91.69999694824219
5655,185335808.0,0.0012159710749983788,2.7208900451660156,0.7699999809265137,0.8499999642372131,0.13213413953781128,85.69999694824219
5656,185368576.0,0.0013599172234535217,2.775285243988037,1.2400000095367432,0.7699999809265137,0.13656988739967346,81.0999984741211
5657,185401344.0,0.0016002871561795473,2.499345302581787,0.7599999904632568,1.2400000095367432,0.140890970826149,90.5999984741211
5658,185434112.0,0.001789457630366087,2.3836658000946045,0.8100000023841858,0.7599999904632568,0.13728386163711548,87.0999984741211
5659,185466880.0,0.004130690358579159,3.1175458431243896,0.7099999785423279,0.8100000023841858,0.12791034579277039,87.0
5660,185499648.0,0.001161877647973597,2.8770792484283447,0.6599999666213989,0.7099999785423279,0.15746265649795532,82.79999542236328
5661,185532416.0,0.0018676640465855598,2.8593266010284424,0.32999998331069946,0.6599999666213989,0.1360478401184082,81.0999984741211
5662,185565184.0,0.0014927522279322147,2.683570146560669,0.9599999785423279,0.32999998331069946,0.1197425052523613,77.5999984741211
5663,185597952.0,0.000851533142849803,2.942854642868042,0.9699999690055847,0.9599999785423279,0.1195201724767685,85.0999984741211
5664,185630720.0,0.001307931262999773,2.066298484802246,0.8299999833106995,0.9699999690055847,0.14379768073558807,93.0999984741211
5665,185663488.0,0.0014699778985232115,2.1872222423553467,0.550000011920929,0.8299999833106995,0.1527199149131775,95.5999984741211
5666,185696256.0,0.0015018529957160354,2.7560038566589355,0.5999999642372131,0.550000011920929,0.12969814240932465,87.5999984741211
5667,185729024.0,0.001110908342525363,2.8871712684631348,0.6399999856948853,0.5999999642372131,0.13963432610034943,92.0999984741211
5668,185761792.0,0.002011779462918639,2.4520466327667236,0.5199999809265137,0.6399999856948853,0.15509198606014252,85.5
5669,185794560.0,0.001308182254433632,2.967480182647705,0.26999998092651367,0.5199999809265137,0.12620706856250763,93.5999984741211
5670,185827328.0,0.0008923705318011343,2.538236141204834,0.23999999463558197,0.26999998092651367,0.11287324130535126,92.9000015258789
5671,185860096.0,0.0018152421107515693,2.5205187797546387,0.17999999225139618,0.23999999463558197,0.12976506352424622,96.9000015258789
5672,185892864.0,0.0014805772807449102,2.417180299758911,0.8499999642372131,0.17999999225139618,0.13386866450309753,93.5
5673,185925632.0,0.0022566942498087883,2.3034510612487793,0.8999999761581421,0.8499999642372131,0.14407020807266235,79.0
5674,185958400.0,0.0008845390402711928,2.6629154682159424,1.0499999523162842,0.8999999761581421,0.13124103844165802,90.5999984741211
5675,185991168.0,0.0018204369116574526,2.5778939723968506,0.699999988079071,1.0499999523162842,0.13132444024085999,90.0
5676,186023936.0,0.00175697251688689,2.564944267272949,0.6299999952316284,0.699999988079071,0.14231273531913757,82.5
5677,186056704.0,0.0008835471817292273,2.898966073989868,0.6200000047683716,0.6299999952316284,0.1451670229434967,81.4000015258789
5678,186089472.0,0.0018010727362707257,2.895707845687866,0.29999998211860657,0.6200000047683716,0.1449214667081833,73.5
5679,186122240.0,0.0007884829537943006,2.973728656768799,0.6499999761581421,0.29999998211860657,0.13184653222560883,82.0
5680,186155008.0,0.0013283934677019715,2.6698036193847656,0.28999999165534973,0.6499999761581421,0.13353769481182098,71.79999542236328
5681,186187776.0,0.0013052865397185087,2.3466670513153076,0.23999999463558197,0.28999999165534973,0.14439553022384644,76.5999984741211
5682,186220544.0,0.0012875080574303865,2.509845733642578,0.35999998450279236,0.23999999463558197,0.1491113305091858,71.19999694824219
5683,186253312.0,0.0008965703891590238,2.981912851333618,0.32999998331069946,0.35999998450279236,0.13967515528202057,74.69999694824219
5684,186286080.0,0.0015905979089438915,2.889573335647583,-0.07999999821186066,0.32999998331069946,0.1492263525724411,71.9000015258789
5685,186318848.0,0.0023635069373995066,2.610687255859375,-0.4699999988079071,-0.07999999821186066,0.14105108380317688,77.5999984741211
5686,186351616.0,0.001409698510542512,2.600937843322754,-0.17999999225139618,-0.4699999988079071,0.13032975792884827,77.5999984741211
5687,186384384.0,0.0009441996226087213,2.6106886863708496,-0.5999999642372131,-0.17999999225139618,0.13522715866565704,75.69999694824219
5688,186417152.0,0.0014881081879138947,2.6369879245758057,-0.41999998688697815,-0.5999999642372131,0.13416141271591187,77.19999694824219
5689,186449920.0,0.0017797714099287987,2.6714224815368652,-0.23999999463558197,-0.41999998688697815,0.15004342794418335,75.19999694824219
5690,186482688.0,0.0013913182774558663,2.687976121902466,-0.04999999701976776,-0.23999999463558197,0.13813264667987823,74.0999984741211
5691,186515456.0,0.0018368393648415804,2.8435420989990234,-0.3100000023841858,-0.04999999701976776,0.11950281262397766,76.79999542236328
5692,186548224.0,0.0006872438825666904,2.84332275390625,-0.28999999165534973,-0.3100000023841858,0.11144247651100159,72.5999984741211
5693,186580992.0,0.0022329336497932673,2.833388566970825,-0.09999999403953552,-0.28999999165534973,0.13847732543945312,74.0999984741211
5694,186613760.0,0.0022341194562613964,3.0883965492248535,0.19999998807907104,-0.09999999403953552,0.118764728307724,80.0
5695,186646528.0,0.001059164060279727,2.8670730590820312,-0.12999999523162842,0.19999998807907104,0.13349565863609314,70.5
5696,186679296.0,0.0012805169681087136,2.6300764083862305,-0.1899999976158142,-0.12999999523162842,0.13970699906349182,71.5
5697,186712064.0,0.0011968035250902176,2.613976240158081,-0.44999998807907104,-0.1899999976158142,0.1368340104818344,66.5
5698,186744832.0,0.0022182962857186794,2.6324243545532227,-0.4599999785423279,-0.44999998807907104,0.1296047419309616,57.099998474121094
5699,186777600.0,0.0012853892985731363,2.76920223236084,-0.41999998688697815,-0.4599999785423279,0.13036364316940308,64.19999694824219
5700,186810368.0,0.0007210312760435045,2.684284210205078,-0.8100000023841858,-0.41999998688697815,0.13055682182312012,80.19999694824219
5701,186843136.0,0.0019304503221064806,2.7085678577423096,-0.4599999785423279,-0.8100000023841858,0.1698562353849411,77.29999542236328
5702,186875904.0,0.0015311234164983034,2.548510789871216,0.04999999701976776,-0.4599999785423279,0.12322139739990234,84.29999542236328
5703,186908672.0,0.002395989838987589,2.5186305046081543,-0.11999999731779099,0.04999999701976776,0.14597655832767487,82.0999984741211
5704,186941440.0,0.001396411331370473,2.7208847999572754,-0.47999998927116394,-0.11999999731779099,0.14691422879695892,83.4000015258789
5705,186974208.0,0.0013127882266417146,2.907803773880005,-0.4599999785423279,-0.47999998927116394,0.14637213945388794,69.79999542236328
5706,187006976.0,0.001433654921129346,2.8089332580566406,-0.4399999976158142,-0.4599999785423279,0.13818415999412537,79.0999984741211
5707,187039744.0,0.0007650232291780412,2.4561474323272705,-0.7999999523162842,-0.4399999976158142,0.11764520406723022,70.9000015258789
5708,187072512.0,0.0014519784599542618,2.313204050064087,-0.4099999964237213,-0.7999999523162842,0.15786254405975342,51.599998474121094
5709,187105280.0,0.0011431958992034197,2.500978946685791,-0.44999998807907104,-0.4099999964237213,0.15450209379196167,67.69999694824219
5710,187138048.0,0.0007261721766553819,2.739898681640625,-0.3199999928474426,-0.44999998807907104,0.13013526797294617,75.19999694824219
5711,187170816.0,0.0009829814080148935,2.627563238143921,-0.28999999165534973,-0.3199999928474426,0.1429157257080078,51.19999694824219
5712,187203584.0,0.0016935878666117787,2.9812965393066406,-0.3100000023841858,-0.28999999165534973,0.1444093883037567,59.0
5713,187236352.0,0.0010787819046527147,2.55574631690979,-0.29999998211860657,-0.3100000023841858,0.1432752013206482,54.5
5714,187269120.0,0.0011604463215917349,2.32096529006958,-0.5999999642372131,-0.29999998211860657,0.134135439991951,67.0
5715,187301888.0,0.0013875745935365558,2.9669272899627686,-0.550000011920929,-0.5999999642372131,0.13221943378448486,48.39999771118164
5716,187334656.0,0.00232367729768157,2.8386266231536865,-0.5600000023841858,-0.550000011920929,0.12931714951992035,54.79999923706055
5717,187367424.0,0.0018205201486125588,2.467684507369995,-0.5199999809265137,-0.5600000023841858,0.14563101530075073,69.69999694824219
5718,187400192.0,0.002549239434301853,2.8169796466827393,-0.2800000011920929,-0.5199999809265137,0.11865915358066559,69.69999694824219
5719,187432960.0,0.0012966787908226252,2.492023468017578,-0.3499999940395355,-0.2800000011920929,0.13138031959533691,70.69999694824219
5720,187465728.0,0.001393676269799471,2.6130762100219727,-0.35999998450279236,-0.3499999940395355,0.13191881775856018,70.0999984741211
5721,187498496.0,0.0016590089071542025,2.836575984954834,0.3400000035762787,-0.35999998450279236,0.13504038751125336,49.39999771118164
5722,187531264.0,0.0006733153131790459,2.696314811706543,0.14000000059604645,0.3400000035762787,0.11857326328754425,49.099998474121094
5723,187564032.0,0.0013995481422170997,2.8223166465759277,-0.10999999940395355,0.14000000059604645,0.12693318724632263,53.79999923706055
5724,187596800.0,0.0015911117661744356,3.330615997314453,0.019999999552965164,-0.10999999940395355,0.12376423925161362,50.099998474121094
5725,187629568.0,0.0017441748641431332,2.836111545562744,0.4399999976158142,0.019999999552965164,0.13260459899902344,61.5
5726,187662336.0,0.002084527164697647,2.847174644470215,0.7599999904632568,0.4399999976158142,0.1493874043226242,82.19999694824219
5727,187695104.0,0.0011398494243621826,2.703148365020752,1.2400000095367432,0.7599999904632568,0.12308153510093689,73.5999984741211
5728,187727872.0,0.0015871610958129168,2.585001230239868,1.1999999284744263,1.2400000095367432,0.12650075554847717,69.9000015258789
5729,187760640.0,0.000750439940020442,2.7363524436950684,0.38999998569488525,1.1999999284744263,0.10887715220451355,71.5
5730,187793408.0,0.000950538320466876,2.7150776386260986,0.4599999785423279,0.38999998569488525,0.13064610958099365,73.4000015258789
5731,187826176.0,0.002550102537497878,2.2380356788635254,1.1100000143051147,0.4599999785423279,0.13701435923576355,75.4000015258789
5732,187858944.0,0.0018402922432869673,3.0801265239715576,0.5199999809265137,1.1100000143051147,0.13896244764328003,77.5
5733,187891712.0,0.0016940465429797769,2.369612216949463,0.949999988079071,0.5199999809265137,0.11230313032865524,68.5
5734,187924480.0,0.0020188724156469107,2.51851487159729,1.2200000286102295,0.949999988079071,0.1453326791524887,71.79999542236328
5735,187957248.0,0.0021580143366008997,3.0077457427978516,1.0199999809265137,1.2200000286102295,0.13647232949733734,61.099998474121094
5736,187990016.0,0.001659531146287918,2.4409539699554443,1.2400000095367432,1.0199999809265137,0.12778833508491516,60.89999771118164
5737,188022784.0,0.0019366862252354622,2.4901952743530273,1.1699999570846558,1.2400000095367432,0.13925614953041077,61.69999694824219
5738,188055552.0,0.0011362095829099417,2.3604824542999268,0.9099999666213989,1.1699999570846558,0.12906551361083984,62.19999694824219
5739,188088320.0,0.0012509487569332123,2.5654778480529785,0.9300000071525574,0.9099999666213989,0.12999317049980164,64.0999984741211
5740,188121088.0,0.001482311636209488,2.8508284091949463,1.1299999952316284,0.9300000071525574,0.12821856141090393,59.5
5741,188153856.0,0.0012389915063977242,2.6395559310913086,1.159999966621399,1.1299999952316284,0.14742635190486908,65.0999984741211
5742,188186624.0,0.0011970638297498226,2.532902479171753,1.0699999332427979,1.159999966621399,0.13036151230335236,69.5999984741211
5743,188219392.0,0.0010391401592642069,2.193406343460083,0.85999995470047,1.0699999332427979,0.12541821599006653,69.5999984741211
5744,188252160.0,0.0016083165537565947,2.6541998386383057,0.6499999761581421,0.85999995470047,0.1308744102716446,70.4000015258789
5745,188284928.0,0.0008066544542089105,2.7707605361938477,0.949999988079071,0.6499999761581421,0.11905473470687866,70.5999984741211
5746,188317696.0,0.0016687993193045259,2.745488166809082,0.5999999642372131,0.949999988079071,0.11311066150665283,72.69999694824219
5747,188350464.0,0.0015484594041481614,2.978839635848999,0.6599999666213989,0.5999999642372131,0.12683260440826416,74.0
5748,188383232.0,0.0017276464495807886,2.874875545501709,0.5099999904632568,0.6599999666213989,0.1300317645072937,75.0
5749,188416000.0,0.001222450751811266,2.8694958686828613,0.5199999809265137,0.5099999904632568,0.1340833306312561,70.0
5750,188448768.0,0.002005921211093664,2.67639422416687,1.0699999332427979,0.5199999809265137,0.13947519659996033,68.69999694824219
5751,188481536.0,0.0023535448126494884,2.2847259044647217,1.0099999904632568,1.0699999332427979,0.1483355164527893,66.5999984741211
5752,188514304.0,0.0015121554024517536,2.5802032947540283,0.7799999713897705,1.0099999904632568,0.12962248921394348,67.5999984741211
5753,188547072.0,0.0008302903734147549,2.814199686050415,1.1200000047683716,0.7799999713897705,0.126434326171875,75.0999984741211
5754,188579840.0,0.0017028384609147906,2.6374218463897705,1.1100000143051147,1.1200000047683716,0.13581180572509766,69.5999984741211
5755,188612608.0,0.0012603206560015678,2.6971237659454346,0.5699999928474426,1.1100000143051147,0.15154008567333221,70.0999984741211
5756,188645376.0,0.0018016776302829385,2.689218759536743,1.2300000190734863,0.5699999928474426,0.13320812582969666,64.0
5757,188678144.0,0.0011865992564707994,2.896486759185791,1.1699999570846558,1.2300000190734863,0.14324869215488434,71.0999984741211
5758,188710912.0,0.0016197829972952604,2.9246978759765625,1.399999976158142,1.1699999570846558,0.12439778447151184,70.0999984741211
5759,188743680.0,0.0021457623224705458,2.6523611545562744,0.949999988079071,1.399999976158142,0.11869463324546814,66.79999542236328
5760,188776448.0,0.0013281635474413633,3.0737380981445312,1.1100000143051147,0.949999988079071,0.12905769050121307,65.19999694824219
5761,188809216.0,0.0019528013654053211,2.5279529094696045,1.159999966621399,1.1100000143051147,0.1134406253695488,65.0999984741211
5762,188841984.0,0.0010276896646246314,2.1294631958007812,1.1999999284744263,1.159999966621399,0.14244386553764343,73.29999542236328
5763,188874752.0,0.0011428478173911572,3.137742519378662,1.2200000286102295,1.1999999284744263,0.13004222512245178,75.0999984741211
5764,188907520.0,0.0010363897308707237,2.729274034500122,0.7699999809265137,1.2200000286102295,0.1437603235244751,74.0999984741211
5765,188940288.0,0.0016022493364289403,2.715170383453369,0.7999999523162842,0.7699999809265137,0.12318592518568039,56.5
5766,188973056.0,0.001618971349671483,2.2866921424865723,1.0499999523162842,0.7999999523162842,0.12625916302204132,53.79999923706055
5767,189005824.0,0.0013349575456231833,2.8792436122894287,0.7799999713897705,1.0499999523162842,0.12558680772781372,62.39999771118164
5768,189038592.0,0.0019963274244219065,2.287691116333008,1.4399999380111694,0.7799999713897705,0.1354820430278778,61.89999771118164
5769,189071360.0,0.0021168191451579332,2.516897201538086,1.0199999809265137,1.4399999380111694,0.1261022835969925,64.9000015258789
5770,189104128.0,0.0018416466191411018,2.7743325233459473,1.0399999618530273,1.0199999809265137,0.13958130776882172,62.89999771118164
5771,189136896.0,0.0025748894549906254,2.6659984588623047,0.9599999785423279,1.0399999618530273,0.13775940239429474,65.0
5772,189169664.0,0.0018578439485281706,2.7146291732788086,0.4899999797344208,0.9599999785423279,0.12310592830181122,64.0
5773,189202432.0,0.0009426007745787501,2.7086377143859863,0.5999999642372131,0.4899999797344208,0.15018528699874878,58.89999771118164
5774,189235200.0,0.0011785454116761684,2.454977035522461,0.85999995470047,0.5999999642372131,0.12965646386146545,57.39999771118164
5775,189267968.0,0.0014084010617807508,2.767275333404541,0.8299999833106995,0.85999995470047,0.12415063381195068,63.89999771118164
5776,189300736.0,0.0013964291429147124,2.8714730739593506,0.85999995470047,0.8299999833106995,0.14484238624572754,66.79999542236328
5777,189333504.0,0.0014358989428728819,2.536548614501953,0.8899999856948853,0.85999995470047,0.13448478281497955,69.69999694824219
5778,189366272.0,0.0008544486481696367,2.79502534866333,0.4899999797344208,0.8899999856948853,0.12602820992469788,70.5999984741211
5779,189399040.0,0.0010834678541868925,2.5654337406158447,0.5,0.4899999797344208,0.12903708219528198,69.5999984741211
5780,189431808.0,0.0017054653726518154,2.6312551498413086,0.7199999690055847,0.5,0.12520313262939453,80.19999694824219
5781,189464576.0,0.0014043899718672037,2.9242982864379883,0.38999998569488525,0.7199999690055847,0.1372615247964859,65.19999694824219
5782,189497344.0,0.0013463699724525213,2.8069262504577637,0.09999999403953552,0.38999998569488525,0.12318019568920135,72.0999984741211
5783,189530112.0,0.001419456908479333,2.756218194961548,0.28999999165534973,0.09999999403953552,0.12884216010570526,70.79999542236328
5784,189562880.0,0.0015268849674612284,2.7831475734710693,0.6399999856948853,0.28999999165534973,0.14336493611335754,61.69999694824219
5785,189595648.0,0.001033045002259314,2.774109363555908,0.44999998807907104,0.6399999856948853,0.12109880149364471,71.0999984741211
5786,189628416.0,0.0014833681052550673,2.696755886077881,0.949999988079071,0.44999998807907104,0.13639302551746368,59.89999771118164
5787,189661184.0,0.0006831451901234686,2.9758412837982178,1.1799999475479126,0.949999988079071,0.12372763454914093,61.69999694824219
5788,189693952.0,0.001912059262394905,2.732733726501465,0.949999988079071,1.1799999475479126,0.13404306769371033,62.19999694824219
5789,189726720.0,0.0018912538653239608,2.956103563308716,0.6699999570846558,0.949999988079071,0.1335090547800064,66.69999694824219
5790,189759488.0,0.003910731058567762,2.8129143714904785,0.6699999570846558,0.6699999570846558,0.14572007954120636,65.69999694824219
5791,189792256.0,0.0016712755896151066,2.896496057510376,0.6699999570846558,0.6699999570846558,0.12595200538635254,65.69999694824219
5792,189825024.0,0.001801079255528748,2.8045525550842285,1.0399999618530273,0.6699999570846558,0.12731531262397766,69.0999984741211
5793,189857792.0,0.0013649193570017815,2.8400089740753174,0.75,1.0399999618530273,0.1273559033870697,78.5999984741211
5794,189890560.0,0.0019928261172026396,2.6853065490722656,0.8199999928474426,0.75,0.15723896026611328,61.79999923706055
5795,189923328.0,0.001051605329848826,2.1221389770507812,0.7299999594688416,0.8199999928474426,0.13772565126419067,53.099998474121094
5796,189956096.0,0.0013379482552409172,2.5948033332824707,0.7299999594688416,0.7299999594688416,0.13612550497055054,58.19999694824219
5797,189988864.0,0.0011885372223332524,3.236698627471924,0.8199999928474426,0.7299999594688416,0.11951489746570587,51.29999923706055
5798,190021632.0,0.0023691023234277964,2.6695845127105713,0.9899999499320984,0.8199999928474426,0.13916152715682983,55.5
5799,190054400.0,0.001922240830026567,2.6351053714752197,0.9399999976158142,0.9899999499320984,0.11930804699659348,52.89999771118164
5800,190087168.0,0.0014675292186439037,3.0436220169067383,0.9899999499320984,0.9399999976158142,0.12992742657661438,56.29999923706055
5801,190119936.0,0.0008982534636743367,3.1624391078948975,0.6699999570846558,0.9899999499320984,0.13040576875209808,60.0
5802,190152704.0,0.000805244839284569,2.776911497116089,0.4099999964237213,0.6699999570846558,0.10970364511013031,52.79999923706055
5803,190185472.0,0.001269038999453187,2.92557430267334,0.3999999761581421,0.4099999964237213,0.12341152876615524,59.69999694824219
5804,190218240.0,0.0013733281521126628,2.7126529216766357,0.5199999809265137,0.3999999761581421,0.1481492817401886,54.0
5805,190251008.0,0.0008597841951996088,3.0084400177001953,0.7400000095367432,0.5199999809265137,0.11380717158317566,59.69999694824219
5806,190283776.0,0.0016684895381331444,2.8860418796539307,0.6299999952316284,0.7400000095367432,0.14425063133239746,64.4000015258789
5807,190316544.0,0.0018839349504560232,2.7281394004821777,0.7299999594688416,0.6299999952316284,0.15459181368350983,66.29999542236328
5808,190349312.0,0.0012936046114191413,2.7214584350585938,0.75,0.7299999594688416,0.12160637974739075,77.29999542236328
5809,190382080.0,0.001815267140045762,2.6902060508728027,1.159999966621399,0.75,0.1254328340291977,69.0999984741211
5810,190414848.0,0.0012275923509150743,2.6523256301879883,0.6299999952316284,1.159999966621399,0.14092816412448883,80.5999984741211
5811,190447616.0,0.0011659212177619338,2.428622245788574,0.9599999785423279,0.6299999952316284,0.14241354167461395,90.0999984741211
5812,190480384.0,0.0017735830042511225,2.777338981628418,1.0399999618530273,0.9599999785423279,0.1393679678440094,86.19999694824219
5813,190513152.0,0.0017115226946771145,2.982837677001953,0.8499999642372131,1.0399999618530273,0.1305859535932541,86.9000015258789
5814,190545920.0,0.0017160229617729783,2.3161234855651855,0.8700000047683716,0.8499999642372131,0.1379433125257492,84.5999984741211
5815,190578688.0,0.0010415350552648306,2.8495452404022217,0.8999999761581421,0.8700000047683716,0.1162116527557373,65.69999694824219
5816,190611456.0,0.0013302306178957224,2.4287922382354736,0.699999988079071,0.8999999761581421,0.12875835597515106,69.79999542236328
5817,190644224.0,0.0015490385703742504,2.7882778644561768,0.7199999690055847,0.699999988079071,0.1284387707710266,71.69999694824219
5818,190676992.0,0.0010256599634885788,2.6715080738067627,0.7099999785423279,0.7199999690055847,0.11857159435749054,82.0999984741211
5819,190709760.0,0.001575451111420989,3.080827474594116,0.25,0.7099999785423279,0.16325679421424866,66.0
5820,190742528.0,0.00814795307815075,2.58187198638916,0.25999999046325684,0.25,0.13842789828777313,67.0999984741211
5821,190775296.0,0.0011473640333861113,2.7542340755462646,0.6299999952316284,0.25999999046325684,0.14084874093532562,67.0999984741211
5822,190808064.0,0.0014335924061015248,2.601292848587036,0.7400000095367432,0.6299999952316284,0.124108225107193,85.0
5823,190840832.0,0.0010996540077030659,2.369166135787964,0.7599999904632568,0.7400000095367432,0.11921791732311249,82.0
5824,190873600.0,0.0007590885506942868,2.7264413833618164,0.7299999594688416,0.7599999904632568,0.14316433668136597,96.0999984741211
5825,190906368.0,0.0015612752176821232,2.921600341796875,0.7199999690055847,0.7299999594688416,0.13861706852912903,91.0999984741211
5826,190939136.0,0.0012592657003551722,2.6879360675811768,0.35999998450279236,0.7199999690055847,0.15022419393062592,82.0
5827,190971904.0,0.0007933543529361486,2.8173720836639404,0.3700000047683716,0.35999998450279236,0.11435084789991379,79.29999542236328
5828,191004672.0,0.0010479907505214214,2.7934882640838623,0.5199999809265137,0.3700000047683716,0.15899813175201416,79.5
5829,191037440.0,0.001404783339239657,2.7486231327056885,0.0,0.5199999809265137,0.12830443680286407,73.5
5830,191070208.0,0.002606702037155628,2.890526533126831,0.0,0.0,0.1290585696697235,74.0
5831,191102976.0,0.001686199102550745,3.010188341140747,0.23999999463558197,0.0,0.13264018297195435,79.19999694824219
5832,191135744.0,0.0021575915161520243,2.841611862182617,0.6200000047683716,0.23999999463558197,0.14290989935398102,82.69999694824219
5833,191168512.0,0.0012524513294920325,2.7079124450683594,0.20999999344348907,0.6200000047683716,0.11303780972957611,81.19999694824219
5834,191201280.0,0.0010892438003793359,2.5908637046813965,0.5299999713897705,0.20999999344348907,0.13819754123687744,66.19999694824219
5835,191234048.0,0.0016331925289705396,2.915193557739258,0.5199999809265137,0.5299999713897705,0.1428646743297577,81.79999542236328
5836,191266816.0,0.001508616958744824,2.7400968074798584,0.4899999797344208,0.5199999809265137,0.13065731525421143,81.79999542236328
5837,191299584.0,0.0009669838473200798,2.497417688369751,0.4899999797344208,0.4899999797344208,0.13316260278224945,82.0
5838,191332352.0,0.001450098818168044,3.1278321743011475,0.5199999809265137,0.4899999797344208,0.13953199982643127,76.79999542236328
5839,191365120.0,0.0016158448997884989,2.8831992149353027,0.5,0.5199999809265137,0.1437034010887146,73.69999694824219
5840,191397888.0,0.0018730458104982972,2.5982630252838135,0.5399999618530273,0.5,0.1489497423171997,76.79999542236328
5841,191430656.0,0.001555419759824872,2.6687915325164795,0.5399999618530273,0.5399999618530273,0.14246955513954163,80.19999694824219
5842,191463424.0,0.002254713326692581,2.720724105834961,0.7099999785423279,0.5399999618530273,0.14104261994361877,85.0999984741211
5843,191496192.0,0.0007828917587175965,2.341036081314087,0.4099999964237213,0.7099999785423279,0.14432057738304138,85.79999542236328
5844,191528960.0,0.0022420682944357395,2.55916690826416,0.7299999594688416,0.4099999964237213,0.13928493857383728,85.79999542236328
5845,191561728.0,0.0015097414143383503,2.6590912342071533,0.7199999690055847,0.7299999594688416,0.12885166704654694,77.69999694824219
5846,191594496.0,0.001483797561377287,2.416067600250244,0.8399999737739563,0.7199999690055847,0.14697697758674622,86.9000015258789
5847,191627264.0,0.0014849212020635605,2.47951602935791,0.6499999761581421,0.8399999737739563,0.13542407751083374,90.9000015258789
5848,191660032.0,0.0006292724865488708,3.165886402130127,0.5199999809265137,0.6499999761581421,0.1302940547466278,90.4000015258789
5849,191692800.0,0.001632504165172577,3.2602360248565674,0.8499999642372131,0.5199999809265137,0.12640811502933502,81.0999984741211
5850,191725568.0,0.0033238097093999386,2.650747776031494,0.6499999761581421,0.8499999642372131,0.1265418529510498,81.0999984741211
5851,191758336.0,0.0018446159083396196,2.833392381668091,0.4899999797344208,0.6499999761581421,0.13260948657989502,81.0999984741211
5852,191791104.0,0.00192837615031749,2.958167791366577,0.8199999928474426,0.4899999797344208,0.12660253047943115,76.29999542236328
5853,191823872.0,0.0008883338305167854,2.7119247913360596,0.4899999797344208,0.8199999928474426,0.1342564821243286,71.0999984741211
5854,191856640.0,0.0008792468579486012,2.6533334255218506,0.8100000023841858,0.4899999797344208,0.1321408748626709,71.0999984741211
5855,191889408.0,0.0026587422471493483,2.565070867538452,0.9699999690055847,0.8100000023841858,0.12952332198619843,71.0999984741211
5856,191922176.0,0.0013751217629760504,3.110117197036743,1.159999966621399,0.9699999690055847,0.1285707950592041,89.29999542236328
5857,191954944.0,0.0011870514135807753,2.9756977558135986,1.0399999618530273,1.159999966621399,0.14526113867759705,91.29999542236328
5858,191987712.0,0.00115427456330508,2.7388393878936768,1.0,1.0399999618530273,0.12870678305625916,82.4000015258789
5859,192020480.0,0.001730333548039198,3.3541035652160645,1.0199999809265137,1.0,0.13148844242095947,82.4000015258789
5860,192053248.0,0.001330097089521587,2.7679378986358643,0.9899999499320984,1.0199999809265137,0.11944141983985901,82.4000015258789
5861,192086016.0,0.0007566201384179294,2.953594207763672,1.0499999523162842,0.9899999499320984,0.1527528464794159,80.0999984741211
5862,192118784.0,0.0010675776284188032,2.532987117767334,1.0,1.0499999523162842,0.13609397411346436,81.9000015258789
5863,192151552.0,0.0011123602744191885,2.789238452911377,0.5899999737739563,1.0,0.13349302113056183,87.5
5864,192184320.0,0.0014069124590605497,2.483132839202881,0.9899999499320984,0.5899999737739563,0.126463383436203,82.4000015258789
5865,192217088.0,0.0010146505665034056,2.6561295986175537,0.5600000023841858,0.9899999499320984,0.13175389170646667,77.0999984741211
5866,192249856.0,0.001518460107035935,2.471148729324341,0.6599999666213989,0.5600000023841858,0.15039074420928955,74.9000015258789
5867,192282624.0,0.001468901289626956,3.1450388431549072,0.6599999666213989,0.6599999666213989,0.11737789213657379,70.9000015258789
5868,192315392.0,0.0011768578551709652,2.9399993419647217,0.6299999952316284,0.6599999666213989,0.1265421211719513,67.9000015258789
5869,192348160.0,0.002103338483721018,2.5768842697143555,0.5799999833106995,0.6299999952316284,0.13639861345291138,76.9000015258789
5870,192380928.0,0.0020527811720967293,3.180943012237549,0.5799999833106995,0.5799999833106995,0.15647627413272858,74.9000015258789
5871,192413696.0,0.0011041432153433561,3.027677297592163,0.25,0.5799999833106995,0.14812833070755005,78.19999694824219
5872,192446464.0,0.0021634281147271395,2.752289056777954,0.32999998331069946,0.25,0.14472010731697083,75.9000015258789
5873,192479232.0,0.0013629371533170342,2.8283729553222656,0.3400000035762787,0.32999998331069946,0.12673570215702057,71.9000015258789
5874,192512000.0,0.0013652133056893945,2.666255235671997,0.28999999165534973,0.3400000035762787,0.12037581950426102,67.0999984741211
5875,192544768.0,0.0012756846845149994,2.3649911880493164,0.3100000023841858,0.28999999165534973,0.15158259868621826,78.19999694824219
5876,192577536.0,0.0013853891286998987,3.0907764434814453,0.3199999928474426,0.3100000023841858,0.12496190518140793,80.4000015258789
5877,192610304.0,0.0009859863203018904,3.023422956466675,0.429999977350235,0.3199999928474426,0.11637739837169647,80.9000015258789
5878,192643072.0,0.0011163842864334583,2.541527032852173,0.7400000095367432,0.429999977350235,0.14085647463798523,71.9000015258789
5879,192675840.0,0.0013030593981966376,2.4644079208374023,0.7199999690055847,0.7400000095367432,0.1377616822719574,71.9000015258789
5880,192708608.0,0.002402429934591055,2.7889163494110107,1.3199999332427979,0.7199999690055847,0.13312028348445892,76.4000015258789
5881,192741376.0,0.0015435224631801248,2.493349552154541,1.2799999713897705,1.3199999332427979,0.1371404379606247,79.4000015258789
5882,192774144.0,0.002021851483732462,2.64546799659729,1.3399999141693115,1.2799999713897705,0.15640407800674438,79.4000015258789
5883,192806912.0,0.0011168806813657284,2.7605109214782715,1.3799999952316284,1.3399999141693115,0.15009847283363342,89.19999694824219
5884,192839680.0,0.0011658952571451664,3.030486583709717,1.399999976158142,1.3799999952316284,0.13429990410804749,84.79999542236328
5885,192872448.0,0.0018901634030044079,3.128185749053955,1.3799999952316284,1.399999976158142,0.13584837317466736,90.5
5886,192905216.0,0.0014647155767306685,3.071213960647583,1.399999976158142,1.3799999952316284,0.13803082704544067,84.4000015258789
5887,192937984.0,0.0018571813125163317,3.360069513320923,1.3899999856948853,1.399999976158142,0.14401668310165405,91.9000015258789
5888,192970752.0,0.001781788538210094,2.757110834121704,1.409999966621399,1.3899999856948853,0.14480799436569214,90.9000015258789
5889,193003520.0,0.0019625681452453136,3.3694241046905518,1.4299999475479126,1.409999966621399,0.1612643599510193,89.4000015258789
5890,193036288.0,0.0010050700511783361,2.6610233783721924,1.46999990940094,1.4299999475479126,0.13583114743232727,97.0
5891,193069056.0,0.001624787924811244,2.7162723541259766,1.4900000095367432,1.46999990940094,0.1564701795578003,94.69999694824219
5892,193101824.0,0.0019617381040006876,2.9144465923309326,1.46999990940094,1.4900000095367432,0.13513052463531494,90.5999984741211
5893,193134592.0,0.0014025212731212378,2.5614819526672363,1.459999918937683,1.46999990940094,0.15718260407447815,93.29999542236328
5894,193167360.0,0.00149909732863307,3.0295488834381104,1.3600000143051147,1.459999918937683,0.1530306488275528,92.79999542236328
5895,193200128.0,0.001474964083172381,2.7418861389160156,1.4299999475479126,1.3600000143051147,0.1401490569114685,91.69999694824219
5896,193232896.0,0.001591114909388125,2.8949215412139893,1.2899999618530273,1.4299999475479126,0.1365935504436493,93.5999984741211
5897,193265664.0,0.001218708697706461,2.421257972717285,1.2599999904632568,1.2899999618530273,0.13750693202018738,97.29999542236328
5898,193298432.0,0.0021007810719311237,2.919283628463745,1.2400000095367432,1.2599999904632568,0.1439855396747589,94.0999984741211
5899,193331200.0,0.0019521450158208609,2.6192245483398438,1.5,1.2400000095367432,0.1434774398803711,91.79999542236328
5900,193363968.0,0.0013647289015352726,2.6254050731658936,1.059999942779541,1.5,0.12229938805103302,72.5999984741211
5901,193396736.0,0.0013636971125379205,3.078563690185547,1.059999942779541,1.059999942779541,0.13436707854270935,75.29999542236328
5902,193429504.0,0.0011099007679149508,2.3543050289154053,0.9399999976158142,1.059999942779541,0.13833442330360413,98.5999984741211
5903,193462272.0,0.0022563771344721317,2.983916997909546,0.8999999761581421,0.9399999976158142,0.13179734349250793,93.0999984741211
5904,193495040.0,0.0021083392202854156,2.3999900817871094,0.9300000071525574,0.8999999761581421,0.14838144183158875,93.5999984741211
5905,193527808.0,0.0020194880198687315,2.551621675491333,0.9699999690055847,0.9300000071525574,0.1468861997127533,93.29999542236328
5906,193560576.0,0.0019291482167318463,2.856449842453003,0.9599999785423279,0.9699999690055847,0.15291047096252441,89.29999542236328
5907,193593344.0,0.0013593067415058613,2.5872175693511963,0.8199999928474426,0.9599999785423279,0.1495850384235382,89.29999542236328
5908,193626112.0,0.0014194513205438852,2.7712318897247314,1.0499999523162842,0.8199999928474426,0.12472168356180191,86.79999542236328
5909,193658880.0,0.000744442455470562,2.3955607414245605,0.949999988079071,1.0499999523162842,0.11427857726812363,88.9000015258789
5910,193691648.0,0.0015443258453160524,2.7803709506988525,0.6299999952316284,0.949999988079071,0.12849974632263184,89.4000015258789
5911,193724416.0,0.0031351717188954353,2.8865966796875,0.6499999761581421,0.6299999952316284,0.1428854763507843,91.79999542236328
5912,193757184.0,0.0014032977633178234,2.949892282485962,0.6299999952316284,0.6499999761581421,0.12549179792404175,96.79999542236328
5913,193789952.0,0.0012853952357545495,2.416093349456787,0.4899999797344208,0.6299999952316284,0.1301206350326538,78.0
5914,193822720.0,0.002148108556866646,3.194399356842041,0.9300000071525574,0.4899999797344208,0.13541436195373535,85.79999542236328
5915,193855488.0,0.0010435336735099554,2.5009169578552246,0.5999999642372131,0.9300000071525574,0.12554600834846497,84.5999984741211
5916,193888256.0,0.0015909196808934212,2.6161305904388428,0.949999988079071,0.5999999642372131,0.13895297050476074,92.29999542236328
5917,193921024.0,0.0024800198152661324,2.5185635089874268,1.0399999618530273,0.949999988079071,0.14113450050354004,99.79999542236328
5918,193953792.0,0.0015613946598023176,2.7262163162231445,1.0399999618530273,1.0399999618530273,0.12378717213869095,100.19999694824219
5919,193986560.0,0.0020312191918492317,2.477822780609131,1.0099999904632568,1.0399999618530273,0.1410311758518219,89.0
5920,194019328.0,0.0006000444991514087,2.690929889678955,0.7199999690055847,1.0099999904632568,0.0991024523973465,89.0
5921,194052096.0,0.0014674965059384704,2.968496322631836,0.6499999761581421,0.7199999690055847,0.13418948650360107,89.9000015258789
5922,194084864.0,0.0012746683787554502,2.9637155532836914,0.9300000071525574,0.6499999761581421,0.13713431358337402,78.29999542236328
5923,194117632.0,0.0038664089515805244,2.9013259410858154,0.6599999666213989,0.9300000071525574,0.1254318505525589,74.5999984741211
5924,194150400.0,0.002442672848701477,3.136103391647339,0.9599999785423279,0.6599999666213989,0.13097915053367615,77.9000015258789
5925,194183168.0,0.0013472710270434618,2.7359511852264404,0.8199999928474426,0.9599999785423279,0.12786532938480377,79.5
5926,194215936.0,0.0019682133570313454,2.7824485301971436,1.2599999904632568,0.8199999928474426,0.13425292074680328,79.5999984741211
5927,194248704.0,0.0011174881365150213,2.563873052597046,1.2599999904632568,1.2599999904632568,0.1218373030424118,81.5999984741211
5928,194281472.0,0.0014780815690755844,3.262876510620117,1.5299999713897705,1.2599999904632568,0.14910811185836792,81.19999694824219
5929,194314240.0,0.0013157426146790385,2.136617660522461,0.9199999570846558,1.5299999713897705,0.137681782245636,78.19999694824219
5930,194347008.0,0.0005660984897986054,2.9108974933624268,0.9599999785423279,0.9199999570846558,0.1129574328660965,77.9000015258789
5931,194379776.0,0.0013969175051897764,2.627207040786743,0.949999988079071,0.9599999785423279,0.12597164511680603,75.0999984741211
5932,194412544.0,0.0014605725882574916,2.8426995277404785,0.3799999952316284,0.949999988079071,0.11922295391559601,80.29999542236328
5933,194445312.0,0.0015085999621078372,3.0342352390289307,0.9899999499320984,0.3799999952316284,0.1155988797545433,77.4000015258789
5934,194478080.0,0.001902337302453816,2.9223086833953857,1.0299999713897705,0.9899999499320984,0.14132586121559143,75.29999542236328
5935,194510848.0,0.001811065711081028,2.8527965545654297,0.8100000023841858,1.0299999713897705,0.13246652483940125,75.0999984741211
5936,194543616.0,0.001370523008517921,2.9909512996673584,0.9799999594688416,0.8100000023841858,0.14784963428974152,72.5
5937,194576384.0,0.0012651975266635418,2.772789716720581,0.6800000071525574,0.9799999594688416,0.11678573489189148,65.0
5938,194609152.0,0.0016195941716432571,3.09810733795166,1.459999918937683,0.6800000071525574,0.14374715089797974,66.4000015258789
5939,194641920.0,0.0013573376927524805,2.430988311767578,1.5199999809265137,1.459999918937683,0.1252361685037613,82.19999694824219
5940,194674688.0,0.0014761073980480433,2.5805461406707764,1.5299999713897705,1.5199999809265137,0.14238221943378448,79.0
5941,194707456.0,0.002784815151244402,2.5450236797332764,1.5399999618530273,1.5299999713897705,0.12102492153644562,79.0
5942,194740224.0,0.00087578478269279,2.869615077972412,1.5399999618530273,1.5399999618530273,0.12444955855607986,78.5
5943,194772992.0,0.0012779696844518185,2.7563157081604004,1.5499999523162842,1.5399999618530273,0.14140993356704712,78.0999984741211
5944,194805760.0,0.0022305198945105076,2.9716880321502686,1.2200000286102295,1.5499999523162842,0.14746935665607452,80.0
5945,194838528.0,0.0010520232608541846,2.6124355792999268,1.2200000286102295,1.2200000286102295,0.12162931263446808,79.4000015258789
5946,194871296.0,0.0016972501762211323,2.839200019836426,1.209999918937683,1.2200000286102295,0.12806370854377747,81.69999694824219
5947,194904064.0,0.00174876325763762,2.5305821895599365,1.1999999284744263,1.209999918937683,0.1287946105003357,79.69999694824219
5948,194936832.0,0.001492336392402649,3.142292022705078,1.1899999380111694,1.1999999284744263,0.13751909136772156,79.5
5949,194969600.0,0.0017620454309508204,2.400036334991455,1.1799999475479126,1.1899999380111694,0.13267646729946136,79.69999694824219
5950,195002368.0,0.0014414957258850336,2.992426633834839,1.1999999284744263,1.1799999475479126,0.14123699069023132,79.5
5951,195035136.0,0.001249878783710301,3.1708855628967285,1.1999999284744263,1.1999999284744263,0.1192171573638916,77.4000015258789
5952,195067904.0,0.001943489070981741,2.7221734523773193,1.209999918937683,1.1999999284744263,0.1503039002418518,77.29999542236328
5953,195100672.0,0.001153987250290811,3.019782066345215,1.149999976158142,1.209999918937683,0.12088003754615784,78.0999984741211
5954,195133440.0,0.0013935209717601538,3.0071020126342773,0.8499999642372131,1.149999976158142,0.12745115160942078,63.69999694824219
5955,195166208.0,0.002627555513754487,2.793992519378662,1.2300000190734863,0.8499999642372131,0.1408570110797882,58.19999694824219
5956,195198976.0,0.0011069932952523232,2.7470669746398926,1.2300000190734863,1.2300000190734863,0.10181549191474915,78.19999694824219
5957,195231744.0,0.0013583240797743201,2.8506054878234863,0.8799999952316284,1.2300000190734863,0.1440352350473404,78.0
5958,195264512.0,0.0011156853288412094,2.7719836235046387,1.0699999332427979,0.8799999952316284,0.11066344380378723,70.5
5959,195297280.0,0.0011098580434918404,3.0545058250427246,1.3799999952316284,1.0699999332427979,0.1158493310213089,72.5999984741211
5960,195330048.0,0.0015699074137955904,2.2702972888946533,0.85999995470047,1.3799999952316284,0.13170026242733002,76.4000015258789
5961,195362816.0,0.0010514036985114217,3.354938268661499,0.85999995470047,0.85999995470047,0.11915319412946701,72.4000015258789
5962,195395584.0,0.0019357048440724611,2.990677833557129,0.7400000095367432,0.85999995470047,0.11938156187534332,63.79999923706055
5963,195428352.0,0.000828548101708293,3.2016241550445557,0.7299999594688416,0.7400000095367432,0.11361007392406464,69.5
5964,195461120.0,0.0017957936506718397,3.0229673385620117,1.3700000047683716,0.7299999594688416,0.14185720682144165,69.5
5965,195493888.0,0.0014727169182151556,2.871141195297241,0.8499999642372131,1.3700000047683716,0.1298210769891739,76.4000015258789
5966,195526656.0,0.0016457324381917715,2.511895179748535,0.7999999523162842,0.8499999642372131,0.1459936797618866,56.39999771118164
5967,195559424.0,0.001975217368453741,2.907114267349243,1.159999966621399,0.7999999523162842,0.14165842533111572,56.39999771118164
5968,195592192.0,0.0011271480470895767,2.949100971221924,0.8199999928474426,1.159999966621399,0.12641772627830505,60.0
5969,195624960.0,0.0012865052558481693,2.6832103729248047,0.8299999833106995,0.8199999928474426,0.11550135910511017,54.5
5970,195657728.0,0.0015765952412039042,2.9916412830352783,0.7299999594688416,0.8299999833106995,0.13879342377185822,54.5
5971,195690496.0,0.0015875983517616987,2.857464075088501,1.059999942779541,0.7299999594688416,0.12310993671417236,60.0
5972,195723264.0,0.0012370293261483312,2.861583948135376,1.0199999809265137,1.059999942779541,0.12533989548683167,59.0
5973,195756032.0,0.0011900450335815549,3.1142489910125732,0.5899999737739563,1.0199999809265137,0.11127293854951859,57.5
5974,195788800.0,0.0015379415126517415,3.1929590702056885,0.6100000143051147,0.5899999737739563,0.13889507949352264,58.69999694824219
5975,195821568.0,0.0017662906320765615,2.69004487991333,0.4099999964237213,0.6100000143051147,0.14253392815589905,74.69999694824219
5976,195854336.0,0.001370132202282548,2.932939291000366,0.41999998688697815,0.4099999964237213,0.13323932886123657,74.69999694824219
5977,195887104.0,0.0014254525303840637,3.0036489963531494,0.7599999904632568,0.41999998688697815,0.1489088535308838,74.69999694824219
5978,195919872.0,0.0010977868223562837,2.9777300357818604,0.7400000095367432,0.7599999904632568,0.1365249752998352,90.0
5979,195952640.0,0.001324397511780262,2.563143014907837,1.059999942779541,0.7400000095367432,0.11370377242565155,75.69999694824219
5980,195985408.0,0.001814932795241475,2.6649153232574463,1.0799999237060547,1.059999942779541,0.13777415454387665,75.0
5981,196018176.0,0.0013528154231607914,2.8034534454345703,1.0799999237060547,1.0799999237060547,0.14102043211460114,74.79999542236328
5982,196050944.0,0.0012670167488977313,2.8046324253082275,1.3600000143051147,1.0799999237060547,0.1376095861196518,74.79999542236328
5983,196083712.0,0.0019511282444000244,2.635641098022461,1.3299999237060547,1.3600000143051147,0.14029327034950256,73.19999694824219
5984,196116480.0,0.0017931289039552212,3.00528883934021,1.3399999141693115,1.3299999237060547,0.13094154000282288,71.5999984741211
5985,196149248.0,0.0014249999076128006,2.812384605407715,1.309999942779541,1.3399999141693115,0.12076625227928162,73.19999694824219
5986,196182016.0,0.0018925332697108388,2.51017165184021,1.1100000143051147,1.309999942779541,0.13434982299804688,57.19999694824219
5987,196214784.0,0.0014123511500656605,2.9273531436920166,1.149999976158142,1.1100000143051147,0.1418062448501587,77.5999984741211
5988,196247552.0,0.001643669093027711,2.7427680492401123,0.8199999928474426,1.149999976158142,0.1483953297138214,72.19999694824219
5989,196280320.0,0.0009984133066609502,2.998908758163452,1.3299999237060547,0.8199999928474426,0.1377600133419037,77.9000015258789
5990,196313088.0,0.0013665668666362762,2.8955636024475098,1.1299999952316284,1.3299999237060547,0.12598159909248352,74.69999694824219
5991,196345856.0,0.0014969180338084698,2.7214462757110596,1.6699999570846558,1.1299999952316284,0.12963542342185974,76.19999694824219
5992,196378624.0,0.0018240163335576653,3.102743625640869,1.46999990940094,1.6699999570846558,0.13223811984062195,76.19999694824219
5993,196411392.0,0.0019662929698824883,2.7082133293151855,1.459999918937683,1.46999990940094,0.14416317641735077,76.69999694824219
5994,196444160.0,0.0014218466822057962,2.492480993270874,1.4399999380111694,1.459999918937683,0.11726625263690948,76.69999694824219
5995,196476928.0,0.0016216160729527473,2.632134199142456,1.4499999284744263,1.4399999380111694,0.1321846842765808,76.69999694824219
5996,196509696.0,0.002106414409354329,2.842282295227051,1.4499999284744263,1.4499999284744263,0.1394236534833908,74.0999984741211
5997,196542464.0,0.0013577269855886698,2.8584587574005127,1.6899999380111694,1.4499999284744263,0.16163542866706848,74.0999984741211
5998,196575232.0,0.0016386411152780056,2.958146333694458,1.5099999904632568,1.6899999380111694,0.13776162266731262,74.0999984741211
5999,196608000.0,0.0009103081538341939,3.1195478439331055,1.2999999523162842,1.5099999904632568,0.11154504865407944,77.9000015258789
6000,196640768.0,0.0021479115821421146,2.8382174968719482,1.409999966621399,1.2999999523162842,0.11691910773515701,68.5
6001,196673536.0,0.0015061558224260807,2.494654893875122,1.3799999952316284,1.409999966621399,0.13638490438461304,74.79999542236328
6002,196706304.0,0.0020999377593398094,2.9562249183654785,1.3899999856948853,1.3799999952316284,0.13181523978710175,76.69999694824219
6003,196739072.0,0.002050194423645735,2.3751771450042725,1.409999966621399,1.3899999856948853,0.15127472579479218,74.5
6004,196771840.0,0.00146258226595819,2.914123773574829,1.2899999618530273,1.409999966621399,0.14217141270637512,74.5
6005,196804608.0,0.001140914624556899,3.003274917602539,1.209999918937683,1.2899999618530273,0.11439374089241028,73.5
6006,196837376.0,0.0009798448299989104,2.6903345584869385,1.1899999380111694,1.209999918937683,0.1183818057179451,73.79999542236328
6007,196870144.0,0.0018973883707076311,2.9248087406158447,1.209999918937683,1.1899999380111694,0.11484914273023605,69.19999694824219
6008,196902912.0,0.002086526481434703,2.9430551528930664,1.209999918937683,1.209999918937683,0.13829576969146729,69.0
6009,196935680.0,0.0018668508855625987,2.9091684818267822,1.25,1.209999918937683,0.1438601315021515,69.19999694824219
6010,196968448.0,0.002186984522268176,2.804034948348999,1.1999999284744263,1.25,0.13856618106365204,69.4000015258789
6011,197001216.0,0.000988281681202352,2.8075201511383057,1.209999918937683,1.1999999284744263,0.12729793787002563,66.0
6012,197033984.0,0.0014243300538510084,2.791011095046997,1.1799999475479126,1.209999918937683,0.12672008574008942,64.79999542236328
6013,197066752.0,0.0017251491080969572,2.5745670795440674,1.1699999570846558,1.1799999475479126,0.13083629310131073,64.5
6014,197099520.0,0.0015039623249322176,2.898115634918213,1.1699999570846558,1.1699999570846558,0.1376590132713318,67.5999984741211
6015,197132288.0,0.0011466385331004858,2.87778639793396,1.1899999380111694,1.1699999570846558,0.12192680686712265,67.5999984741211
6016,197165056.0,0.0024108868092298508,2.9085311889648438,1.1899999380111694,1.1899999380111694,0.14208069443702698,65.9000015258789
6017,197197824.0,0.001163384411484003,2.8410141468048096,1.1799999475479126,1.1899999380111694,0.11106996983289719,66.5999984741211
6018,197230592.0,0.001035752473399043,2.5248069763183594,1.1399999856948853,1.1799999475479126,0.13600555062294006,70.9000015258789
6019,197263360.0,0.0015131800901144743,2.8192155361175537,1.159999966621399,1.1399999856948853,0.14818507432937622,65.69999694824219
6020,197296128.0,0.0011112531647086143,2.256927967071533,1.159999966621399,1.159999966621399,0.13487419486045837,69.79999542236328
6021,197328896.0,0.0010896469466388226,3.0341076850891113,1.1999999284744263,1.159999966621399,0.1484951674938202,69.0
6022,197361664.0,0.001396617153659463,2.434943437576294,1.2300000190734863,1.1999999284744263,0.135064497590065,61.5
6023,197394432.0,0.004419827833771706,2.3014118671417236,1.1999999284744263,1.2300000190734863,0.14478281140327454,74.0999984741211
6024,197427200.0,0.0013364145997911692,2.770765781402588,1.2400000095367432,1.1999999284744263,0.13791275024414062,73.9000015258789
6025,197459968.0,0.0021904248278588057,2.5818703174591064,1.350000023841858,1.2400000095367432,0.1232621967792511,72.79999542236328
6026,197492736.0,0.0011120918206870556,2.75950026512146,1.3600000143051147,1.350000023841858,0.13810288906097412,72.9000015258789
6027,197525504.0,0.0010928930714726448,2.7752764225006104,1.3600000143051147,1.3600000143051147,0.13351884484291077,72.69999694824219
6028,197558272.0,0.0009728799923323095,2.9650192260742188,1.350000023841858,1.3600000143051147,0.12904810905456543,73.79999542236328
6029,197591040.0,0.0010923712980002165,2.943917989730835,1.3700000047683716,1.350000023841858,0.1304190456867218,80.4000015258789
6030,197623808.0,0.00182242295704782,3.1019880771636963,1.3700000047683716,1.3700000047683716,0.16702085733413696,83.69999694824219
6031,197656576.0,0.00180181791074574,2.88403058052063,1.3600000143051147,1.3700000047683716,0.1477157175540924,83.5
6032,197689344.0,0.0018190182745456696,2.7075047492980957,1.350000023841858,1.3600000143051147,0.13376161456108093,83.5
6033,197722112.0,0.0012795760994777083,3.2895236015319824,1.350000023841858,1.350000023841858,0.14028774201869965,81.5
6034,197754880.0,0.001183181069791317,3.179123878479004,1.3399999141693115,1.350000023841858,0.12745916843414307,91.0
6035,197787648.0,0.0009458329877816141,2.6666245460510254,1.25,1.3399999141693115,0.12762507796287537,84.79999542236328
6036,197820416.0,0.001433099154382944,2.830986261367798,1.2200000286102295,1.25,0.1387646496295929,84.9000015258789
6037,197853184.0,0.0024108681827783585,2.9269521236419678,1.2300000190734863,1.2200000286102295,0.1434897780418396,85.29999542236328
6038,197885952.0,0.0011605266481637955,2.459747552871704,0.8299999833106995,1.2300000190734863,0.13168907165527344,88.0999984741211
6039,197918720.0,0.0018877015681937337,2.816671371459961,1.1999999284744263,0.8299999833106995,0.14902439713478088,82.5999984741211
6040,197951488.0,0.0009364952566102147,2.6396639347076416,1.46999990940094,1.1999999284744263,0.1285744160413742,90.19999694824219
6041,197984256.0,0.0016602547839283943,2.748300790786743,1.2200000286102295,1.46999990940094,0.1311093270778656,85.0999984741211
6042,198017024.0,0.0013726514298468828,2.8825795650482178,1.159999966621399,1.2200000286102295,0.12247392535209656,90.19999694824219
6043,198049792.0,0.0018175479490309954,2.709345579147339,1.2200000286102295,1.159999966621399,0.14053864777088165,91.5999984741211
6044,198082560.0,0.0014416214544326067,2.7041475772857666,0.9199999570846558,1.2200000286102295,0.13299506902694702,91.5999984741211
6045,198115328.0,0.0019411437679082155,2.7185492515563965,1.2599999904632568,0.9199999570846558,0.1268959939479828,96.69999694824219
6046,198148096.0,0.0019655139185488224,2.6340222358703613,1.2599999904632568,1.2599999904632568,0.1201135665178299,93.5999984741211
6047,198180864.0,0.00207625818438828,2.4737205505371094,1.149999976158142,1.2599999904632568,0.13171866536140442,93.0999984741211
6048,198213632.0,0.0011755488812923431,2.8804898262023926,1.559999942779541,1.149999976158142,0.132988840341568,90.79999542236328
6049,198246400.0,0.0014607959892600775,3.32828950881958,0.8499999642372131,1.559999942779541,0.11219999194145203,85.79999542236328
6050,198279168.0,0.001319441245868802,2.840820789337158,0.8499999642372131,0.8499999642372131,0.12830471992492676,91.29999542236328
6051,198311936.0,0.0010501225478947163,2.970867395401001,0.7999999523162842,0.8499999642372131,0.1325879693031311,94.4000015258789
6052,198344704.0,0.001287013990804553,2.5370092391967773,1.1799999475479126,0.7999999523162842,0.12785829603672028,72.29999542236328
6053,198377472.0,0.0019041293999180198,3.2094666957855225,1.1899999380111694,1.1799999475479126,0.1114286482334137,80.5999984741211
6054,198410240.0,0.0009642473887652159,2.4674336910247803,1.1999999284744263,1.1899999380111694,0.13254287838935852,85.29999542236328
6055,198443008.0,0.0012218642514199018,3.1637134552001953,1.3399999141693115,1.1999999284744263,0.13594971597194672,85.29999542236328
6056,198475776.0,0.0012503680773079395,2.958308458328247,1.1699999570846558,1.3399999141693115,0.12496042251586914,77.0
6057,198508544.0,0.0020568727049976587,2.6666314601898193,1.4399999380111694,1.1699999570846558,0.14531657099723816,80.0
6058,198541312.0,0.0017956927185878158,3.062896966934204,1.4299999475479126,1.4399999380111694,0.12676960229873657,73.0
6059,198574080.0,0.0017920146929100156,3.087282419204712,1.2200000286102295,1.4299999475479126,0.13348335027694702,78.19999694824219
6060,198606848.0,0.0012222066288813949,2.7503983974456787,0.5999999642372131,1.2200000286102295,0.12037701159715652,70.5999984741211
6061,198639616.0,0.0013925712555646896,3.1307806968688965,0.9300000071525574,0.5999999642372131,0.10253459215164185,69.0999984741211
6062,198672384.0,0.001527639338746667,2.7402591705322266,0.8399999737739563,0.9300000071525574,0.12246032804250717,70.9000015258789
6063,198705152.0,0.0015089523512870073,3.0454933643341064,0.5299999713897705,0.8399999737739563,0.13044849038124084,63.89999771118164
6064,198737920.0,0.0016027240781113505,3.042482376098633,0.8399999737739563,0.5299999713897705,0.12574510276317596,58.39999771118164
6065,198770688.0,0.0017816803883761168,2.688491106033325,1.1399999856948853,0.8399999737739563,0.13935616612434387,62.39999771118164
6066,198803456.0,0.0018174216384068131,3.069470167160034,1.6699999570846558,1.1399999856948853,0.1292949616909027,62.69999694824219
6067,198836224.0,0.0009938387665897608,2.9207522869110107,1.659999966621399,1.6699999570846558,0.12837326526641846,69.9000015258789
6068,198868992.0,0.001339595764875412,2.671050786972046,1.0299999713897705,1.659999966621399,0.11588172614574432,69.9000015258789
6069,198901760.0,0.0018099088920280337,2.9078752994537354,0.7999999523162842,1.0299999713897705,0.13214868307113647,67.5999984741211
6070,198934528.0,0.0011850076261907816,3.040783405303955,0.12999999523162842,0.7999999523162842,0.10581225156784058,69.4000015258789
6071,198967296.0,0.0011909565655514598,3.2231194972991943,0.1599999964237213,0.12999999523162842,0.10347553342580795,65.5999984741211
6072,199000064.0,0.001082252711057663,2.94722843170166,0.17000000178813934,0.1599999964237213,0.12947320938110352,64.5
6073,199032832.0,0.0014922257978469133,3.202456474304199,0.7999999523162842,0.17000000178813934,0.12080756574869156,63.19999694824219
6074,199065600.0,0.001477584708482027,2.8442800045013428,1.0299999713897705,0.7999999523162842,0.1365814208984375,60.099998474121094
6075,199098368.0,0.0013280690182000399,2.649761199951172,1.3600000143051147,1.0299999713897705,0.13319535553455353,74.0999984741211
6076,199131136.0,0.0016263120342046022,2.687075138092041,1.159999966621399,1.3600000143051147,0.11824557185173035,79.29999542236328
6077,199163904.0,0.0014414675533771515,3.313157081604004,1.1399999856948853,1.159999966621399,0.12902775406837463,79.29999542236328
6078,199196672.0,0.0011849271832033992,2.4142205715179443,1.1699999570846558,1.1399999856948853,0.11581071466207504,78.29999542236328
6079,199229440.0,0.0013085496611893177,2.6998910903930664,1.1899999380111694,1.1699999570846558,0.12314339727163315,75.79999542236328
6080,199262208.0,0.0015484392642974854,2.6471495628356934,1.1899999380111694,1.1899999380111694,0.12260714918375015,82.19999694824219
6081,199294976.0,0.001615898683667183,2.950162172317505,1.1399999856948853,1.1899999380111694,0.1141127198934555,76.19999694824219
6082,199327744.0,0.0018909354694187641,2.770369291305542,1.0199999809265137,1.1399999856948853,0.12666012346744537,75.5999984741211
6083,199360512.0,0.0016307069454342127,2.9857356548309326,0.8100000023841858,1.0199999809265137,0.14440807700157166,57.5
6084,199393280.0,0.001463910099118948,2.5266973972320557,1.149999976158142,0.8100000023841858,0.11325496435165405,60.39999771118164
6085,199426048.0,0.0011027019936591387,2.7722373008728027,1.4800000190734863,1.149999976158142,0.1295994222164154,76.0
6086,199458816.0,0.0017072954215109348,2.694638729095459,1.1200000047683716,1.4800000190734863,0.1223195493221283,83.5999984741211
6087,199491584.0,0.002042013220489025,3.1676056385040283,0.7899999618530273,1.1200000047683716,0.12872301042079926,66.29999542236328
6088,199524352.0,0.001009394763968885,2.655111789703369,0.7999999523162842,0.7899999618530273,0.12661516666412354,62.29999923706055
6089,199557120.0,0.001530161825940013,3.189673900604248,0.8499999642372131,0.7999999523162842,0.13848739862442017,62.29999923706055
6090,199589888.0,0.001913984538987279,2.52042818069458,0.85999995470047,0.8499999642372131,0.13637185096740723,62.29999923706055
6091,199622656.0,0.0019265059381723404,2.6245341300964355,0.8399999737739563,0.85999995470047,0.13774225115776062,62.89999771118164
6092,199655424.0,0.0017765527591109276,2.474616765975952,0.85999995470047,0.8399999737739563,0.12034037709236145,62.69999694824219
6093,199688192.0,0.0009874245151877403,3.0139644145965576,0.75,0.85999995470047,0.11137905716896057,62.89999771118164
6094,199720960.0,0.001582821598276496,2.576658010482788,0.8299999833106995,0.75,0.12840986251831055,61.69999694824219
6095,199753728.0,0.0022929543629288673,2.4408857822418213,0.85999995470047,0.8299999833106995,0.14734849333763123,62.69999694824219
6096,199786496.0,0.0009216617327183485,2.8216612339019775,0.75,0.85999995470047,0.1424257457256317,62.69999694824219
6097,199819264.0,0.0017167216865345836,3.0050241947174072,0.6800000071525574,0.75,0.13876134157180786,62.69999694824219
6098,199852032.0,0.0016278114635497332,2.2711338996887207,0.9699999690055847,0.6800000071525574,0.14656928181648254,59.099998474121094
6099,199884800.0,0.0013808701187372208,2.8900692462921143,1.090000033378601,0.9699999690055847,0.12112915515899658,68.79999542236328
6100,199917568.0,0.0024945049080997705,2.6939516067504883,1.1899999380111694,1.090000033378601,0.136743426322937,68.5
6101,199950336.0,0.0011778982589021325,2.880377769470215,0.8999999761581421,1.1899999380111694,0.1268177628517151,63.19999694824219
6102,199983104.0,0.0013160170055925846,2.2511727809906006,1.209999918937683,0.8999999761581421,0.12500785291194916,68.5
